INSERT INTO T_INNTEKT (INNTEKT_ID,K_INNTEKT_T,PERSON_ID,K_KILDE_T,K_INNTEKT_STATUS,K_PI_MERKE_T,FIL_ID_FK,INNTEKT_AR,BELOP,VERSJON,DATO_OPPRETTET,OPPRETTET_AV,DATO_ENDRET,ENDRET_AV,KONV_FJERNING_KODE,PI_RAPPDATO,RAPPART,FIL_INFO_ID,RAPPORTERT_FNR,KOMMUNE_NR) VALUES ('585461828','SUM_PI','22347372','POPP','G',null,null,'1994','227243','1','2020-02-11 13:34:05','srvpensjon','2020-02-11 13:34:08','srvpensjon',null,null,null,null,null,null)
INSERT INTO T_INNTEKT (INNTEKT_ID,K_INNTEKT_T,PERSON_ID,K_KILDE_T,K_INNTEKT_STATUS,K_PI_MERKE_T,FIL_ID_FK,INNTEKT_AR,BELOP,VERSJON,DATO_OPPRETTET,OPPRETTET_AV,DATO_ENDRET,ENDRET_AV,KONV_FJERNING_KODE,PI_RAPPDATO,RAPPART,FIL_INFO_ID,RAPPORTERT_FNR,KOMMUNE_NR) VALUES ('585461833','INN_LON','22347372','PEN','G',null,null,'2000','290675','0','2020-02-11 13:34:19','TESTDATA','2020-02-11 13:34:19','srvpensjon',null,null,null,null,null,'1337')
INSERT INTO T_INNTEKT (INNTEKT_ID,K_INNTEKT_T,PERSON_ID,K_KILDE_T,K_INNTEKT_STATUS,K_PI_MERKE_T,FIL_ID_FK,INNTEKT_AR,BELOP,VERSJON,DATO_OPPRETTET,OPPRETTET_AV,DATO_ENDRET,ENDRET_AV,KONV_FJERNING_KODE,PI_RAPPDATO,RAPPART,FIL_INFO_ID,RAPPORTERT_FNR,KOMMUNE_NR) VALUES ('585461813','INN_LON','22347372','PEN','G',null,null,'1980','99940','0','2020-02-11 13:33:32','TESTDATA','2020-02-11 13:33:33','srvpensjon',null,null,null,null,null,'1337')
INSERT INTO T_INNTEKT (INNTEKT_ID,K_INNTEKT_T,PERSON_ID,K_KILDE_T,K_INNTEKT_STATUS,K_PI_MERKE_T,FIL_ID_FK,INNTEKT_AR,BELOP,VERSJON,DATO_OPPRETTET,OPPRETTET_AV,DATO_ENDRET,ENDRET_AV,KONV_FJERNING_KODE,PI_RAPPDATO,RAPPART,FIL_INFO_ID,RAPPORTERT_FNR,KOMMUNE_NR) VALUES ('585461820','SUM_PI','22347372','POPP','G',null,null,'1986','164832','1','2020-02-11 13:33:48','srvpensjon','2020-02-11 13:33:50','srvpensjon',null,null,null,null,null,null)
INSERT INTO T_INNTEKT (INNTEKT_ID,K_INNTEKT_T,PERSON_ID,K_KILDE_T,K_INNTEKT_STATUS,K_PI_MERKE_T,FIL_ID_FK,INNTEKT_AR,BELOP,VERSJON,DATO_OPPRETTET,OPPRETTET_AV,DATO_ENDRET,ENDRET_AV,KONV_FJERNING_KODE,PI_RAPPDATO,RAPPART,FIL_INFO_ID,RAPPORTERT_FNR,KOMMUNE_NR) VALUES ('585462010','SUM_PI','22347372','POPP','G',null,null,'1975','64892','1','2020-02-11 13:33:20','srvpensjon','2020-02-11 13:33:23','srvpensjon',null,null,null,null,null,null)
INSERT INTO T_INNTEKT (INNTEKT_ID,K_INNTEKT_T,PERSON_ID,K_KILDE_T,K_INNTEKT_STATUS,K_PI_MERKE_T,FIL_ID_FK,INNTEKT_AR,BELOP,VERSJON,DATO_OPPRETTET,OPPRETTET_AV,DATO_ENDRET,ENDRET_AV,KONV_FJERNING_KODE,PI_RAPPDATO,RAPPART,FIL_INFO_ID,RAPPORTERT_FNR,KOMMUNE_NR) VALUES ('585462013','INN_LON','22347372','PEN','G',null,null,'1979','91330','0','2020-02-11 13:33:30','TESTDATA','2020-02-11 13:33:30','srvpensjon',null,null,null,null,null,'1337')
INSERT INTO T_INNTEKT (INNTEKT_ID,K_INNTEKT_T,PERSON_ID,K_KILDE_T,K_INNTEKT_STATUS,K_PI_MERKE_T,FIL_ID_FK,INNTEKT_AR,BELOP,VERSJON,DATO_OPPRETTET,OPPRETTET_AV,DATO_ENDRET,ENDRET_AV,KONV_FJERNING_KODE,PI_RAPPDATO,RAPPART,FIL_INFO_ID,RAPPORTERT_FNR,KOMMUNE_NR) VALUES ('585462017','INN_LON','22347372','PEN','G',null,null,'1983','134189','0','2020-02-11 13:33:40','TESTDATA','2020-02-11 13:33:40','srvpensjon',null,null,null,null,null,'1337')
INSERT INTO T_INNTEKT (INNTEKT_ID,K_INNTEKT_T,PERSON_ID,K_KILDE_T,K_INNTEKT_STATUS,K_PI_MERKE_T,FIL_ID_FK,INNTEKT_AR,BELOP,VERSJON,DATO_OPPRETTET,OPPRETTET_AV,DATO_ENDRET,ENDRET_AV,KONV_FJERNING_KODE,PI_RAPPDATO,RAPPART,FIL_INFO_ID,RAPPORTERT_FNR,KOMMUNE_NR) VALUES ('585462026','SUM_PI','22347372','POPP','G',null,null,'1991','210497','1','2020-02-11 13:33:58','srvpensjon','2020-02-11 13:34:00','srvpensjon',null,null,null,null,null,null)
INSERT INTO T_INNTEKT (INNTEKT_ID,K_INNTEKT_T,PERSON_ID,K_KILDE_T,K_INNTEKT_STATUS,K_PI_MERKE_T,FIL_ID_FK,INNTEKT_AR,BELOP,VERSJON,DATO_OPPRETTET,OPPRETTET_AV,DATO_ENDRET,ENDRET_AV,KONV_FJERNING_KODE,PI_RAPPDATO,RAPPART,FIL_INFO_ID,RAPPORTERT_FNR,KOMMUNE_NR) VALUES ('585461830','SUM_PI','22347372','POPP','G',null,null,'1996','242805','1','2020-02-11 13:34:11','srvpensjon','2020-02-11 13:34:13','srvpensjon',null,null,null,null,null,null)
INSERT INTO T_INNTEKT (INNTEKT_ID,K_INNTEKT_T,PERSON_ID,K_KILDE_T,K_INNTEKT_STATUS,K_PI_MERKE_T,FIL_ID_FK,INNTEKT_AR,BELOP,VERSJON,DATO_OPPRETTET,OPPRETTET_AV,DATO_ENDRET,ENDRET_AV,KONV_FJERNING_KODE,PI_RAPPDATO,RAPPART,FIL_INFO_ID,RAPPORTERT_FNR,KOMMUNE_NR) VALUES ('585461816','SUM_PI','22347372','POPP','G',null,null,'1982','124178','1','2020-02-11 13:33:38','srvpensjon','2020-02-11 13:33:40','srvpensjon',null,null,null,null,null,null)
INSERT INTO T_INNTEKT (INNTEKT_ID,K_INNTEKT_T,PERSON_ID,K_KILDE_T,K_INNTEKT_STATUS,K_PI_MERKE_T,FIL_ID_FK,INNTEKT_AR,BELOP,VERSJON,DATO_OPPRETTET,OPPRETTET_AV,DATO_ENDRET,ENDRET_AV,KONV_FJERNING_KODE,PI_RAPPDATO,RAPPART,FIL_INFO_ID,RAPPORTERT_FNR,KOMMUNE_NR) VALUES ('585462023','INN_LON','22347372','PEN','G',null,null,'1989','193925','0','2020-02-11 13:33:54','TESTDATA','2020-02-11 13:33:54','srvpensjon',null,null,null,null,null,'1337')
INSERT INTO T_INNTEKT (INNTEKT_ID,K_INNTEKT_T,PERSON_ID,K_KILDE_T,K_INNTEKT_STATUS,K_PI_MERKE_T,FIL_ID_FK,INNTEKT_AR,BELOP,VERSJON,DATO_OPPRETTET,OPPRETTET_AV,DATO_ENDRET,ENDRET_AV,KONV_FJERNING_KODE,PI_RAPPDATO,RAPPART,FIL_INFO_ID,RAPPORTERT_FNR,KOMMUNE_NR) VALUES ('585461831','INN_LON','22347372','PEN','G',null,null,'1998','266857','0','2020-02-11 13:34:15','TESTDATA','2020-02-11 13:34:15','srvpensjon',null,null,null,null,null,'1337')
INSERT INTO T_INNTEKT (INNTEKT_ID,K_INNTEKT_T,PERSON_ID,K_KILDE_T,K_INNTEKT_STATUS,K_PI_MERKE_T,FIL_ID_FK,INNTEKT_AR,BELOP,VERSJON,DATO_OPPRETTET,OPPRETTET_AV,DATO_ENDRET,ENDRET_AV,KONV_FJERNING_KODE,PI_RAPPDATO,RAPPART,FIL_INFO_ID,RAPPORTERT_FNR,KOMMUNE_NR) VALUES ('585461834','SUM_PI','22347372','POPP','G',null,null,'2000','290675','1','2020-02-11 13:34:19','srvpensjon','2020-02-11 13:34:21','srvpensjon',null,null,null,null,null,null)
INSERT INTO T_INNTEKT (INNTEKT_ID,K_INNTEKT_T,PERSON_ID,K_KILDE_T,K_INNTEKT_STATUS,K_PI_MERKE_T,FIL_ID_FK,INNTEKT_AR,BELOP,VERSJON,DATO_OPPRETTET,OPPRETTET_AV,DATO_ENDRET,ENDRET_AV,KONV_FJERNING_KODE,PI_RAPPDATO,RAPPART,FIL_INFO_ID,RAPPORTERT_FNR,KOMMUNE_NR) VALUES ('585461814','SUM_PI','22347372','POPP','G',null,null,'1980','99940','1','2020-02-11 13:33:33','srvpensjon','2020-02-11 13:33:35','srvpensjon',null,null,null,null,null,null)
INSERT INTO T_INNTEKT (INNTEKT_ID,K_INNTEKT_T,PERSON_ID,K_KILDE_T,K_INNTEKT_STATUS,K_PI_MERKE_T,FIL_ID_FK,INNTEKT_AR,BELOP,VERSJON,DATO_OPPRETTET,OPPRETTET_AV,DATO_ENDRET,ENDRET_AV,KONV_FJERNING_KODE,PI_RAPPDATO,RAPPART,FIL_INFO_ID,RAPPORTERT_FNR,KOMMUNE_NR) VALUES ('585461821','INN_LON','22347372','PEN','G',null,null,'1988','185363','0','2020-02-11 13:33:52','TESTDATA','2020-02-11 13:33:52','srvpensjon',null,null,null,null,null,'1337')
INSERT INTO T_INNTEKT (INNTEKT_ID,K_INNTEKT_T,PERSON_ID,K_KILDE_T,K_INNTEKT_STATUS,K_PI_MERKE_T,FIL_ID_FK,INNTEKT_AR,BELOP,VERSJON,DATO_OPPRETTET,OPPRETTET_AV,DATO_ENDRET,ENDRET_AV,KONV_FJERNING_KODE,PI_RAPPDATO,RAPPART,FIL_INFO_ID,RAPPORTERT_FNR,KOMMUNE_NR) VALUES ('585461823','INN_LON','22347372','PEN','G',null,null,'1990','201736','0','2020-02-11 13:33:56','TESTDATA','2020-02-11 13:33:56','srvpensjon',null,null,null,null,null,'1337')
INSERT INTO T_INNTEKT (INNTEKT_ID,K_INNTEKT_T,PERSON_ID,K_KILDE_T,K_INNTEKT_STATUS,K_PI_MERKE_T,FIL_ID_FK,INNTEKT_AR,BELOP,VERSJON,DATO_OPPRETTET,OPPRETTET_AV,DATO_ENDRET,ENDRET_AV,KONV_FJERNING_KODE,PI_RAPPDATO,RAPPART,FIL_INFO_ID,RAPPORTERT_FNR,KOMMUNE_NR) VALUES ('585462009','INN_LON','22347372','PEN','G',null,null,'1975','64892','0','2020-02-11 13:33:20','TESTDATA','2020-02-11 13:33:20','srvpensjon',null,null,null,null,null,'1337')
INSERT INTO T_INNTEKT (INNTEKT_ID,K_INNTEKT_T,PERSON_ID,K_KILDE_T,K_INNTEKT_STATUS,K_PI_MERKE_T,FIL_ID_FK,INNTEKT_AR,BELOP,VERSJON,DATO_OPPRETTET,OPPRETTET_AV,DATO_ENDRET,ENDRET_AV,KONV_FJERNING_KODE,PI_RAPPDATO,RAPPART,FIL_INFO_ID,RAPPORTERT_FNR,KOMMUNE_NR) VALUES ('585462027','INN_LON','22347372','PEN','G',null,null,'1993','222514','0','2020-02-11 13:34:02','TESTDATA','2020-02-11 13:34:02','srvpensjon',null,null,null,null,null,'1337')
INSERT INTO T_INNTEKT (INNTEKT_ID,K_INNTEKT_T,PERSON_ID,K_KILDE_T,K_INNTEKT_STATUS,K_PI_MERKE_T,FIL_ID_FK,INNTEKT_AR,BELOP,VERSJON,DATO_OPPRETTET,OPPRETTET_AV,DATO_ENDRET,ENDRET_AV,KONV_FJERNING_KODE,PI_RAPPDATO,RAPPART,FIL_INFO_ID,RAPPORTERT_FNR,KOMMUNE_NR) VALUES ('585462029','INN_LON','22347372','PEN','G',null,null,'1995','233413','0','2020-02-11 13:34:08','TESTDATA','2020-02-11 13:34:08','srvpensjon',null,null,null,null,null,'1337')
INSERT INTO T_INNTEKT (INNTEKT_ID,K_INNTEKT_T,PERSON_ID,K_KILDE_T,K_INNTEKT_STATUS,K_PI_MERKE_T,FIL_ID_FK,INNTEKT_AR,BELOP,VERSJON,DATO_OPPRETTET,OPPRETTET_AV,DATO_ENDRET,ENDRET_AV,KONV_FJERNING_KODE,PI_RAPPDATO,RAPPART,FIL_INFO_ID,RAPPORTERT_FNR,KOMMUNE_NR) VALUES ('585461829','INN_LON','22347372','PEN','G',null,null,'1996','242805','0','2020-02-11 13:34:11','TESTDATA','2020-02-11 13:34:11','srvpensjon',null,null,null,null,null,'1337')
INSERT INTO T_INNTEKT (INNTEKT_ID,K_INNTEKT_T,PERSON_ID,K_KILDE_T,K_INNTEKT_STATUS,K_PI_MERKE_T,FIL_ID_FK,INNTEKT_AR,BELOP,VERSJON,DATO_OPPRETTET,OPPRETTET_AV,DATO_ENDRET,ENDRET_AV,KONV_FJERNING_KODE,PI_RAPPDATO,RAPPART,FIL_INFO_ID,RAPPORTERT_FNR,KOMMUNE_NR) VALUES ('585461818','SUM_PI','22347372','POPP','G',null,null,'1984','142204','1','2020-02-11 13:33:43','srvpensjon','2020-02-11 13:33:45','srvpensjon',null,null,null,null,null,null)
INSERT INTO T_INNTEKT (INNTEKT_ID,K_INNTEKT_T,PERSON_ID,K_KILDE_T,K_INNTEKT_STATUS,K_PI_MERKE_T,FIL_ID_FK,INNTEKT_AR,BELOP,VERSJON,DATO_OPPRETTET,OPPRETTET_AV,DATO_ENDRET,ENDRET_AV,KONV_FJERNING_KODE,PI_RAPPDATO,RAPPART,FIL_INFO_ID,RAPPORTERT_FNR,KOMMUNE_NR) VALUES ('585462011','INN_LON','22347372','PEN','G',null,null,'1977','80412','0','2020-02-11 13:33:26','TESTDATA','2020-02-11 13:33:26','srvpensjon',null,null,null,null,null,'1337')
INSERT INTO T_INNTEKT (INNTEKT_ID,K_INNTEKT_T,PERSON_ID,K_KILDE_T,K_INNTEKT_STATUS,K_PI_MERKE_T,FIL_ID_FK,INNTEKT_AR,BELOP,VERSJON,DATO_OPPRETTET,OPPRETTET_AV,DATO_ENDRET,ENDRET_AV,KONV_FJERNING_KODE,PI_RAPPDATO,RAPPART,FIL_INFO_ID,RAPPORTERT_FNR,KOMMUNE_NR) VALUES ('585462012','SUM_PI','22347372','POPP','G',null,null,'1977','80412','1','2020-02-11 13:33:26','srvpensjon','2020-02-11 13:33:28','srvpensjon',null,null,null,null,null,null)
INSERT INTO T_INNTEKT (INNTEKT_ID,K_INNTEKT_T,PERSON_ID,K_KILDE_T,K_INNTEKT_STATUS,K_PI_MERKE_T,FIL_ID_FK,INNTEKT_AR,BELOP,VERSJON,DATO_OPPRETTET,OPPRETTET_AV,DATO_ENDRET,ENDRET_AV,KONV_FJERNING_KODE,PI_RAPPDATO,RAPPART,FIL_INFO_ID,RAPPORTERT_FNR,KOMMUNE_NR) VALUES ('585461809','INN_LON','22347372','PEN','G',null,null,'1976','72102','0','2020-02-11 13:33:23','TESTDATA','2020-02-11 13:33:23','srvpensjon',null,null,null,null,null,'1337')
INSERT INTO T_INNTEKT (INNTEKT_ID,K_INNTEKT_T,PERSON_ID,K_KILDE_T,K_INNTEKT_STATUS,K_PI_MERKE_T,FIL_ID_FK,INNTEKT_AR,BELOP,VERSJON,DATO_OPPRETTET,OPPRETTET_AV,DATO_ENDRET,ENDRET_AV,KONV_FJERNING_KODE,PI_RAPPDATO,RAPPART,FIL_INFO_ID,RAPPORTERT_FNR,KOMMUNE_NR) VALUES ('585461811','INN_LON','22347372','PEN','G',null,null,'1978','87424','0','2020-02-11 13:33:28','TESTDATA','2020-02-11 13:33:28','srvpensjon',null,null,null,null,null,'1337')
INSERT INTO T_INNTEKT (INNTEKT_ID,K_INNTEKT_T,PERSON_ID,K_KILDE_T,K_INNTEKT_STATUS,K_PI_MERKE_T,FIL_ID_FK,INNTEKT_AR,BELOP,VERSJON,DATO_OPPRETTET,OPPRETTET_AV,DATO_ENDRET,ENDRET_AV,KONV_FJERNING_KODE,PI_RAPPDATO,RAPPART,FIL_INFO_ID,RAPPORTERT_FNR,KOMMUNE_NR) VALUES ('585461812','SUM_PI','22347372','POPP','G',null,null,'1978','87424','1','2020-02-11 13:33:28','srvpensjon','2020-02-11 13:33:30','srvpensjon',null,null,null,null,null,null)
INSERT INTO T_INNTEKT (INNTEKT_ID,K_INNTEKT_T,PERSON_ID,K_KILDE_T,K_INNTEKT_STATUS,K_PI_MERKE_T,FIL_ID_FK,INNTEKT_AR,BELOP,VERSJON,DATO_OPPRETTET,OPPRETTET_AV,DATO_ENDRET,ENDRET_AV,KONV_FJERNING_KODE,PI_RAPPDATO,RAPPART,FIL_INFO_ID,RAPPORTERT_FNR,KOMMUNE_NR) VALUES ('585461815','INN_LON','22347372','PEN','G',null,null,'1982','124178','0','2020-02-11 13:33:38','TESTDATA','2020-02-11 13:33:38','srvpensjon',null,null,null,null,null,'1337')
INSERT INTO T_INNTEKT (INNTEKT_ID,K_INNTEKT_T,PERSON_ID,K_KILDE_T,K_INNTEKT_STATUS,K_PI_MERKE_T,FIL_ID_FK,INNTEKT_AR,BELOP,VERSJON,DATO_OPPRETTET,OPPRETTET_AV,DATO_ENDRET,ENDRET_AV,KONV_FJERNING_KODE,PI_RAPPDATO,RAPPART,FIL_INFO_ID,RAPPORTERT_FNR,KOMMUNE_NR) VALUES ('585461822','SUM_PI','22347372','POPP','G',null,null,'1988','185363','1','2020-02-11 13:33:52','srvpensjon','2020-02-11 13:33:54','srvpensjon',null,null,null,null,null,null)
INSERT INTO T_INNTEKT (INNTEKT_ID,K_INNTEKT_T,PERSON_ID,K_KILDE_T,K_INNTEKT_STATUS,K_PI_MERKE_T,FIL_ID_FK,INNTEKT_AR,BELOP,VERSJON,DATO_OPPRETTET,OPPRETTET_AV,DATO_ENDRET,ENDRET_AV,KONV_FJERNING_KODE,PI_RAPPDATO,RAPPART,FIL_INFO_ID,RAPPORTERT_FNR,KOMMUNE_NR) VALUES ('585461824','SUM_PI','22347372','POPP','G',null,null,'1990','201736','1','2020-02-11 13:33:56','srvpensjon','2020-02-11 13:33:58','srvpensjon',null,null,null,null,null,null)
INSERT INTO T_INNTEKT (INNTEKT_ID,K_INNTEKT_T,PERSON_ID,K_KILDE_T,K_INNTEKT_STATUS,K_PI_MERKE_T,FIL_ID_FK,INNTEKT_AR,BELOP,VERSJON,DATO_OPPRETTET,OPPRETTET_AV,DATO_ENDRET,ENDRET_AV,KONV_FJERNING_KODE,PI_RAPPDATO,RAPPART,FIL_INFO_ID,RAPPORTERT_FNR,KOMMUNE_NR) VALUES ('585462014','SUM_PI','22347372','POPP','G',null,null,'1979','91330','1','2020-02-11 13:33:30','srvpensjon','2020-02-11 13:33:32','srvpensjon',null,null,null,null,null,null)
INSERT INTO T_INNTEKT (INNTEKT_ID,K_INNTEKT_T,PERSON_ID,K_KILDE_T,K_INNTEKT_STATUS,K_PI_MERKE_T,FIL_ID_FK,INNTEKT_AR,BELOP,VERSJON,DATO_OPPRETTET,OPPRETTET_AV,DATO_ENDRET,ENDRET_AV,KONV_FJERNING_KODE,PI_RAPPDATO,RAPPART,FIL_INFO_ID,RAPPORTERT_FNR,KOMMUNE_NR) VALUES ('585462019','INN_LON','22347372','PEN','G',null,null,'1985','152214','0','2020-02-11 13:33:45','TESTDATA','2020-02-11 13:33:45','srvpensjon',null,null,null,null,null,'1337')
INSERT INTO T_INNTEKT (INNTEKT_ID,K_INNTEKT_T,PERSON_ID,K_KILDE_T,K_INNTEKT_STATUS,K_PI_MERKE_T,FIL_ID_FK,INNTEKT_AR,BELOP,VERSJON,DATO_OPPRETTET,OPPRETTET_AV,DATO_ENDRET,ENDRET_AV,KONV_FJERNING_KODE,PI_RAPPDATO,RAPPART,FIL_INFO_ID,RAPPORTERT_FNR,KOMMUNE_NR) VALUES ('585462022','SUM_PI','22347372','POPP','G',null,null,'1987','175852','1','2020-02-11 13:33:50','srvpensjon','2020-02-11 13:33:52','srvpensjon',null,null,null,null,null,null)
INSERT INTO T_INNTEKT (INNTEKT_ID,K_INNTEKT_T,PERSON_ID,K_KILDE_T,K_INNTEKT_STATUS,K_PI_MERKE_T,FIL_ID_FK,INNTEKT_AR,BELOP,VERSJON,DATO_OPPRETTET,OPPRETTET_AV,DATO_ENDRET,ENDRET_AV,KONV_FJERNING_KODE,PI_RAPPDATO,RAPPART,FIL_INFO_ID,RAPPORTERT_FNR,KOMMUNE_NR) VALUES ('585462025','INN_LON','22347372','PEN','G',null,null,'1991','210497','0','2020-02-11 13:33:58','TESTDATA','2020-02-11 13:33:58','srvpensjon',null,null,null,null,null,'1337')
INSERT INTO T_INNTEKT (INNTEKT_ID,K_INNTEKT_T,PERSON_ID,K_KILDE_T,K_INNTEKT_STATUS,K_PI_MERKE_T,FIL_ID_FK,INNTEKT_AR,BELOP,VERSJON,DATO_OPPRETTET,OPPRETTET_AV,DATO_ENDRET,ENDRET_AV,KONV_FJERNING_KODE,PI_RAPPDATO,RAPPART,FIL_INFO_ID,RAPPORTERT_FNR,KOMMUNE_NR) VALUES ('585462030','SUM_PI','22347372','POPP','G',null,null,'1995','233413','1','2020-02-11 13:34:08','srvpensjon','2020-02-11 13:34:11','srvpensjon',null,null,null,null,null,null)
INSERT INTO T_INNTEKT (INNTEKT_ID,K_INNTEKT_T,PERSON_ID,K_KILDE_T,K_INNTEKT_STATUS,K_PI_MERKE_T,FIL_ID_FK,INNTEKT_AR,BELOP,VERSJON,DATO_OPPRETTET,OPPRETTET_AV,DATO_ENDRET,ENDRET_AV,KONV_FJERNING_KODE,PI_RAPPDATO,RAPPART,FIL_INFO_ID,RAPPORTERT_FNR,KOMMUNE_NR) VALUES ('585462031','INN_LON','22347372','PEN','G',null,null,'1997','252358','0','2020-02-11 13:34:13','TESTDATA','2020-02-11 13:34:13','srvpensjon',null,null,null,null,null,'1337')
INSERT INTO T_INNTEKT (INNTEKT_ID,K_INNTEKT_T,PERSON_ID,K_KILDE_T,K_INNTEKT_STATUS,K_PI_MERKE_T,FIL_ID_FK,INNTEKT_AR,BELOP,VERSJON,DATO_OPPRETTET,OPPRETTET_AV,DATO_ENDRET,ENDRET_AV,KONV_FJERNING_KODE,PI_RAPPDATO,RAPPART,FIL_INFO_ID,RAPPORTERT_FNR,KOMMUNE_NR) VALUES ('585462033','INN_LON','22347372','PEN','G',null,null,'1999','278934','0','2020-02-11 13:34:17','TESTDATA','2020-02-11 13:34:17','srvpensjon',null,null,null,null,null,'1337')
INSERT INTO T_INNTEKT (INNTEKT_ID,K_INNTEKT_T,PERSON_ID,K_KILDE_T,K_INNTEKT_STATUS,K_PI_MERKE_T,FIL_ID_FK,INNTEKT_AR,BELOP,VERSJON,DATO_OPPRETTET,OPPRETTET_AV,DATO_ENDRET,ENDRET_AV,KONV_FJERNING_KODE,PI_RAPPDATO,RAPPART,FIL_INFO_ID,RAPPORTERT_FNR,KOMMUNE_NR) VALUES ('585462034','SUM_PI','22347372','POPP','G',null,null,'1999','278934','1','2020-02-11 13:34:17','srvpensjon','2020-02-11 13:34:19','srvpensjon',null,null,null,null,null,null)
INSERT INTO T_INNTEKT (INNTEKT_ID,K_INNTEKT_T,PERSON_ID,K_KILDE_T,K_INNTEKT_STATUS,K_PI_MERKE_T,FIL_ID_FK,INNTEKT_AR,BELOP,VERSJON,DATO_OPPRETTET,OPPRETTET_AV,DATO_ENDRET,ENDRET_AV,KONV_FJERNING_KODE,PI_RAPPDATO,RAPPART,FIL_INFO_ID,RAPPORTERT_FNR,KOMMUNE_NR) VALUES ('585461810','SUM_PI','22347372','POPP','G',null,null,'1976','72102','1','2020-02-11 13:33:23','srvpensjon','2020-02-11 13:33:26','srvpensjon',null,null,null,null,null,null)
INSERT INTO T_INNTEKT (INNTEKT_ID,K_INNTEKT_T,PERSON_ID,K_KILDE_T,K_INNTEKT_STATUS,K_PI_MERKE_T,FIL_ID_FK,INNTEKT_AR,BELOP,VERSJON,DATO_OPPRETTET,OPPRETTET_AV,DATO_ENDRET,ENDRET_AV,KONV_FJERNING_KODE,PI_RAPPDATO,RAPPART,FIL_INFO_ID,RAPPORTERT_FNR,KOMMUNE_NR) VALUES ('585462015','INN_LON','22347372','PEN','G',null,null,'1981','112107','0','2020-02-11 13:33:35','TESTDATA','2020-02-11 13:33:35','srvpensjon',null,null,null,null,null,'1337')
INSERT INTO T_INNTEKT (INNTEKT_ID,K_INNTEKT_T,PERSON_ID,K_KILDE_T,K_INNTEKT_STATUS,K_PI_MERKE_T,FIL_ID_FK,INNTEKT_AR,BELOP,VERSJON,DATO_OPPRETTET,OPPRETTET_AV,DATO_ENDRET,ENDRET_AV,KONV_FJERNING_KODE,PI_RAPPDATO,RAPPART,FIL_INFO_ID,RAPPORTERT_FNR,KOMMUNE_NR) VALUES ('585462020','SUM_PI','22347372','POPP','G',null,null,'1985','152214','1','2020-02-11 13:33:45','srvpensjon','2020-02-11 13:33:47','srvpensjon',null,null,null,null,null,null)
INSERT INTO T_INNTEKT (INNTEKT_ID,K_INNTEKT_T,PERSON_ID,K_KILDE_T,K_INNTEKT_STATUS,K_PI_MERKE_T,FIL_ID_FK,INNTEKT_AR,BELOP,VERSJON,DATO_OPPRETTET,OPPRETTET_AV,DATO_ENDRET,ENDRET_AV,KONV_FJERNING_KODE,PI_RAPPDATO,RAPPART,FIL_INFO_ID,RAPPORTERT_FNR,KOMMUNE_NR) VALUES ('585462024','SUM_PI','22347372','POPP','G',null,null,'1989','193925','1','2020-02-11 13:33:54','srvpensjon','2020-02-11 13:33:56','srvpensjon',null,null,null,null,null,null)
INSERT INTO T_INNTEKT (INNTEKT_ID,K_INNTEKT_T,PERSON_ID,K_KILDE_T,K_INNTEKT_STATUS,K_PI_MERKE_T,FIL_ID_FK,INNTEKT_AR,BELOP,VERSJON,DATO_OPPRETTET,OPPRETTET_AV,DATO_ENDRET,ENDRET_AV,KONV_FJERNING_KODE,PI_RAPPDATO,RAPPART,FIL_INFO_ID,RAPPORTERT_FNR,KOMMUNE_NR) VALUES ('585461827','INN_LON','22347372','PEN','G',null,null,'1994','227243','0','2020-02-11 13:34:05','TESTDATA','2020-02-11 13:34:05','srvpensjon',null,null,null,null,null,'1337')
INSERT INTO T_INNTEKT (INNTEKT_ID,K_INNTEKT_T,PERSON_ID,K_KILDE_T,K_INNTEKT_STATUS,K_PI_MERKE_T,FIL_ID_FK,INNTEKT_AR,BELOP,VERSJON,DATO_OPPRETTET,OPPRETTET_AV,DATO_ENDRET,ENDRET_AV,KONV_FJERNING_KODE,PI_RAPPDATO,RAPPART,FIL_INFO_ID,RAPPORTERT_FNR,KOMMUNE_NR) VALUES ('585461832','SUM_PI','22347372','POPP','G',null,null,'1998','266857','1','2020-02-11 13:34:15','srvpensjon','2020-02-11 13:34:17','srvpensjon',null,null,null,null,null,null)
INSERT INTO T_INNTEKT (INNTEKT_ID,K_INNTEKT_T,PERSON_ID,K_KILDE_T,K_INNTEKT_STATUS,K_PI_MERKE_T,FIL_ID_FK,INNTEKT_AR,BELOP,VERSJON,DATO_OPPRETTET,OPPRETTET_AV,DATO_ENDRET,ENDRET_AV,KONV_FJERNING_KODE,PI_RAPPDATO,RAPPART,FIL_INFO_ID,RAPPORTERT_FNR,KOMMUNE_NR) VALUES ('585461817','INN_LON','22347372','PEN','G',null,null,'1984','142204','0','2020-02-11 13:33:43','TESTDATA','2020-02-11 13:33:43','srvpensjon',null,null,null,null,null,'1337')
INSERT INTO T_INNTEKT (INNTEKT_ID,K_INNTEKT_T,PERSON_ID,K_KILDE_T,K_INNTEKT_STATUS,K_PI_MERKE_T,FIL_ID_FK,INNTEKT_AR,BELOP,VERSJON,DATO_OPPRETTET,OPPRETTET_AV,DATO_ENDRET,ENDRET_AV,KONV_FJERNING_KODE,PI_RAPPDATO,RAPPART,FIL_INFO_ID,RAPPORTERT_FNR,KOMMUNE_NR) VALUES ('585461825','INN_LON','22347372','PEN','G',null,null,'1992','217311','0','2020-02-11 13:34:00','TESTDATA','2020-02-11 13:34:00','srvpensjon',null,null,null,null,null,'1337')
INSERT INTO T_INNTEKT (INNTEKT_ID,K_INNTEKT_T,PERSON_ID,K_KILDE_T,K_INNTEKT_STATUS,K_PI_MERKE_T,FIL_ID_FK,INNTEKT_AR,BELOP,VERSJON,DATO_OPPRETTET,OPPRETTET_AV,DATO_ENDRET,ENDRET_AV,KONV_FJERNING_KODE,PI_RAPPDATO,RAPPART,FIL_INFO_ID,RAPPORTERT_FNR,KOMMUNE_NR) VALUES ('585461826','SUM_PI','22347372','POPP','G',null,null,'1992','217311','1','2020-02-11 13:34:00','srvpensjon','2020-02-11 13:34:02','srvpensjon',null,null,null,null,null,null)
INSERT INTO T_INNTEKT (INNTEKT_ID,K_INNTEKT_T,PERSON_ID,K_KILDE_T,K_INNTEKT_STATUS,K_PI_MERKE_T,FIL_ID_FK,INNTEKT_AR,BELOP,VERSJON,DATO_OPPRETTET,OPPRETTET_AV,DATO_ENDRET,ENDRET_AV,KONV_FJERNING_KODE,PI_RAPPDATO,RAPPART,FIL_INFO_ID,RAPPORTERT_FNR,KOMMUNE_NR) VALUES ('585462018','SUM_PI','22347372','POPP','G',null,null,'1983','134189','1','2020-02-11 13:33:40','srvpensjon','2020-02-11 13:33:43','srvpensjon',null,null,null,null,null,null)
INSERT INTO T_INNTEKT (INNTEKT_ID,K_INNTEKT_T,PERSON_ID,K_KILDE_T,K_INNTEKT_STATUS,K_PI_MERKE_T,FIL_ID_FK,INNTEKT_AR,BELOP,VERSJON,DATO_OPPRETTET,OPPRETTET_AV,DATO_ENDRET,ENDRET_AV,KONV_FJERNING_KODE,PI_RAPPDATO,RAPPART,FIL_INFO_ID,RAPPORTERT_FNR,KOMMUNE_NR) VALUES ('585462032','SUM_PI','22347372','POPP','G',null,null,'1997','252358','1','2020-02-11 13:34:13','srvpensjon','2020-02-11 13:34:15','srvpensjon',null,null,null,null,null,null)
INSERT INTO T_INNTEKT (INNTEKT_ID,K_INNTEKT_T,PERSON_ID,K_KILDE_T,K_INNTEKT_STATUS,K_PI_MERKE_T,FIL_ID_FK,INNTEKT_AR,BELOP,VERSJON,DATO_OPPRETTET,OPPRETTET_AV,DATO_ENDRET,ENDRET_AV,KONV_FJERNING_KODE,PI_RAPPDATO,RAPPART,FIL_INFO_ID,RAPPORTERT_FNR,KOMMUNE_NR) VALUES ('585461819','INN_LON','22347372','PEN','G',null,null,'1986','164832','0','2020-02-11 13:33:47','TESTDATA','2020-02-11 13:33:48','srvpensjon',null,null,null,null,null,'1337')
INSERT INTO T_INNTEKT (INNTEKT_ID,K_INNTEKT_T,PERSON_ID,K_KILDE_T,K_INNTEKT_STATUS,K_PI_MERKE_T,FIL_ID_FK,INNTEKT_AR,BELOP,VERSJON,DATO_OPPRETTET,OPPRETTET_AV,DATO_ENDRET,ENDRET_AV,KONV_FJERNING_KODE,PI_RAPPDATO,RAPPART,FIL_INFO_ID,RAPPORTERT_FNR,KOMMUNE_NR) VALUES ('585462016','SUM_PI','22347372','POPP','G',null,null,'1981','112107','1','2020-02-11 13:33:35','srvpensjon','2020-02-11 13:33:37','srvpensjon',null,null,null,null,null,null)
INSERT INTO T_INNTEKT (INNTEKT_ID,K_INNTEKT_T,PERSON_ID,K_KILDE_T,K_INNTEKT_STATUS,K_PI_MERKE_T,FIL_ID_FK,INNTEKT_AR,BELOP,VERSJON,DATO_OPPRETTET,OPPRETTET_AV,DATO_ENDRET,ENDRET_AV,KONV_FJERNING_KODE,PI_RAPPDATO,RAPPART,FIL_INFO_ID,RAPPORTERT_FNR,KOMMUNE_NR) VALUES ('585462021','INN_LON','22347372','PEN','G',null,null,'1987','175852','0','2020-02-11 13:33:50','TESTDATA','2020-02-11 13:33:50','srvpensjon',null,null,null,null,null,'1337')
INSERT INTO T_INNTEKT (INNTEKT_ID,K_INNTEKT_T,PERSON_ID,K_KILDE_T,K_INNTEKT_STATUS,K_PI_MERKE_T,FIL_ID_FK,INNTEKT_AR,BELOP,VERSJON,DATO_OPPRETTET,OPPRETTET_AV,DATO_ENDRET,ENDRET_AV,KONV_FJERNING_KODE,PI_RAPPDATO,RAPPART,FIL_INFO_ID,RAPPORTERT_FNR,KOMMUNE_NR) VALUES ('585462028','SUM_PI','22347372','POPP','G',null,null,'1993','222514','1','2020-02-11 13:34:02','srvpensjon','2020-02-11 13:34:05','srvpensjon',null,null,null,null,null,null)
INSERT INTO T_INNTEKT_REL (INNTEKT_REL_ID,INNTEKT_ID_MESTER,INNTEKT_ID_SLAVE,K_INNTEKT_REL_T,VERSJON,DATO_OPPRETTET,OPPRETTET_AV,DATO_ENDRET,ENDRET_AV) VALUES ('554582026','585462014','585462013','SUMMERER','0','2020-02-11 13:33:30','srvpensjon','2020-02-11 13:33:30','srvpensjon')
INSERT INTO T_INNTEKT_REL (INNTEKT_REL_ID,INNTEKT_ID_MESTER,INNTEKT_ID_SLAVE,K_INNTEKT_REL_T,VERSJON,DATO_OPPRETTET,OPPRETTET_AV,DATO_ENDRET,ENDRET_AV) VALUES ('554582046','585462034','585462033','SUMMERER','0','2020-02-11 13:34:17','srvpensjon','2020-02-11 13:34:17','srvpensjon')
INSERT INTO T_INNTEKT_REL (INNTEKT_REL_ID,INNTEKT_ID_MESTER,INNTEKT_ID_SLAVE,K_INNTEKT_REL_T,VERSJON,DATO_OPPRETTET,OPPRETTET_AV,DATO_ENDRET,ENDRET_AV) VALUES ('554581824','585461812','585461811','SUMMERER','0','2020-02-11 13:33:28','srvpensjon','2020-02-11 13:33:28','srvpensjon')
INSERT INTO T_INNTEKT_REL (INNTEKT_REL_ID,INNTEKT_ID_MESTER,INNTEKT_ID_SLAVE,K_INNTEKT_REL_T,VERSJON,DATO_OPPRETTET,OPPRETTET_AV,DATO_ENDRET,ENDRET_AV) VALUES ('554582022','585462010','585462009','SUMMERER','0','2020-02-11 13:33:20','srvpensjon','2020-02-11 13:33:20','srvpensjon')
INSERT INTO T_INNTEKT_REL (INNTEKT_REL_ID,INNTEKT_ID_MESTER,INNTEKT_ID_SLAVE,K_INNTEKT_REL_T,VERSJON,DATO_OPPRETTET,OPPRETTET_AV,DATO_ENDRET,ENDRET_AV) VALUES ('554582032','585462020','585462019','SUMMERER','0','2020-02-11 13:33:45','srvpensjon','2020-02-11 13:33:45','srvpensjon')
INSERT INTO T_INNTEKT_REL (INNTEKT_REL_ID,INNTEKT_ID_MESTER,INNTEKT_ID_SLAVE,K_INNTEKT_REL_T,VERSJON,DATO_OPPRETTET,OPPRETTET_AV,DATO_ENDRET,ENDRET_AV) VALUES ('554581842','585461830','585461829','SUMMERER','0','2020-02-11 13:34:11','srvpensjon','2020-02-11 13:34:11','srvpensjon')
INSERT INTO T_INNTEKT_REL (INNTEKT_REL_ID,INNTEKT_ID_MESTER,INNTEKT_ID_SLAVE,K_INNTEKT_REL_T,VERSJON,DATO_OPPRETTET,OPPRETTET_AV,DATO_ENDRET,ENDRET_AV) VALUES ('554581836','585461824','585461823','SUMMERER','0','2020-02-11 13:33:56','srvpensjon','2020-02-11 13:33:56','srvpensjon')
INSERT INTO T_INNTEKT_REL (INNTEKT_REL_ID,INNTEKT_ID_MESTER,INNTEKT_ID_SLAVE,K_INNTEKT_REL_T,VERSJON,DATO_OPPRETTET,OPPRETTET_AV,DATO_ENDRET,ENDRET_AV) VALUES ('554582024','585462012','585462011','SUMMERER','0','2020-02-11 13:33:26','srvpensjon','2020-02-11 13:33:26','srvpensjon')
INSERT INTO T_INNTEKT_REL (INNTEKT_REL_ID,INNTEKT_ID_MESTER,INNTEKT_ID_SLAVE,K_INNTEKT_REL_T,VERSJON,DATO_OPPRETTET,OPPRETTET_AV,DATO_ENDRET,ENDRET_AV) VALUES ('554582030','585462018','585462017','SUMMERER','0','2020-02-11 13:33:40','srvpensjon','2020-02-11 13:33:40','srvpensjon')
INSERT INTO T_INNTEKT_REL (INNTEKT_REL_ID,INNTEKT_ID_MESTER,INNTEKT_ID_SLAVE,K_INNTEKT_REL_T,VERSJON,DATO_OPPRETTET,OPPRETTET_AV,DATO_ENDRET,ENDRET_AV) VALUES ('554581840','585461828','585461827','SUMMERER','0','2020-02-11 13:34:05','srvpensjon','2020-02-11 13:34:05','srvpensjon')
INSERT INTO T_INNTEKT_REL (INNTEKT_REL_ID,INNTEKT_ID_MESTER,INNTEKT_ID_SLAVE,K_INNTEKT_REL_T,VERSJON,DATO_OPPRETTET,OPPRETTET_AV,DATO_ENDRET,ENDRET_AV) VALUES ('554581846','585461834','585461833','SUMMERER','0','2020-02-11 13:34:19','srvpensjon','2020-02-11 13:34:19','srvpensjon')
INSERT INTO T_INNTEKT_REL (INNTEKT_REL_ID,INNTEKT_ID_MESTER,INNTEKT_ID_SLAVE,K_INNTEKT_REL_T,VERSJON,DATO_OPPRETTET,OPPRETTET_AV,DATO_ENDRET,ENDRET_AV) VALUES ('554581828','585461816','585461815','SUMMERER','0','2020-02-11 13:33:38','srvpensjon','2020-02-11 13:33:38','srvpensjon')
INSERT INTO T_INNTEKT_REL (INNTEKT_REL_ID,INNTEKT_ID_MESTER,INNTEKT_ID_SLAVE,K_INNTEKT_REL_T,VERSJON,DATO_OPPRETTET,OPPRETTET_AV,DATO_ENDRET,ENDRET_AV) VALUES ('554581832','585461820','585461819','SUMMERER','0','2020-02-11 13:33:48','srvpensjon','2020-02-11 13:33:48','srvpensjon')
INSERT INTO T_INNTEKT_REL (INNTEKT_REL_ID,INNTEKT_ID_MESTER,INNTEKT_ID_SLAVE,K_INNTEKT_REL_T,VERSJON,DATO_OPPRETTET,OPPRETTET_AV,DATO_ENDRET,ENDRET_AV) VALUES ('554581834','585461822','585461821','SUMMERER','0','2020-02-11 13:33:52','srvpensjon','2020-02-11 13:33:52','srvpensjon')
INSERT INTO T_INNTEKT_REL (INNTEKT_REL_ID,INNTEKT_ID_MESTER,INNTEKT_ID_SLAVE,K_INNTEKT_REL_T,VERSJON,DATO_OPPRETTET,OPPRETTET_AV,DATO_ENDRET,ENDRET_AV) VALUES ('554582034','585462022','585462021','SUMMERER','0','2020-02-11 13:33:50','srvpensjon','2020-02-11 13:33:50','srvpensjon')
INSERT INTO T_INNTEKT_REL (INNTEKT_REL_ID,INNTEKT_ID_MESTER,INNTEKT_ID_SLAVE,K_INNTEKT_REL_T,VERSJON,DATO_OPPRETTET,OPPRETTET_AV,DATO_ENDRET,ENDRET_AV) VALUES ('554582044','585462032','585462031','SUMMERER','0','2020-02-11 13:34:13','srvpensjon','2020-02-11 13:34:13','srvpensjon')
INSERT INTO T_INNTEKT_REL (INNTEKT_REL_ID,INNTEKT_ID_MESTER,INNTEKT_ID_SLAVE,K_INNTEKT_REL_T,VERSJON,DATO_OPPRETTET,OPPRETTET_AV,DATO_ENDRET,ENDRET_AV) VALUES ('554581844','585461832','585461831','SUMMERER','0','2020-02-11 13:34:15','srvpensjon','2020-02-11 13:34:15','srvpensjon')
INSERT INTO T_INNTEKT_REL (INNTEKT_REL_ID,INNTEKT_ID_MESTER,INNTEKT_ID_SLAVE,K_INNTEKT_REL_T,VERSJON,DATO_OPPRETTET,OPPRETTET_AV,DATO_ENDRET,ENDRET_AV) VALUES ('554581822','585461810','585461809','SUMMERER','0','2020-02-11 13:33:23','srvpensjon','2020-02-11 13:33:23','srvpensjon')
INSERT INTO T_INNTEKT_REL (INNTEKT_REL_ID,INNTEKT_ID_MESTER,INNTEKT_ID_SLAVE,K_INNTEKT_REL_T,VERSJON,DATO_OPPRETTET,OPPRETTET_AV,DATO_ENDRET,ENDRET_AV) VALUES ('554582036','585462024','585462023','SUMMERER','0','2020-02-11 13:33:54','srvpensjon','2020-02-11 13:33:54','srvpensjon')
INSERT INTO T_INNTEKT_REL (INNTEKT_REL_ID,INNTEKT_ID_MESTER,INNTEKT_ID_SLAVE,K_INNTEKT_REL_T,VERSJON,DATO_OPPRETTET,OPPRETTET_AV,DATO_ENDRET,ENDRET_AV) VALUES ('554582038','585462026','585462025','SUMMERER','0','2020-02-11 13:33:58','srvpensjon','2020-02-11 13:33:58','srvpensjon')
INSERT INTO T_INNTEKT_REL (INNTEKT_REL_ID,INNTEKT_ID_MESTER,INNTEKT_ID_SLAVE,K_INNTEKT_REL_T,VERSJON,DATO_OPPRETTET,OPPRETTET_AV,DATO_ENDRET,ENDRET_AV) VALUES ('554582040','585462028','585462027','SUMMERER','0','2020-02-11 13:34:02','srvpensjon','2020-02-11 13:34:02','srvpensjon')
INSERT INTO T_INNTEKT_REL (INNTEKT_REL_ID,INNTEKT_ID_MESTER,INNTEKT_ID_SLAVE,K_INNTEKT_REL_T,VERSJON,DATO_OPPRETTET,OPPRETTET_AV,DATO_ENDRET,ENDRET_AV) VALUES ('554582042','585462030','585462029','SUMMERER','0','2020-02-11 13:34:08','srvpensjon','2020-02-11 13:34:08','srvpensjon')
INSERT INTO T_INNTEKT_REL (INNTEKT_REL_ID,INNTEKT_ID_MESTER,INNTEKT_ID_SLAVE,K_INNTEKT_REL_T,VERSJON,DATO_OPPRETTET,OPPRETTET_AV,DATO_ENDRET,ENDRET_AV) VALUES ('554581826','585461814','585461813','SUMMERER','0','2020-02-11 13:33:33','srvpensjon','2020-02-11 13:33:33','srvpensjon')
INSERT INTO T_INNTEKT_REL (INNTEKT_REL_ID,INNTEKT_ID_MESTER,INNTEKT_ID_SLAVE,K_INNTEKT_REL_T,VERSJON,DATO_OPPRETTET,OPPRETTET_AV,DATO_ENDRET,ENDRET_AV) VALUES ('554581838','585461826','585461825','SUMMERER','0','2020-02-11 13:34:00','srvpensjon','2020-02-11 13:34:00','srvpensjon')
INSERT INTO T_INNTEKT_REL (INNTEKT_REL_ID,INNTEKT_ID_MESTER,INNTEKT_ID_SLAVE,K_INNTEKT_REL_T,VERSJON,DATO_OPPRETTET,OPPRETTET_AV,DATO_ENDRET,ENDRET_AV) VALUES ('554581830','585461818','585461817','SUMMERER','0','2020-02-11 13:33:43','srvpensjon','2020-02-11 13:33:43','srvpensjon')
INSERT INTO T_INNTEKT_REL (INNTEKT_REL_ID,INNTEKT_ID_MESTER,INNTEKT_ID_SLAVE,K_INNTEKT_REL_T,VERSJON,DATO_OPPRETTET,OPPRETTET_AV,DATO_ENDRET,ENDRET_AV) VALUES ('554582028','585462016','585462015','SUMMERER','0','2020-02-11 13:33:35','srvpensjon','2020-02-11 13:33:35','srvpensjon')
INSERT INTO T_RP_KOMP (RP_KOMP_ID,BELOP,VEDTAK_ID_FK,DATO_FOM,DATO_TOM,VERSJON,DATO_OPPRETTET,OPPRETTET_AV,DATO_ENDRET,ENDRET_AV,K_RP_KOMP_S,K_RP_KOMP_T,PERSON_ID,K_RESTP_BEH_ARSAK) VALUES ('226625213','-15029,689867499997','42743856','2020-01-01 00:00:00',null,'0','2020-02-11 13:39:07','Z991305','2020-02-11 13:39:07','Z991305','G','RESP_PT','22347372','VEDTAK')
INSERT INTO T_RP_KOMP (RP_KOMP_ID,BELOP,VEDTAK_ID_FK,DATO_FOM,DATO_TOM,VERSJON,DATO_OPPRETTET,OPPRETTET_AV,DATO_ENDRET,ENDRET_AV,K_RP_KOMP_S,K_RP_KOMP_T,PERSON_ID,K_RESTP_BEH_ARSAK) VALUES ('226625211','49929','42743856','2020-01-01 00:00:00',null,'0','2020-02-11 13:39:07','Z991305','2020-02-11 13:39:07','Z991305','G','RESP_GP','22347372','VEDTAK')
INSERT INTO T_RP_KOMP (RP_KOMP_ID,BELOP,VEDTAK_ID_FK,DATO_FOM,DATO_TOM,VERSJON,DATO_OPPRETTET,OPPRETTET_AV,DATO_ENDRET,ENDRET_AV,K_RP_KOMP_S,K_RP_KOMP_T,PERSON_ID,K_RESTP_BEH_ARSAK) VALUES ('226625212','71478,7308675','42743856','2020-01-01 00:00:00',null,'0','2020-02-11 13:39:07','Z991305','2020-02-11 13:39:07','Z991305','G','RESP_TP','22347372','VEDTAK')
INSERT INTO T_OPPTJN (OPPTJN_ID,K_OPPTJN_T,PERSON_ID_OPPTJN,PERSON_ID_OMSORG,K_KILDE_T,K_OPPTJN_STATUS,INNTEKT_ID,FIL_ID_FK,OPPTJN_AR,PGI_ANVENDT,POENG,MAX_UFOREGRAD,VERSJON,DATO_OPPRETTET,OPPRETTET_AV,DATO_ENDRET,ENDRET_AV,KONV_FJERNING_KODE,PI_RAPPDATO,OMSORG_ID) VALUES ('543535899','PPI','22347372',null,'PEN','G','585462022',null,'1987','175852','5,01',null,'0','2020-02-11 13:33:50','srvpensjon','2020-02-11 13:33:50','srvpensjon',null,null,null)
INSERT INTO T_OPPTJN (OPPTJN_ID,K_OPPTJN_T,PERSON_ID_OPPTJN,PERSON_ID_OMSORG,K_KILDE_T,K_OPPTJN_STATUS,INNTEKT_ID,FIL_ID_FK,OPPTJN_AR,PGI_ANVENDT,POENG,MAX_UFOREGRAD,VERSJON,DATO_OPPRETTET,OPPRETTET_AV,DATO_ENDRET,ENDRET_AV,KONV_FJERNING_KODE,PI_RAPPDATO,OMSORG_ID) VALUES ('543535693','PPI','22347372',null,'PEN','G','585461816',null,'1982','124178','5,01',null,'0','2020-02-11 13:33:38','srvpensjon','2020-02-11 13:33:38','srvpensjon',null,null,null)
INSERT INTO T_OPPTJN (OPPTJN_ID,K_OPPTJN_T,PERSON_ID_OPPTJN,PERSON_ID_OMSORG,K_KILDE_T,K_OPPTJN_STATUS,INNTEKT_ID,FIL_ID_FK,OPPTJN_AR,PGI_ANVENDT,POENG,MAX_UFOREGRAD,VERSJON,DATO_OPPRETTET,OPPRETTET_AV,DATO_ENDRET,ENDRET_AV,KONV_FJERNING_KODE,PI_RAPPDATO,OMSORG_ID) VALUES ('543535703','PPI','22347372',null,'PEN','G','585461826',null,'1992','217105','5',null,'0','2020-02-11 13:34:01','srvpensjon','2020-02-11 13:34:01','srvpensjon',null,null,null)
INSERT INTO T_OPPTJN (OPPTJN_ID,K_OPPTJN_T,PERSON_ID_OPPTJN,PERSON_ID_OMSORG,K_KILDE_T,K_OPPTJN_STATUS,INNTEKT_ID,FIL_ID_FK,OPPTJN_AR,PGI_ANVENDT,POENG,MAX_UFOREGRAD,VERSJON,DATO_OPPRETTET,OPPRETTET_AV,DATO_ENDRET,ENDRET_AV,KONV_FJERNING_KODE,PI_RAPPDATO,OMSORG_ID) VALUES ('543535687','PPI','22347372',null,'PEN','G','585461810',null,'1976','72102','5,01',null,'0','2020-02-11 13:33:23','srvpensjon','2020-02-11 13:33:23','srvpensjon',null,null,null)
INSERT INTO T_OPPTJN (OPPTJN_ID,K_OPPTJN_T,PERSON_ID_OPPTJN,PERSON_ID_OMSORG,K_KILDE_T,K_OPPTJN_STATUS,INNTEKT_ID,FIL_ID_FK,OPPTJN_AR,PGI_ANVENDT,POENG,MAX_UFOREGRAD,VERSJON,DATO_OPPRETTET,OPPRETTET_AV,DATO_ENDRET,ENDRET_AV,KONV_FJERNING_KODE,PI_RAPPDATO,OMSORG_ID) VALUES ('543535905','PPI','22347372',null,'PEN','G','585462028',null,'1993','222303','5',null,'0','2020-02-11 13:34:03','srvpensjon','2020-02-11 13:34:03','srvpensjon',null,null,null)
INSERT INTO T_OPPTJN (OPPTJN_ID,K_OPPTJN_T,PERSON_ID_OPPTJN,PERSON_ID_OMSORG,K_KILDE_T,K_OPPTJN_STATUS,INNTEKT_ID,FIL_ID_FK,OPPTJN_AR,PGI_ANVENDT,POENG,MAX_UFOREGRAD,VERSJON,DATO_OPPRETTET,OPPRETTET_AV,DATO_ENDRET,ENDRET_AV,KONV_FJERNING_KODE,PI_RAPPDATO,OMSORG_ID) VALUES ('543535689','PPI','22347372',null,'PEN','G','585461812',null,'1978','87424','5,01',null,'0','2020-02-11 13:33:28','srvpensjon','2020-02-11 13:33:28','srvpensjon',null,null,null)
INSERT INTO T_OPPTJN (OPPTJN_ID,K_OPPTJN_T,PERSON_ID_OPPTJN,PERSON_ID_OMSORG,K_KILDE_T,K_OPPTJN_STATUS,INNTEKT_ID,FIL_ID_FK,OPPTJN_AR,PGI_ANVENDT,POENG,MAX_UFOREGRAD,VERSJON,DATO_OPPRETTET,OPPRETTET_AV,DATO_ENDRET,ENDRET_AV,KONV_FJERNING_KODE,PI_RAPPDATO,OMSORG_ID) VALUES ('543535695','PPI','22347372',null,'PEN','G','585461818',null,'1984','142204','5,01',null,'0','2020-02-11 13:33:43','srvpensjon','2020-02-11 13:33:43','srvpensjon',null,null,null)
INSERT INTO T_OPPTJN (OPPTJN_ID,K_OPPTJN_T,PERSON_ID_OPPTJN,PERSON_ID_OMSORG,K_KILDE_T,K_OPPTJN_STATUS,INNTEKT_ID,FIL_ID_FK,OPPTJN_AR,PGI_ANVENDT,POENG,MAX_UFOREGRAD,VERSJON,DATO_OPPRETTET,OPPRETTET_AV,DATO_ENDRET,ENDRET_AV,KONV_FJERNING_KODE,PI_RAPPDATO,OMSORG_ID) VALUES ('543535705','PPI','22347372',null,'PEN','G','585461828',null,'1994','227028','5',null,'0','2020-02-11 13:34:06','srvpensjon','2020-02-11 13:34:06','srvpensjon',null,null,null)
INSERT INTO T_OPPTJN (OPPTJN_ID,K_OPPTJN_T,PERSON_ID_OPPTJN,PERSON_ID_OMSORG,K_KILDE_T,K_OPPTJN_STATUS,INNTEKT_ID,FIL_ID_FK,OPPTJN_AR,PGI_ANVENDT,POENG,MAX_UFOREGRAD,VERSJON,DATO_OPPRETTET,OPPRETTET_AV,DATO_ENDRET,ENDRET_AV,KONV_FJERNING_KODE,PI_RAPPDATO,OMSORG_ID) VALUES ('543535707','PPI','22347372',null,'PEN','G','585461830',null,'1996','242575','5',null,'0','2020-02-11 13:34:11','srvpensjon','2020-02-11 13:34:11','srvpensjon',null,null,null)
INSERT INTO T_OPPTJN (OPPTJN_ID,K_OPPTJN_T,PERSON_ID_OPPTJN,PERSON_ID_OMSORG,K_KILDE_T,K_OPPTJN_STATUS,INNTEKT_ID,FIL_ID_FK,OPPTJN_AR,PGI_ANVENDT,POENG,MAX_UFOREGRAD,VERSJON,DATO_OPPRETTET,OPPRETTET_AV,DATO_ENDRET,ENDRET_AV,KONV_FJERNING_KODE,PI_RAPPDATO,OMSORG_ID) VALUES ('543535893','PPI','22347372',null,'PEN','G','585462016',null,'1981','112107','5,01',null,'0','2020-02-11 13:33:36','srvpensjon','2020-02-11 13:33:36','srvpensjon',null,null,null)
INSERT INTO T_OPPTJN (OPPTJN_ID,K_OPPTJN_T,PERSON_ID_OPPTJN,PERSON_ID_OMSORG,K_KILDE_T,K_OPPTJN_STATUS,INNTEKT_ID,FIL_ID_FK,OPPTJN_AR,PGI_ANVENDT,POENG,MAX_UFOREGRAD,VERSJON,DATO_OPPRETTET,OPPRETTET_AV,DATO_ENDRET,ENDRET_AV,KONV_FJERNING_KODE,PI_RAPPDATO,OMSORG_ID) VALUES ('543535699','PPI','22347372',null,'PEN','G','585461822',null,'1988','185363','5,01',null,'0','2020-02-11 13:33:52','srvpensjon','2020-02-11 13:33:52','srvpensjon',null,null,null)
INSERT INTO T_OPPTJN (OPPTJN_ID,K_OPPTJN_T,PERSON_ID_OPPTJN,PERSON_ID_OMSORG,K_KILDE_T,K_OPPTJN_STATUS,INNTEKT_ID,FIL_ID_FK,OPPTJN_AR,PGI_ANVENDT,POENG,MAX_UFOREGRAD,VERSJON,DATO_OPPRETTET,OPPRETTET_AV,DATO_ENDRET,ENDRET_AV,KONV_FJERNING_KODE,PI_RAPPDATO,OMSORG_ID) VALUES ('543535711','PPI','22347372',null,'PEN','G','585461834',null,'2000','290400','5',null,'0','2020-02-11 13:34:19','srvpensjon','2020-02-11 13:34:19','srvpensjon',null,null,null)
INSERT INTO T_OPPTJN (OPPTJN_ID,K_OPPTJN_T,PERSON_ID_OPPTJN,PERSON_ID_OMSORG,K_KILDE_T,K_OPPTJN_STATUS,INNTEKT_ID,FIL_ID_FK,OPPTJN_AR,PGI_ANVENDT,POENG,MAX_UFOREGRAD,VERSJON,DATO_OPPRETTET,OPPRETTET_AV,DATO_ENDRET,ENDRET_AV,KONV_FJERNING_KODE,PI_RAPPDATO,OMSORG_ID) VALUES ('543535889','PPI','22347372',null,'PEN','G','585462012',null,'1977','80412','5,01',null,'0','2020-02-11 13:33:26','srvpensjon','2020-02-11 13:33:26','srvpensjon',null,null,null)
INSERT INTO T_OPPTJN (OPPTJN_ID,K_OPPTJN_T,PERSON_ID_OPPTJN,PERSON_ID_OMSORG,K_KILDE_T,K_OPPTJN_STATUS,INNTEKT_ID,FIL_ID_FK,OPPTJN_AR,PGI_ANVENDT,POENG,MAX_UFOREGRAD,VERSJON,DATO_OPPRETTET,OPPRETTET_AV,DATO_ENDRET,ENDRET_AV,KONV_FJERNING_KODE,PI_RAPPDATO,OMSORG_ID) VALUES ('543535891','PPI','22347372',null,'PEN','G','585462014',null,'1979','91330','5,01',null,'0','2020-02-11 13:33:30','srvpensjon','2020-02-11 13:33:30','srvpensjon',null,null,null)
INSERT INTO T_OPPTJN (OPPTJN_ID,K_OPPTJN_T,PERSON_ID_OPPTJN,PERSON_ID_OMSORG,K_KILDE_T,K_OPPTJN_STATUS,INNTEKT_ID,FIL_ID_FK,OPPTJN_AR,PGI_ANVENDT,POENG,MAX_UFOREGRAD,VERSJON,DATO_OPPRETTET,OPPRETTET_AV,DATO_ENDRET,ENDRET_AV,KONV_FJERNING_KODE,PI_RAPPDATO,OMSORG_ID) VALUES ('543535901','PPI','22347372',null,'PEN','G','585462024',null,'1989','193925','5,01',null,'0','2020-02-11 13:33:54','srvpensjon','2020-02-11 13:33:54','srvpensjon',null,null,null)
INSERT INTO T_OPPTJN (OPPTJN_ID,K_OPPTJN_T,PERSON_ID_OPPTJN,PERSON_ID_OMSORG,K_KILDE_T,K_OPPTJN_STATUS,INNTEKT_ID,FIL_ID_FK,OPPTJN_AR,PGI_ANVENDT,POENG,MAX_UFOREGRAD,VERSJON,DATO_OPPRETTET,OPPRETTET_AV,DATO_ENDRET,ENDRET_AV,KONV_FJERNING_KODE,PI_RAPPDATO,OMSORG_ID) VALUES ('543535911','PPI','22347372',null,'PEN','G','585462034',null,'1999','278670','5',null,'0','2020-02-11 13:34:17','srvpensjon','2020-02-11 13:34:17','srvpensjon',null,null,null)
INSERT INTO T_OPPTJN (OPPTJN_ID,K_OPPTJN_T,PERSON_ID_OPPTJN,PERSON_ID_OMSORG,K_KILDE_T,K_OPPTJN_STATUS,INNTEKT_ID,FIL_ID_FK,OPPTJN_AR,PGI_ANVENDT,POENG,MAX_UFOREGRAD,VERSJON,DATO_OPPRETTET,OPPRETTET_AV,DATO_ENDRET,ENDRET_AV,KONV_FJERNING_KODE,PI_RAPPDATO,OMSORG_ID) VALUES ('543535709','PPI','22347372',null,'PEN','G','585461832',null,'1998','266604','5',null,'0','2020-02-11 13:34:15','srvpensjon','2020-02-11 13:34:15','srvpensjon',null,null,null)
INSERT INTO T_OPPTJN (OPPTJN_ID,K_OPPTJN_T,PERSON_ID_OPPTJN,PERSON_ID_OMSORG,K_KILDE_T,K_OPPTJN_STATUS,INNTEKT_ID,FIL_ID_FK,OPPTJN_AR,PGI_ANVENDT,POENG,MAX_UFOREGRAD,VERSJON,DATO_OPPRETTET,OPPRETTET_AV,DATO_ENDRET,ENDRET_AV,KONV_FJERNING_KODE,PI_RAPPDATO,OMSORG_ID) VALUES ('543535903','PPI','22347372',null,'PEN','G','585462026',null,'1991','210497','5,01',null,'0','2020-02-11 13:33:58','srvpensjon','2020-02-11 13:33:58','srvpensjon',null,null,null)
INSERT INTO T_OPPTJN (OPPTJN_ID,K_OPPTJN_T,PERSON_ID_OPPTJN,PERSON_ID_OMSORG,K_KILDE_T,K_OPPTJN_STATUS,INNTEKT_ID,FIL_ID_FK,OPPTJN_AR,PGI_ANVENDT,POENG,MAX_UFOREGRAD,VERSJON,DATO_OPPRETTET,OPPRETTET_AV,DATO_ENDRET,ENDRET_AV,KONV_FJERNING_KODE,PI_RAPPDATO,OMSORG_ID) VALUES ('543535691','PPI','22347372',null,'PEN','G','585461814',null,'1980','99940','5,01',null,'0','2020-02-11 13:33:33','srvpensjon','2020-02-11 13:33:33','srvpensjon',null,null,null)
INSERT INTO T_OPPTJN (OPPTJN_ID,K_OPPTJN_T,PERSON_ID_OPPTJN,PERSON_ID_OMSORG,K_KILDE_T,K_OPPTJN_STATUS,INNTEKT_ID,FIL_ID_FK,OPPTJN_AR,PGI_ANVENDT,POENG,MAX_UFOREGRAD,VERSJON,DATO_OPPRETTET,OPPRETTET_AV,DATO_ENDRET,ENDRET_AV,KONV_FJERNING_KODE,PI_RAPPDATO,OMSORG_ID) VALUES ('543535887','PPI','22347372',null,'PEN','G','585462010',null,'1975','64892','5,01',null,'0','2020-02-11 13:33:20','srvpensjon','2020-02-11 13:33:20','srvpensjon',null,null,null)
INSERT INTO T_OPPTJN (OPPTJN_ID,K_OPPTJN_T,PERSON_ID_OPPTJN,PERSON_ID_OMSORG,K_KILDE_T,K_OPPTJN_STATUS,INNTEKT_ID,FIL_ID_FK,OPPTJN_AR,PGI_ANVENDT,POENG,MAX_UFOREGRAD,VERSJON,DATO_OPPRETTET,OPPRETTET_AV,DATO_ENDRET,ENDRET_AV,KONV_FJERNING_KODE,PI_RAPPDATO,OMSORG_ID) VALUES ('543535895','PPI','22347372',null,'PEN','G','585462018',null,'1983','134189','5,01',null,'0','2020-02-11 13:33:41','srvpensjon','2020-02-11 13:33:41','srvpensjon',null,null,null)
INSERT INTO T_OPPTJN (OPPTJN_ID,K_OPPTJN_T,PERSON_ID_OPPTJN,PERSON_ID_OMSORG,K_KILDE_T,K_OPPTJN_STATUS,INNTEKT_ID,FIL_ID_FK,OPPTJN_AR,PGI_ANVENDT,POENG,MAX_UFOREGRAD,VERSJON,DATO_OPPRETTET,OPPRETTET_AV,DATO_ENDRET,ENDRET_AV,KONV_FJERNING_KODE,PI_RAPPDATO,OMSORG_ID) VALUES ('543535909','PPI','22347372',null,'PEN','G','585462032',null,'1997','252119','5',null,'0','2020-02-11 13:34:13','srvpensjon','2020-02-11 13:34:13','srvpensjon',null,null,null)
INSERT INTO T_OPPTJN (OPPTJN_ID,K_OPPTJN_T,PERSON_ID_OPPTJN,PERSON_ID_OMSORG,K_KILDE_T,K_OPPTJN_STATUS,INNTEKT_ID,FIL_ID_FK,OPPTJN_AR,PGI_ANVENDT,POENG,MAX_UFOREGRAD,VERSJON,DATO_OPPRETTET,OPPRETTET_AV,DATO_ENDRET,ENDRET_AV,KONV_FJERNING_KODE,PI_RAPPDATO,OMSORG_ID) VALUES ('543535697','PPI','22347372',null,'PEN','G','585461820',null,'1986','164832','5,01',null,'0','2020-02-11 13:33:48','srvpensjon','2020-02-11 13:33:48','srvpensjon',null,null,null)
INSERT INTO T_OPPTJN (OPPTJN_ID,K_OPPTJN_T,PERSON_ID_OPPTJN,PERSON_ID_OMSORG,K_KILDE_T,K_OPPTJN_STATUS,INNTEKT_ID,FIL_ID_FK,OPPTJN_AR,PGI_ANVENDT,POENG,MAX_UFOREGRAD,VERSJON,DATO_OPPRETTET,OPPRETTET_AV,DATO_ENDRET,ENDRET_AV,KONV_FJERNING_KODE,PI_RAPPDATO,OMSORG_ID) VALUES ('543535701','PPI','22347372',null,'PEN','G','585461824',null,'1990','201736','5,01',null,'0','2020-02-11 13:33:56','srvpensjon','2020-02-11 13:33:56','srvpensjon',null,null,null)
INSERT INTO T_OPPTJN (OPPTJN_ID,K_OPPTJN_T,PERSON_ID_OPPTJN,PERSON_ID_OMSORG,K_KILDE_T,K_OPPTJN_STATUS,INNTEKT_ID,FIL_ID_FK,OPPTJN_AR,PGI_ANVENDT,POENG,MAX_UFOREGRAD,VERSJON,DATO_OPPRETTET,OPPRETTET_AV,DATO_ENDRET,ENDRET_AV,KONV_FJERNING_KODE,PI_RAPPDATO,OMSORG_ID) VALUES ('543535897','PPI','22347372',null,'PEN','G','585462020',null,'1985','152214','5,01',null,'0','2020-02-11 13:33:45','srvpensjon','2020-02-11 13:33:45','srvpensjon',null,null,null)
INSERT INTO T_OPPTJN (OPPTJN_ID,K_OPPTJN_T,PERSON_ID_OPPTJN,PERSON_ID_OMSORG,K_KILDE_T,K_OPPTJN_STATUS,INNTEKT_ID,FIL_ID_FK,OPPTJN_AR,PGI_ANVENDT,POENG,MAX_UFOREGRAD,VERSJON,DATO_OPPRETTET,OPPRETTET_AV,DATO_ENDRET,ENDRET_AV,KONV_FJERNING_KODE,PI_RAPPDATO,OMSORG_ID) VALUES ('543535907','PPI','22347372',null,'PEN','G','585462030',null,'1995','233192','5',null,'0','2020-02-11 13:34:08','srvpensjon','2020-02-11 13:34:08','srvpensjon',null,null,null)
INSERT INTO T_OPPTJN_RP_KOMP (OPPTJN_RP_KOMP_ID,OPPTJN_ID,RP_KOMP_ID,VERSJON,DATO_OPPRETTET,OPPRETTET_AV,DATO_ENDRET,ENDRET_AV) VALUES ('580551925','543535695','226625212','0','2020-02-11 13:39:07','Z991305','2020-02-11 13:39:07','Z991305')
INSERT INTO T_OPPTJN_RP_KOMP (OPPTJN_RP_KOMP_ID,OPPTJN_ID,RP_KOMP_ID,VERSJON,DATO_OPPRETTET,OPPRETTET_AV,DATO_ENDRET,ENDRET_AV) VALUES ('580551928','543535701','226625212','0','2020-02-11 13:39:07','Z991305','2020-02-11 13:39:07','Z991305')
INSERT INTO T_OPPTJN_RP_KOMP (OPPTJN_RP_KOMP_ID,OPPTJN_ID,RP_KOMP_ID,VERSJON,DATO_OPPRETTET,OPPRETTET_AV,DATO_ENDRET,ENDRET_AV) VALUES ('580551907','543535895','226625212','0','2020-02-11 13:39:07','Z991305','2020-02-11 13:39:07','Z991305')
INSERT INTO T_OPPTJN_RP_KOMP (OPPTJN_RP_KOMP_ID,OPPTJN_ID,RP_KOMP_ID,VERSJON,DATO_OPPRETTET,OPPRETTET_AV,DATO_ENDRET,ENDRET_AV) VALUES ('580551910','543535903','226625212','0','2020-02-11 13:39:07','Z991305','2020-02-11 13:39:07','Z991305')
INSERT INTO T_OPPTJN_RP_KOMP (OPPTJN_RP_KOMP_ID,OPPTJN_ID,RP_KOMP_ID,VERSJON,DATO_OPPRETTET,OPPRETTET_AV,DATO_ENDRET,ENDRET_AV) VALUES ('580551914','543535707','226625212','0','2020-02-11 13:39:07','Z991305','2020-02-11 13:39:07','Z991305')
INSERT INTO T_OPPTJN_RP_KOMP (OPPTJN_RP_KOMP_ID,OPPTJN_ID,RP_KOMP_ID,VERSJON,DATO_OPPRETTET,OPPRETTET_AV,DATO_ENDRET,ENDRET_AV) VALUES ('580551930','543535899','226625212','0','2020-02-11 13:39:07','Z991305','2020-02-11 13:39:07','Z991305')
INSERT INTO T_OPPTJN_RP_KOMP (OPPTJN_RP_KOMP_ID,OPPTJN_ID,RP_KOMP_ID,VERSJON,DATO_OPPRETTET,OPPRETTET_AV,DATO_ENDRET,ENDRET_AV) VALUES ('580551927','543535911','226625212','0','2020-02-11 13:39:07','Z991305','2020-02-11 13:39:07','Z991305')
INSERT INTO T_OPPTJN_RP_KOMP (OPPTJN_RP_KOMP_ID,OPPTJN_ID,RP_KOMP_ID,VERSJON,DATO_OPPRETTET,OPPRETTET_AV,DATO_ENDRET,ENDRET_AV) VALUES ('580551912','543535709','226625212','0','2020-02-11 13:39:07','Z991305','2020-02-11 13:39:07','Z991305')
INSERT INTO T_OPPTJN_RP_KOMP (OPPTJN_RP_KOMP_ID,OPPTJN_ID,RP_KOMP_ID,VERSJON,DATO_OPPRETTET,OPPRETTET_AV,DATO_ENDRET,ENDRET_AV) VALUES ('580551924','543535711','226625212','0','2020-02-11 13:39:07','Z991305','2020-02-11 13:39:07','Z991305')
INSERT INTO T_OPPTJN_RP_KOMP (OPPTJN_RP_KOMP_ID,OPPTJN_ID,RP_KOMP_ID,VERSJON,DATO_OPPRETTET,OPPRETTET_AV,DATO_ENDRET,ENDRET_AV) VALUES ('580551921','543535905','226625212','0','2020-02-11 13:39:07','Z991305','2020-02-11 13:39:07','Z991305')
INSERT INTO T_OPPTJN_RP_KOMP (OPPTJN_RP_KOMP_ID,OPPTJN_ID,RP_KOMP_ID,VERSJON,DATO_OPPRETTET,OPPRETTET_AV,DATO_ENDRET,ENDRET_AV) VALUES ('580551922','543535689','226625212','0','2020-02-11 13:39:07','Z991305','2020-02-11 13:39:07','Z991305')
INSERT INTO T_OPPTJN_RP_KOMP (OPPTJN_RP_KOMP_ID,OPPTJN_ID,RP_KOMP_ID,VERSJON,DATO_OPPRETTET,OPPRETTET_AV,DATO_ENDRET,ENDRET_AV) VALUES ('580551919','543535893','226625212','0','2020-02-11 13:39:07','Z991305','2020-02-11 13:39:07','Z991305')
INSERT INTO T_OPPTJN_RP_KOMP (OPPTJN_RP_KOMP_ID,OPPTJN_ID,RP_KOMP_ID,VERSJON,DATO_OPPRETTET,OPPRETTET_AV,DATO_ENDRET,ENDRET_AV) VALUES ('580551911','543535687','226625212','0','2020-02-11 13:39:07','Z991305','2020-02-11 13:39:07','Z991305')
INSERT INTO T_OPPTJN_RP_KOMP (OPPTJN_RP_KOMP_ID,OPPTJN_ID,RP_KOMP_ID,VERSJON,DATO_OPPRETTET,OPPRETTET_AV,DATO_ENDRET,ENDRET_AV) VALUES ('580551923','543535699','226625212','0','2020-02-11 13:39:07','Z991305','2020-02-11 13:39:07','Z991305')
INSERT INTO T_OPPTJN_RP_KOMP (OPPTJN_RP_KOMP_ID,OPPTJN_ID,RP_KOMP_ID,VERSJON,DATO_OPPRETTET,OPPRETTET_AV,DATO_ENDRET,ENDRET_AV) VALUES ('580551909','543535891','226625212','0','2020-02-11 13:39:07','Z991305','2020-02-11 13:39:07','Z991305')
INSERT INTO T_OPPTJN_RP_KOMP (OPPTJN_RP_KOMP_ID,OPPTJN_ID,RP_KOMP_ID,VERSJON,DATO_OPPRETTET,OPPRETTET_AV,DATO_ENDRET,ENDRET_AV) VALUES ('580551920','543535697','226625212','0','2020-02-11 13:39:07','Z991305','2020-02-11 13:39:07','Z991305')
INSERT INTO T_OPPTJN_RP_KOMP (OPPTJN_RP_KOMP_ID,OPPTJN_ID,RP_KOMP_ID,VERSJON,DATO_OPPRETTET,OPPRETTET_AV,DATO_ENDRET,ENDRET_AV) VALUES ('580551929','543535703','226625212','0','2020-02-11 13:39:07','Z991305','2020-02-11 13:39:07','Z991305')
INSERT INTO T_OPPTJN_RP_KOMP (OPPTJN_RP_KOMP_ID,OPPTJN_ID,RP_KOMP_ID,VERSJON,DATO_OPPRETTET,OPPRETTET_AV,DATO_ENDRET,ENDRET_AV) VALUES ('580551916','543535897','226625212','0','2020-02-11 13:39:07','Z991305','2020-02-11 13:39:07','Z991305')
INSERT INTO T_OPPTJN_RP_KOMP (OPPTJN_RP_KOMP_ID,OPPTJN_ID,RP_KOMP_ID,VERSJON,DATO_OPPRETTET,OPPRETTET_AV,DATO_ENDRET,ENDRET_AV) VALUES ('580551932','543535907','226625212','0','2020-02-11 13:39:07','Z991305','2020-02-11 13:39:07','Z991305')
INSERT INTO T_OPPTJN_RP_KOMP (OPPTJN_RP_KOMP_ID,OPPTJN_ID,RP_KOMP_ID,VERSJON,DATO_OPPRETTET,OPPRETTET_AV,DATO_ENDRET,ENDRET_AV) VALUES ('580551917','543535691','226625212','0','2020-02-11 13:39:07','Z991305','2020-02-11 13:39:07','Z991305')
INSERT INTO T_OPPTJN_RP_KOMP (OPPTJN_RP_KOMP_ID,OPPTJN_ID,RP_KOMP_ID,VERSJON,DATO_OPPRETTET,OPPRETTET_AV,DATO_ENDRET,ENDRET_AV) VALUES ('580551926','543535693','226625212','0','2020-02-11 13:39:07','Z991305','2020-02-11 13:39:07','Z991305')
INSERT INTO T_OPPTJN_RP_KOMP (OPPTJN_RP_KOMP_ID,OPPTJN_ID,RP_KOMP_ID,VERSJON,DATO_OPPRETTET,OPPRETTET_AV,DATO_ENDRET,ENDRET_AV) VALUES ('580551908','543535705','226625212','0','2020-02-11 13:39:07','Z991305','2020-02-11 13:39:07','Z991305')
INSERT INTO T_OPPTJN_RP_KOMP (OPPTJN_RP_KOMP_ID,OPPTJN_ID,RP_KOMP_ID,VERSJON,DATO_OPPRETTET,OPPRETTET_AV,DATO_ENDRET,ENDRET_AV) VALUES ('580551913','543535901','226625212','0','2020-02-11 13:39:07','Z991305','2020-02-11 13:39:07','Z991305')
INSERT INTO T_OPPTJN_RP_KOMP (OPPTJN_RP_KOMP_ID,OPPTJN_ID,RP_KOMP_ID,VERSJON,DATO_OPPRETTET,OPPRETTET_AV,DATO_ENDRET,ENDRET_AV) VALUES ('580551918','543535887','226625212','0','2020-02-11 13:39:07','Z991305','2020-02-11 13:39:07','Z991305')
INSERT INTO T_OPPTJN_RP_KOMP (OPPTJN_RP_KOMP_ID,OPPTJN_ID,RP_KOMP_ID,VERSJON,DATO_OPPRETTET,OPPRETTET_AV,DATO_ENDRET,ENDRET_AV) VALUES ('580551915','543535889','226625212','0','2020-02-11 13:39:07','Z991305','2020-02-11 13:39:07','Z991305')
INSERT INTO T_OPPTJN_RP_KOMP (OPPTJN_RP_KOMP_ID,OPPTJN_ID,RP_KOMP_ID,VERSJON,DATO_OPPRETTET,OPPRETTET_AV,DATO_ENDRET,ENDRET_AV) VALUES ('580551931','543535909','226625212','0','2020-02-11 13:39:07','Z991305','2020-02-11 13:39:07','Z991305')
INSERT INTO T_LONN_VEKST_REG (DATO_OPPRETTET,OPPRETTET_AV,DATO_ENDRET,ENDRET_AV,LONNSVEKST_REG_ID,REGULERINGSBELOP,REGULERING_DATO,VERSJON) VALUES ('2020-02-11 13:34:21','srvpensjon','2020-02-11 13:34:21','srvpensjon','318311737','11011,368273982807','1981-12-31 00:00:00','0')
INSERT INTO T_LONN_VEKST_REG (DATO_OPPRETTET,OPPRETTET_AV,DATO_ENDRET,ENDRET_AV,LONNSVEKST_REG_ID,REGULERINGSBELOP,REGULERING_DATO,VERSJON) VALUES ('2020-02-11 13:34:21','srvpensjon','2020-02-11 13:34:21','srvpensjon','318311746','19793,29428603145','1990-12-31 00:00:00','0')
INSERT INTO T_LONN_VEKST_REG (DATO_OPPRETTET,OPPRETTET_AV,DATO_ENDRET,ENDRET_AV,LONNSVEKST_REG_ID,REGULERINGSBELOP,REGULERING_DATO,VERSJON) VALUES ('2020-02-11 13:34:21','srvpensjon','2020-02-11 13:34:21','srvpensjon','318311763','94555,41412872425','2007-12-31 00:00:00','0')
INSERT INTO T_LONN_VEKST_REG (DATO_OPPRETTET,OPPRETTET_AV,DATO_ENDRET,ENDRET_AV,LONNSVEKST_REG_ID,REGULERINGSBELOP,REGULERING_DATO,VERSJON) VALUES ('2020-02-11 13:34:21','srvpensjon','2020-02-11 13:34:21','srvpensjon','318311766','78042,14802490408','2010-12-31 00:00:00','0')
INSERT INTO T_LONN_VEKST_REG (DATO_OPPRETTET,OPPRETTET_AV,DATO_ENDRET,ENDRET_AV,LONNSVEKST_REG_ID,REGULERINGSBELOP,REGULERING_DATO,VERSJON) VALUES ('2020-02-11 13:34:21','srvpensjon','2020-02-11 13:34:21','srvpensjon','318311772','47979,23033060599','2015-05-01 00:00:00','0')
INSERT INTO T_LONN_VEKST_REG (DATO_OPPRETTET,OPPRETTET_AV,DATO_ENDRET,ENDRET_AV,LONNSVEKST_REG_ID,REGULERINGSBELOP,REGULERING_DATO,VERSJON) VALUES ('2020-02-11 13:34:21','srvpensjon','2020-02-11 13:34:21','srvpensjon','318311733','1504,0703811111125','1977-12-31 00:00:00','0')
INSERT INTO T_LONN_VEKST_REG (DATO_OPPRETTET,OPPRETTET_AV,DATO_ENDRET,ENDRET_AV,LONNSVEKST_REG_ID,REGULERINGSBELOP,REGULERING_DATO,VERSJON) VALUES ('2020-02-11 13:34:21','srvpensjon','2020-02-11 13:34:21','srvpensjon','318311755','50277,14871751587','1999-12-31 00:00:00','0')
INSERT INTO T_LONN_VEKST_REG (DATO_OPPRETTET,OPPRETTET_AV,DATO_ENDRET,ENDRET_AV,LONNSVEKST_REG_ID,REGULERINGSBELOP,REGULERING_DATO,VERSJON) VALUES ('2020-02-11 13:34:21','srvpensjon','2020-02-11 13:34:21','srvpensjon','318311757','60521,81329576718','2001-12-31 00:00:00','0')
INSERT INTO T_LONN_VEKST_REG (DATO_OPPRETTET,OPPRETTET_AV,DATO_ENDRET,ENDRET_AV,LONNSVEKST_REG_ID,REGULERINGSBELOP,REGULERING_DATO,VERSJON) VALUES ('2020-02-11 13:34:21','srvpensjon','2020-02-11 13:34:21','srvpensjon','318311764','101878,93454120634','2008-12-31 00:00:00','0')
INSERT INTO T_LONN_VEKST_REG (DATO_OPPRETTET,OPPRETTET_AV,DATO_ENDRET,ENDRET_AV,LONNSVEKST_REG_ID,REGULERINGSBELOP,REGULERING_DATO,VERSJON) VALUES ('2020-02-11 13:34:21','srvpensjon','2020-02-11 13:34:21','srvpensjon','318311735','2120,704403104064','1979-12-31 00:00:00','0')
INSERT INTO T_LONN_VEKST_REG (DATO_OPPRETTET,OPPRETTET_AV,DATO_ENDRET,ENDRET_AV,LONNSVEKST_REG_ID,REGULERINGSBELOP,REGULERING_DATO,VERSJON) VALUES ('2020-02-11 13:34:21','srvpensjon','2020-02-11 13:34:21','srvpensjon','318311738','13109,243260284216','1982-12-31 00:00:00','0')
INSERT INTO T_LONN_VEKST_REG (DATO_OPPRETTET,OPPRETTET_AV,DATO_ENDRET,ENDRET_AV,LONNSVEKST_REG_ID,REGULERINGSBELOP,REGULERING_DATO,VERSJON) VALUES ('2020-02-11 13:34:21','srvpensjon','2020-02-11 13:34:21','srvpensjon','318311771','88463,68249479635','2014-05-01 00:00:00','0')
INSERT INTO T_LONN_VEKST_REG (DATO_OPPRETTET,OPPRETTET_AV,DATO_ENDRET,ENDRET_AV,LONNSVEKST_REG_ID,REGULERINGSBELOP,REGULERING_DATO,VERSJON) VALUES ('2020-02-11 13:34:21','srvpensjon','2020-02-11 13:34:21','srvpensjon','318311740','11606,255977279448','1984-12-31 00:00:00','0')
INSERT INTO T_LONN_VEKST_REG (DATO_OPPRETTET,OPPRETTET_AV,DATO_ENDRET,ENDRET_AV,LONNSVEKST_REG_ID,REGULERINGSBELOP,REGULERING_DATO,VERSJON) VALUES ('2020-02-11 13:34:21','srvpensjon','2020-02-11 13:34:21','srvpensjon','318311741','16306,624390775745','1985-12-31 00:00:00','0')
INSERT INTO T_LONN_VEKST_REG (DATO_OPPRETTET,OPPRETTET_AV,DATO_ENDRET,ENDRET_AV,LONNSVEKST_REG_ID,REGULERINGSBELOP,REGULERING_DATO,VERSJON) VALUES ('2020-02-11 13:34:21','srvpensjon','2020-02-11 13:34:21','srvpensjon','318311756','51001,45442567021','2000-12-31 00:00:00','0')
INSERT INTO T_LONN_VEKST_REG (DATO_OPPRETTET,OPPRETTET_AV,DATO_ENDRET,ENDRET_AV,LONNSVEKST_REG_ID,REGULERINGSBELOP,REGULERING_DATO,VERSJON) VALUES ('2020-02-11 13:34:21','srvpensjon','2020-02-11 13:34:21','srvpensjon','318311765','106685,8784412907','2009-12-31 00:00:00','0')
INSERT INTO T_LONN_VEKST_REG (DATO_OPPRETTET,OPPRETTET_AV,DATO_ENDRET,ENDRET_AV,LONNSVEKST_REG_ID,REGULERINGSBELOP,REGULERING_DATO,VERSJON) VALUES ('2020-02-11 13:34:21','srvpensjon','2020-02-11 13:34:21','srvpensjon','318311744','20658,97606053116','1988-12-31 00:00:00','0')
INSERT INTO T_LONN_VEKST_REG (DATO_OPPRETTET,OPPRETTET_AV,DATO_ENDRET,ENDRET_AV,LONNSVEKST_REG_ID,REGULERINGSBELOP,REGULERING_DATO,VERSJON) VALUES ('2020-02-11 13:34:21','srvpensjon','2020-02-11 13:34:21','srvpensjon','318311760','61500,6057804951','2004-12-31 00:00:00','0')
INSERT INTO T_LONN_VEKST_REG (DATO_OPPRETTET,OPPRETTET_AV,DATO_ENDRET,ENDRET_AV,LONNSVEKST_REG_ID,REGULERINGSBELOP,REGULERING_DATO,VERSJON) VALUES ('2020-02-11 13:34:21','srvpensjon','2020-02-11 13:34:21','srvpensjon','318311762','59436,44751751772','2006-12-31 00:00:00','0')
INSERT INTO T_LONN_VEKST_REG (DATO_OPPRETTET,OPPRETTET_AV,DATO_ENDRET,ENDRET_AV,LONNSVEKST_REG_ID,REGULERINGSBELOP,REGULERING_DATO,VERSJON) VALUES ('2020-02-11 13:34:21','srvpensjon','2020-02-11 13:34:21','srvpensjon','318311770','88244,00137558253','2013-05-01 00:00:00','0')
INSERT INTO T_LONN_VEKST_REG (DATO_OPPRETTET,OPPRETTET_AV,DATO_ENDRET,ENDRET_AV,LONNSVEKST_REG_ID,REGULERINGSBELOP,REGULERING_DATO,VERSJON) VALUES ('2020-02-11 13:34:21','srvpensjon','2020-02-11 13:34:21','srvpensjon','318311773','70803,74985271366','2016-05-01 00:00:00','0')
INSERT INTO T_LONN_VEKST_REG (DATO_OPPRETTET,OPPRETTET_AV,DATO_ENDRET,ENDRET_AV,LONNSVEKST_REG_ID,REGULERINGSBELOP,REGULERING_DATO,VERSJON) VALUES ('2020-02-11 13:34:21','srvpensjon','2020-02-11 13:34:21','srvpensjon','318311747','23784,577372294967','1991-12-31 00:00:00','0')
INSERT INTO T_LONN_VEKST_REG (DATO_OPPRETTET,OPPRETTET_AV,DATO_ENDRET,ENDRET_AV,LONNSVEKST_REG_ID,REGULERINGSBELOP,REGULERING_DATO,VERSJON) VALUES ('2020-02-11 13:34:21','srvpensjon','2020-02-11 13:34:21','srvpensjon','318311750','15406,143752664793','1994-12-31 00:00:00','0')
INSERT INTO T_LONN_VEKST_REG (DATO_OPPRETTET,OPPRETTET_AV,DATO_ENDRET,ENDRET_AV,LONNSVEKST_REG_ID,REGULERINGSBELOP,REGULERING_DATO,VERSJON) VALUES ('2020-02-11 13:34:21','srvpensjon','2020-02-11 13:34:21','srvpensjon','318311753','36313,08577957202','1997-12-31 00:00:00','0')
INSERT INTO T_LONN_VEKST_REG (DATO_OPPRETTET,OPPRETTET_AV,DATO_ENDRET,ENDRET_AV,LONNSVEKST_REG_ID,REGULERINGSBELOP,REGULERING_DATO,VERSJON) VALUES ('2020-02-11 13:34:21','srvpensjon','2020-02-11 13:34:21','srvpensjon','318311754','57733,351168462774','1998-12-31 00:00:00','0')
INSERT INTO T_LONN_VEKST_REG (DATO_OPPRETTET,OPPRETTET_AV,DATO_ENDRET,ENDRET_AV,LONNSVEKST_REG_ID,REGULERINGSBELOP,REGULERING_DATO,VERSJON) VALUES ('2020-02-11 13:34:21','srvpensjon','2020-02-11 13:34:21','srvpensjon','318311761','54290,18993036798','2005-12-31 00:00:00','0')
INSERT INTO T_LONN_VEKST_REG (DATO_OPPRETTET,OPPRETTET_AV,DATO_ENDRET,ENDRET_AV,LONNSVEKST_REG_ID,REGULERINGSBELOP,REGULERING_DATO,VERSJON) VALUES ('2020-02-11 13:34:21','srvpensjon','2020-02-11 13:34:21','srvpensjon','318311767','78042,14802490408','2010-12-31 00:00:00','0')
INSERT INTO T_LONN_VEKST_REG (DATO_OPPRETTET,OPPRETTET_AV,DATO_ENDRET,ENDRET_AV,LONNSVEKST_REG_ID,REGULERINGSBELOP,REGULERING_DATO,VERSJON) VALUES ('2020-02-11 13:34:21','srvpensjon','2020-02-11 13:34:21','srvpensjon','318311736','6233,786017359787','1980-12-31 00:00:00','0')
INSERT INTO T_LONN_VEKST_REG (DATO_OPPRETTET,OPPRETTET_AV,DATO_ENDRET,ENDRET_AV,LONNSVEKST_REG_ID,REGULERINGSBELOP,REGULERING_DATO,VERSJON) VALUES ('2020-02-11 13:34:21','srvpensjon','2020-02-11 13:34:21','srvpensjon','318311739','12682,92549565484','1983-12-31 00:00:00','0')
INSERT INTO T_LONN_VEKST_REG (DATO_OPPRETTET,OPPRETTET_AV,DATO_ENDRET,ENDRET_AV,LONNSVEKST_REG_ID,REGULERINGSBELOP,REGULERING_DATO,VERSJON) VALUES ('2020-02-11 13:34:21','srvpensjon','2020-02-11 13:34:21','srvpensjon','318311751','21221,24060548551','1995-12-31 00:00:00','0')
INSERT INTO T_LONN_VEKST_REG (DATO_OPPRETTET,OPPRETTET_AV,DATO_ENDRET,ENDRET_AV,LONNSVEKST_REG_ID,REGULERINGSBELOP,REGULERING_DATO,VERSJON) VALUES ('2020-02-11 13:34:21','srvpensjon','2020-02-11 13:34:21','srvpensjon','318311758','74366,24974836875','2002-12-31 00:00:00','0')
INSERT INTO T_LONN_VEKST_REG (DATO_OPPRETTET,OPPRETTET_AV,DATO_ENDRET,ENDRET_AV,LONNSVEKST_REG_ID,REGULERINGSBELOP,REGULERING_DATO,VERSJON) VALUES ('2020-02-11 13:34:21','srvpensjon','2020-02-11 13:34:21','srvpensjon','318311759','77222,1399478307','2003-12-31 00:00:00','0')
INSERT INTO T_LONN_VEKST_REG (DATO_OPPRETTET,OPPRETTET_AV,DATO_ENDRET,ENDRET_AV,LONNSVEKST_REG_ID,REGULERINGSBELOP,REGULERING_DATO,VERSJON) VALUES ('2020-02-11 13:34:21','srvpensjon','2020-02-11 13:34:21','srvpensjon','318311769','82208,09071506932','2012-05-01 00:00:00','0')
INSERT INTO T_LONN_VEKST_REG (DATO_OPPRETTET,OPPRETTET_AV,DATO_ENDRET,ENDRET_AV,LONNSVEKST_REG_ID,REGULERINGSBELOP,REGULERING_DATO,VERSJON) VALUES ('2020-02-11 13:34:21','srvpensjon','2020-02-11 13:34:21','srvpensjon','318311734','2538,3187706111094','1978-12-31 00:00:00','0')
INSERT INTO T_LONN_VEKST_REG (DATO_OPPRETTET,OPPRETTET_AV,DATO_ENDRET,ENDRET_AV,LONNSVEKST_REG_ID,REGULERINGSBELOP,REGULERING_DATO,VERSJON) VALUES ('2020-02-11 13:34:21','srvpensjon','2020-02-11 13:34:21','srvpensjon','318311742','22838,412747911352','1986-12-31 00:00:00','0')
INSERT INTO T_LONN_VEKST_REG (DATO_OPPRETTET,OPPRETTET_AV,DATO_ENDRET,ENDRET_AV,LONNSVEKST_REG_ID,REGULERINGSBELOP,REGULERING_DATO,VERSJON) VALUES ('2020-02-11 13:34:21','srvpensjon','2020-02-11 13:34:21','srvpensjon','318311743','21940,101515049406','1987-12-31 00:00:00','0')
INSERT INTO T_LONN_VEKST_REG (DATO_OPPRETTET,OPPRETTET_AV,DATO_ENDRET,ENDRET_AV,LONNSVEKST_REG_ID,REGULERINGSBELOP,REGULERING_DATO,VERSJON) VALUES ('2020-02-11 13:34:21','srvpensjon','2020-02-11 13:34:21','srvpensjon','318311745','20146,746817711042','1989-12-31 00:00:00','0')
INSERT INTO T_LONN_VEKST_REG (DATO_OPPRETTET,OPPRETTET_AV,DATO_ENDRET,ENDRET_AV,LONNSVEKST_REG_ID,REGULERINGSBELOP,REGULERING_DATO,VERSJON) VALUES ('2020-02-11 13:34:21','srvpensjon','2020-02-11 13:34:21','srvpensjon','318311748','19732,38813740271','1992-12-31 00:00:00','0')
INSERT INTO T_LONN_VEKST_REG (DATO_OPPRETTET,OPPRETTET_AV,DATO_ENDRET,ENDRET_AV,LONNSVEKST_REG_ID,REGULERINGSBELOP,REGULERING_DATO,VERSJON) VALUES ('2020-02-11 13:34:21','srvpensjon','2020-02-11 13:34:21','srvpensjon','318311749','16010,81567298714','1993-12-31 00:00:00','0')
INSERT INTO T_LONN_VEKST_REG (DATO_OPPRETTET,OPPRETTET_AV,DATO_ENDRET,ENDRET_AV,LONNSVEKST_REG_ID,REGULERINGSBELOP,REGULERING_DATO,VERSJON) VALUES ('2020-02-11 13:34:21','srvpensjon','2020-02-11 13:34:21','srvpensjon','318311752','33996,619968745625','1996-12-31 00:00:00','0')
INSERT INTO T_LONN_VEKST_REG (DATO_OPPRETTET,OPPRETTET_AV,DATO_ENDRET,ENDRET_AV,LONNSVEKST_REG_ID,REGULERINGSBELOP,REGULERING_DATO,VERSJON) VALUES ('2020-02-11 13:34:21','srvpensjon','2020-02-11 13:34:21','srvpensjon','318311768','101166,9215278835','2011-05-01 00:00:00','0')
INSERT INTO T_LONN_VEKST_REG (DATO_OPPRETTET,OPPRETTET_AV,DATO_ENDRET,ENDRET_AV,LONNSVEKST_REG_ID,REGULERINGSBELOP,REGULERING_DATO,VERSJON) VALUES ('2020-02-11 13:34:21','srvpensjon','2020-02-11 13:34:21','srvpensjon','318311774','29841,793982887175','2017-05-01 00:00:00','0')
INSERT INTO T_LONN_VEKST_REG (DATO_OPPRETTET,OPPRETTET_AV,DATO_ENDRET,ENDRET_AV,LONNSVEKST_REG_ID,REGULERINGSBELOP,REGULERING_DATO,VERSJON) VALUES ('2020-02-11 13:34:21','srvpensjon','2020-02-11 13:34:21','srvpensjon','318311775','91869,74281315133','2018-05-01 00:00:00','0')
INSERT INTO T_INNTEKT_OPPTJ (VERSJON,DATO_OPPRETTET,OPPRETTET_AV,DATO_ENDRET,ENDRET_AV,INNTEKT_OPPTJ_ID,INNTEKT_ID,AR,BELOP) VALUES ('0','2020-02-11 13:34:21','srvpensjon','2020-02-11 13:34:21','srvpensjon','302268470','585461816','1982','124178')
INSERT INTO T_INNTEKT_OPPTJ (VERSJON,DATO_OPPRETTET,OPPRETTET_AV,DATO_ENDRET,ENDRET_AV,INNTEKT_OPPTJ_ID,INNTEKT_ID,AR,BELOP) VALUES ('0','2020-02-11 13:34:21','srvpensjon','2020-02-11 13:34:21','srvpensjon','302268475','585462022','1987','175852')
INSERT INTO T_INNTEKT_OPPTJ (VERSJON,DATO_OPPRETTET,OPPRETTET_AV,DATO_ENDRET,ENDRET_AV,INNTEKT_OPPTJ_ID,INNTEKT_ID,AR,BELOP) VALUES ('0','2020-02-11 13:34:21','srvpensjon','2020-02-11 13:34:21','srvpensjon','302268477','585462024','1989','193925')
INSERT INTO T_INNTEKT_OPPTJ (VERSJON,DATO_OPPRETTET,OPPRETTET_AV,DATO_ENDRET,ENDRET_AV,INNTEKT_OPPTJ_ID,INNTEKT_ID,AR,BELOP) VALUES ('0','2020-02-11 13:34:21','srvpensjon','2020-02-11 13:34:21','srvpensjon','302268484','585461830','1996','242805')
INSERT INTO T_INNTEKT_OPPTJ (VERSJON,DATO_OPPRETTET,OPPRETTET_AV,DATO_ENDRET,ENDRET_AV,INNTEKT_OPPTJ_ID,INNTEKT_ID,AR,BELOP) VALUES ('0','2020-02-11 13:34:21','srvpensjon','2020-02-11 13:34:21','srvpensjon','302268468','585461814','1980','99940')
INSERT INTO T_INNTEKT_OPPTJ (VERSJON,DATO_OPPRETTET,OPPRETTET_AV,DATO_ENDRET,ENDRET_AV,INNTEKT_OPPTJ_ID,INNTEKT_ID,AR,BELOP) VALUES ('0','2020-02-11 13:34:21','srvpensjon','2020-02-11 13:34:21','srvpensjon','302268478','585461824','1990','201736')
INSERT INTO T_INNTEKT_OPPTJ (VERSJON,DATO_OPPRETTET,OPPRETTET_AV,DATO_ENDRET,ENDRET_AV,INNTEKT_OPPTJ_ID,INNTEKT_ID,AR,BELOP) VALUES ('0','2020-02-11 13:34:21','srvpensjon','2020-02-11 13:34:21','srvpensjon','302268483','585462030','1995','233413')
INSERT INTO T_INNTEKT_OPPTJ (VERSJON,DATO_OPPRETTET,OPPRETTET_AV,DATO_ENDRET,ENDRET_AV,INNTEKT_OPPTJ_ID,INNTEKT_ID,AR,BELOP) VALUES ('0','2020-02-11 13:34:21','srvpensjon','2020-02-11 13:34:21','srvpensjon','302268485','585462032','1997','252358')
INSERT INTO T_INNTEKT_OPPTJ (VERSJON,DATO_OPPRETTET,OPPRETTET_AV,DATO_ENDRET,ENDRET_AV,INNTEKT_OPPTJ_ID,INNTEKT_ID,AR,BELOP) VALUES ('0','2020-02-11 13:34:21','srvpensjon','2020-02-11 13:34:21','srvpensjon','302268486','585461832','1998','266857')
INSERT INTO T_INNTEKT_OPPTJ (VERSJON,DATO_OPPRETTET,OPPRETTET_AV,DATO_ENDRET,ENDRET_AV,INNTEKT_OPPTJ_ID,INNTEKT_ID,AR,BELOP) VALUES ('0','2020-02-11 13:34:21','srvpensjon','2020-02-11 13:34:21','srvpensjon','302268463','585462010','1975','64892')
INSERT INTO T_INNTEKT_OPPTJ (VERSJON,DATO_OPPRETTET,OPPRETTET_AV,DATO_ENDRET,ENDRET_AV,INNTEKT_OPPTJ_ID,INNTEKT_ID,AR,BELOP) VALUES ('0','2020-02-11 13:34:21','srvpensjon','2020-02-11 13:34:21','srvpensjon','302268474','585461820','1986','164832')
INSERT INTO T_INNTEKT_OPPTJ (VERSJON,DATO_OPPRETTET,OPPRETTET_AV,DATO_ENDRET,ENDRET_AV,INNTEKT_OPPTJ_ID,INNTEKT_ID,AR,BELOP) VALUES ('0','2020-02-11 13:34:21','srvpensjon','2020-02-11 13:34:21','srvpensjon','302268476','585461822','1988','185363')
INSERT INTO T_INNTEKT_OPPTJ (VERSJON,DATO_OPPRETTET,OPPRETTET_AV,DATO_ENDRET,ENDRET_AV,INNTEKT_OPPTJ_ID,INNTEKT_ID,AR,BELOP) VALUES ('0','2020-02-11 13:34:21','srvpensjon','2020-02-11 13:34:21','srvpensjon','302268465','585462012','1977','80412')
INSERT INTO T_INNTEKT_OPPTJ (VERSJON,DATO_OPPRETTET,OPPRETTET_AV,DATO_ENDRET,ENDRET_AV,INNTEKT_OPPTJ_ID,INNTEKT_ID,AR,BELOP) VALUES ('0','2020-02-11 13:34:21','srvpensjon','2020-02-11 13:34:21','srvpensjon','302268464','585461810','1976','72102')
INSERT INTO T_INNTEKT_OPPTJ (VERSJON,DATO_OPPRETTET,OPPRETTET_AV,DATO_ENDRET,ENDRET_AV,INNTEKT_OPPTJ_ID,INNTEKT_ID,AR,BELOP) VALUES ('0','2020-02-11 13:34:21','srvpensjon','2020-02-11 13:34:21','srvpensjon','302268466','585461812','1978','87424')
INSERT INTO T_INNTEKT_OPPTJ (VERSJON,DATO_OPPRETTET,OPPRETTET_AV,DATO_ENDRET,ENDRET_AV,INNTEKT_OPPTJ_ID,INNTEKT_ID,AR,BELOP) VALUES ('0','2020-02-11 13:34:21','srvpensjon','2020-02-11 13:34:21','srvpensjon','302268467','585462014','1979','91330')
INSERT INTO T_INNTEKT_OPPTJ (VERSJON,DATO_OPPRETTET,OPPRETTET_AV,DATO_ENDRET,ENDRET_AV,INNTEKT_OPPTJ_ID,INNTEKT_ID,AR,BELOP) VALUES ('0','2020-02-11 13:34:21','srvpensjon','2020-02-11 13:34:21','srvpensjon','302268472','585461818','1984','142204')
INSERT INTO T_INNTEKT_OPPTJ (VERSJON,DATO_OPPRETTET,OPPRETTET_AV,DATO_ENDRET,ENDRET_AV,INNTEKT_OPPTJ_ID,INNTEKT_ID,AR,BELOP) VALUES ('0','2020-02-11 13:34:21','srvpensjon','2020-02-11 13:34:21','srvpensjon','302268481','585462028','1993','222514')
INSERT INTO T_INNTEKT_OPPTJ (VERSJON,DATO_OPPRETTET,OPPRETTET_AV,DATO_ENDRET,ENDRET_AV,INNTEKT_OPPTJ_ID,INNTEKT_ID,AR,BELOP) VALUES ('0','2020-02-11 13:34:21','srvpensjon','2020-02-11 13:34:21','srvpensjon','302268482','585461828','1994','227243')
INSERT INTO T_INNTEKT_OPPTJ (VERSJON,DATO_OPPRETTET,OPPRETTET_AV,DATO_ENDRET,ENDRET_AV,INNTEKT_OPPTJ_ID,INNTEKT_ID,AR,BELOP) VALUES ('0','2020-02-11 13:34:21','srvpensjon','2020-02-11 13:34:21','srvpensjon','302268487','585462034','1999','278934')
INSERT INTO T_INNTEKT_OPPTJ (VERSJON,DATO_OPPRETTET,OPPRETTET_AV,DATO_ENDRET,ENDRET_AV,INNTEKT_OPPTJ_ID,INNTEKT_ID,AR,BELOP) VALUES ('0','2020-02-11 13:34:21','srvpensjon','2020-02-11 13:34:21','srvpensjon','302268488','585461834','2000','290675')
INSERT INTO T_INNTEKT_OPPTJ (VERSJON,DATO_OPPRETTET,OPPRETTET_AV,DATO_ENDRET,ENDRET_AV,INNTEKT_OPPTJ_ID,INNTEKT_ID,AR,BELOP) VALUES ('0','2020-02-11 13:34:21','srvpensjon','2020-02-11 13:34:21','srvpensjon','302268473','585462020','1985','152214')
INSERT INTO T_INNTEKT_OPPTJ (VERSJON,DATO_OPPRETTET,OPPRETTET_AV,DATO_ENDRET,ENDRET_AV,INNTEKT_OPPTJ_ID,INNTEKT_ID,AR,BELOP) VALUES ('0','2020-02-11 13:34:21','srvpensjon','2020-02-11 13:34:21','srvpensjon','302268479','585462026','1991','210497')
INSERT INTO T_INNTEKT_OPPTJ (VERSJON,DATO_OPPRETTET,OPPRETTET_AV,DATO_ENDRET,ENDRET_AV,INNTEKT_OPPTJ_ID,INNTEKT_ID,AR,BELOP) VALUES ('0','2020-02-11 13:34:21','srvpensjon','2020-02-11 13:34:21','srvpensjon','302268480','585461826','1992','217311')
INSERT INTO T_INNTEKT_OPPTJ (VERSJON,DATO_OPPRETTET,OPPRETTET_AV,DATO_ENDRET,ENDRET_AV,INNTEKT_OPPTJ_ID,INNTEKT_ID,AR,BELOP) VALUES ('0','2020-02-11 13:34:21','srvpensjon','2020-02-11 13:34:21','srvpensjon','302268469','585462016','1981','112107')
INSERT INTO T_INNTEKT_OPPTJ (VERSJON,DATO_OPPRETTET,OPPRETTET_AV,DATO_ENDRET,ENDRET_AV,INNTEKT_OPPTJ_ID,INNTEKT_ID,AR,BELOP) VALUES ('0','2020-02-11 13:34:21','srvpensjon','2020-02-11 13:34:21','srvpensjon','302268471','585462018','1983','134189')
INSERT INTO T_ENDR_OPPTJN_GRL (ENDR_OPPTJN_GRL_ID,OPPTJN_AR,NY_GRL_ID,UGYLDIG_GRL_ID,STATUS,K_GRUNNLAG_T,PERSON_ID,VERSJON,DATO_OPPRETTET,OPPRETTET_AV,DATO_ENDRET,ENDRET_AV) VALUES ('232523596','1982','585461816',null,null,'INNTEKT','22347372','0','2020-02-11 13:33:40','srvpensjon','2020-02-11 13:33:40','srvpensjon')
INSERT INTO T_ENDR_OPPTJN_GRL (ENDR_OPPTJN_GRL_ID,OPPTJN_AR,NY_GRL_ID,UGYLDIG_GRL_ID,STATUS,K_GRUNNLAG_T,PERSON_ID,VERSJON,DATO_OPPRETTET,OPPRETTET_AV,DATO_ENDRET,ENDRET_AV) VALUES ('232523612','1998','585461832',null,null,'INNTEKT','22347372','0','2020-02-11 13:34:17','srvpensjon','2020-02-11 13:34:17','srvpensjon')
INSERT INTO T_ENDR_OPPTJN_GRL (ENDR_OPPTJN_GRL_ID,OPPTJN_AR,NY_GRL_ID,UGYLDIG_GRL_ID,STATUS,K_GRUNNLAG_T,PERSON_ID,VERSJON,DATO_OPPRETTET,OPPRETTET_AV,DATO_ENDRET,ENDRET_AV) VALUES ('232523614','2000','585461834',null,null,'INNTEKT','22347372','0','2020-02-11 13:34:21','srvpensjon','2020-02-11 13:34:21','srvpensjon')
INSERT INTO T_ENDR_OPPTJN_GRL (ENDR_OPPTJN_GRL_ID,OPPTJN_AR,NY_GRL_ID,UGYLDIG_GRL_ID,STATUS,K_GRUNNLAG_T,PERSON_ID,VERSJON,DATO_OPPRETTET,OPPRETTET_AV,DATO_ENDRET,ENDRET_AV) VALUES ('232523792','1977','585462012',null,null,'INNTEKT','22347372','0','2020-02-11 13:33:28','srvpensjon','2020-02-11 13:33:28','srvpensjon')
INSERT INTO T_ENDR_OPPTJN_GRL (ENDR_OPPTJN_GRL_ID,OPPTJN_AR,NY_GRL_ID,UGYLDIG_GRL_ID,STATUS,K_GRUNNLAG_T,PERSON_ID,VERSJON,DATO_OPPRETTET,OPPRETTET_AV,DATO_ENDRET,ENDRET_AV) VALUES ('232523808','1993','585462028',null,null,'INNTEKT','22347372','0','2020-02-11 13:34:05','srvpensjon','2020-02-11 13:34:05','srvpensjon')
INSERT INTO T_ENDR_OPPTJN_GRL (ENDR_OPPTJN_GRL_ID,OPPTJN_AR,NY_GRL_ID,UGYLDIG_GRL_ID,STATUS,K_GRUNNLAG_T,PERSON_ID,VERSJON,DATO_OPPRETTET,OPPRETTET_AV,DATO_ENDRET,ENDRET_AV) VALUES ('232523602','1988','585461822',null,null,'INNTEKT','22347372','0','2020-02-11 13:33:54','srvpensjon','2020-02-11 13:33:54','srvpensjon')
INSERT INTO T_ENDR_OPPTJN_GRL (ENDR_OPPTJN_GRL_ID,OPPTJN_AR,NY_GRL_ID,UGYLDIG_GRL_ID,STATUS,K_GRUNNLAG_T,PERSON_ID,VERSJON,DATO_OPPRETTET,OPPRETTET_AV,DATO_ENDRET,ENDRET_AV) VALUES ('232523604','1990','585461824',null,null,'INNTEKT','22347372','0','2020-02-11 13:33:58','srvpensjon','2020-02-11 13:33:58','srvpensjon')
INSERT INTO T_ENDR_OPPTJN_GRL (ENDR_OPPTJN_GRL_ID,OPPTJN_AR,NY_GRL_ID,UGYLDIG_GRL_ID,STATUS,K_GRUNNLAG_T,PERSON_ID,VERSJON,DATO_OPPRETTET,OPPRETTET_AV,DATO_ENDRET,ENDRET_AV) VALUES ('232523800','1985','585462020',null,null,'INNTEKT','22347372','0','2020-02-11 13:33:47','srvpensjon','2020-02-11 13:33:47','srvpensjon')
INSERT INTO T_ENDR_OPPTJN_GRL (ENDR_OPPTJN_GRL_ID,OPPTJN_AR,NY_GRL_ID,UGYLDIG_GRL_ID,STATUS,K_GRUNNLAG_T,PERSON_ID,VERSJON,DATO_OPPRETTET,OPPRETTET_AV,DATO_ENDRET,ENDRET_AV) VALUES ('232523804','1989','585462024',null,null,'INNTEKT','22347372','0','2020-02-11 13:33:56','srvpensjon','2020-02-11 13:33:56','srvpensjon')
INSERT INTO T_ENDR_OPPTJN_GRL (ENDR_OPPTJN_GRL_ID,OPPTJN_AR,NY_GRL_ID,UGYLDIG_GRL_ID,STATUS,K_GRUNNLAG_T,PERSON_ID,VERSJON,DATO_OPPRETTET,OPPRETTET_AV,DATO_ENDRET,ENDRET_AV) VALUES ('232523806','1991','585462026',null,null,'INNTEKT','22347372','0','2020-02-11 13:34:00','srvpensjon','2020-02-11 13:34:00','srvpensjon')
INSERT INTO T_ENDR_OPPTJN_GRL (ENDR_OPPTJN_GRL_ID,OPPTJN_AR,NY_GRL_ID,UGYLDIG_GRL_ID,STATUS,K_GRUNNLAG_T,PERSON_ID,VERSJON,DATO_OPPRETTET,OPPRETTET_AV,DATO_ENDRET,ENDRET_AV) VALUES ('232523814','1999','585462034',null,null,'INNTEKT','22347372','0','2020-02-11 13:34:19','srvpensjon','2020-02-11 13:34:19','srvpensjon')
INSERT INTO T_ENDR_OPPTJN_GRL (ENDR_OPPTJN_GRL_ID,OPPTJN_AR,NY_GRL_ID,UGYLDIG_GRL_ID,STATUS,K_GRUNNLAG_T,PERSON_ID,VERSJON,DATO_OPPRETTET,OPPRETTET_AV,DATO_ENDRET,ENDRET_AV) VALUES ('232523600','1986','585461820',null,null,'INNTEKT','22347372','0','2020-02-11 13:33:50','srvpensjon','2020-02-11 13:33:50','srvpensjon')
INSERT INTO T_ENDR_OPPTJN_GRL (ENDR_OPPTJN_GRL_ID,OPPTJN_AR,NY_GRL_ID,UGYLDIG_GRL_ID,STATUS,K_GRUNNLAG_T,PERSON_ID,VERSJON,DATO_OPPRETTET,OPPRETTET_AV,DATO_ENDRET,ENDRET_AV) VALUES ('232523810','1995','585462030',null,null,'INNTEKT','22347372','0','2020-02-11 13:34:11','srvpensjon','2020-02-11 13:34:11','srvpensjon')
INSERT INTO T_ENDR_OPPTJN_GRL (ENDR_OPPTJN_GRL_ID,OPPTJN_AR,NY_GRL_ID,UGYLDIG_GRL_ID,STATUS,K_GRUNNLAG_T,PERSON_ID,VERSJON,DATO_OPPRETTET,OPPRETTET_AV,DATO_ENDRET,ENDRET_AV) VALUES ('232523594','1980','585461814',null,null,'INNTEKT','22347372','0','2020-02-11 13:33:35','srvpensjon','2020-02-11 13:33:35','srvpensjon')
INSERT INTO T_ENDR_OPPTJN_GRL (ENDR_OPPTJN_GRL_ID,OPPTJN_AR,NY_GRL_ID,UGYLDIG_GRL_ID,STATUS,K_GRUNNLAG_T,PERSON_ID,VERSJON,DATO_OPPRETTET,OPPRETTET_AV,DATO_ENDRET,ENDRET_AV) VALUES ('232523606','1992','585461826',null,null,'INNTEKT','22347372','0','2020-02-11 13:34:02','srvpensjon','2020-02-11 13:34:02','srvpensjon')
INSERT INTO T_ENDR_OPPTJN_GRL (ENDR_OPPTJN_GRL_ID,OPPTJN_AR,NY_GRL_ID,UGYLDIG_GRL_ID,STATUS,K_GRUNNLAG_T,PERSON_ID,VERSJON,DATO_OPPRETTET,OPPRETTET_AV,DATO_ENDRET,ENDRET_AV) VALUES ('232523590','1976','585461810',null,null,'INNTEKT','22347372','0','2020-02-11 13:33:26','srvpensjon','2020-02-11 13:33:26','srvpensjon')
INSERT INTO T_ENDR_OPPTJN_GRL (ENDR_OPPTJN_GRL_ID,OPPTJN_AR,NY_GRL_ID,UGYLDIG_GRL_ID,STATUS,K_GRUNNLAG_T,PERSON_ID,VERSJON,DATO_OPPRETTET,OPPRETTET_AV,DATO_ENDRET,ENDRET_AV) VALUES ('232523608','1994','585461828',null,null,'INNTEKT','22347372','0','2020-02-11 13:34:08','srvpensjon','2020-02-11 13:34:08','srvpensjon')
INSERT INTO T_ENDR_OPPTJN_GRL (ENDR_OPPTJN_GRL_ID,OPPTJN_AR,NY_GRL_ID,UGYLDIG_GRL_ID,STATUS,K_GRUNNLAG_T,PERSON_ID,VERSJON,DATO_OPPRETTET,OPPRETTET_AV,DATO_ENDRET,ENDRET_AV) VALUES ('232523610','1996','585461830',null,null,'INNTEKT','22347372','0','2020-02-11 13:34:13','srvpensjon','2020-02-11 13:34:13','srvpensjon')
INSERT INTO T_ENDR_OPPTJN_GRL (ENDR_OPPTJN_GRL_ID,OPPTJN_AR,NY_GRL_ID,UGYLDIG_GRL_ID,STATUS,K_GRUNNLAG_T,PERSON_ID,VERSJON,DATO_OPPRETTET,OPPRETTET_AV,DATO_ENDRET,ENDRET_AV) VALUES ('232523794','1979','585462014',null,null,'INNTEKT','22347372','0','2020-02-11 13:33:32','srvpensjon','2020-02-11 13:33:32','srvpensjon')
INSERT INTO T_ENDR_OPPTJN_GRL (ENDR_OPPTJN_GRL_ID,OPPTJN_AR,NY_GRL_ID,UGYLDIG_GRL_ID,STATUS,K_GRUNNLAG_T,PERSON_ID,VERSJON,DATO_OPPRETTET,OPPRETTET_AV,DATO_ENDRET,ENDRET_AV) VALUES ('232523592','1978','585461812',null,null,'INNTEKT','22347372','0','2020-02-11 13:33:30','srvpensjon','2020-02-11 13:33:30','srvpensjon')
INSERT INTO T_ENDR_OPPTJN_GRL (ENDR_OPPTJN_GRL_ID,OPPTJN_AR,NY_GRL_ID,UGYLDIG_GRL_ID,STATUS,K_GRUNNLAG_T,PERSON_ID,VERSJON,DATO_OPPRETTET,OPPRETTET_AV,DATO_ENDRET,ENDRET_AV) VALUES ('232523598','1984','585461818',null,null,'INNTEKT','22347372','0','2020-02-11 13:33:45','srvpensjon','2020-02-11 13:33:45','srvpensjon')
INSERT INTO T_ENDR_OPPTJN_GRL (ENDR_OPPTJN_GRL_ID,OPPTJN_AR,NY_GRL_ID,UGYLDIG_GRL_ID,STATUS,K_GRUNNLAG_T,PERSON_ID,VERSJON,DATO_OPPRETTET,OPPRETTET_AV,DATO_ENDRET,ENDRET_AV) VALUES ('232523790','1975','585462010',null,null,'INNTEKT','22347372','0','2020-02-11 13:33:23','srvpensjon','2020-02-11 13:33:23','srvpensjon')
INSERT INTO T_ENDR_OPPTJN_GRL (ENDR_OPPTJN_GRL_ID,OPPTJN_AR,NY_GRL_ID,UGYLDIG_GRL_ID,STATUS,K_GRUNNLAG_T,PERSON_ID,VERSJON,DATO_OPPRETTET,OPPRETTET_AV,DATO_ENDRET,ENDRET_AV) VALUES ('232523802','1987','585462022',null,null,'INNTEKT','22347372','0','2020-02-11 13:33:52','srvpensjon','2020-02-11 13:33:52','srvpensjon')
INSERT INTO T_ENDR_OPPTJN_GRL (ENDR_OPPTJN_GRL_ID,OPPTJN_AR,NY_GRL_ID,UGYLDIG_GRL_ID,STATUS,K_GRUNNLAG_T,PERSON_ID,VERSJON,DATO_OPPRETTET,OPPRETTET_AV,DATO_ENDRET,ENDRET_AV) VALUES ('232523812','1997','585462032',null,null,'INNTEKT','22347372','0','2020-02-11 13:34:15','srvpensjon','2020-02-11 13:34:15','srvpensjon')
INSERT INTO T_ENDR_OPPTJN_GRL (ENDR_OPPTJN_GRL_ID,OPPTJN_AR,NY_GRL_ID,UGYLDIG_GRL_ID,STATUS,K_GRUNNLAG_T,PERSON_ID,VERSJON,DATO_OPPRETTET,OPPRETTET_AV,DATO_ENDRET,ENDRET_AV) VALUES ('232523796','1981','585462016',null,null,'INNTEKT','22347372','0','2020-02-11 13:33:37','srvpensjon','2020-02-11 13:33:37','srvpensjon')
INSERT INTO T_ENDR_OPPTJN_GRL (ENDR_OPPTJN_GRL_ID,OPPTJN_AR,NY_GRL_ID,UGYLDIG_GRL_ID,STATUS,K_GRUNNLAG_T,PERSON_ID,VERSJON,DATO_OPPRETTET,OPPRETTET_AV,DATO_ENDRET,ENDRET_AV) VALUES ('232523798','1983','585462018',null,null,'INNTEKT','22347372','0','2020-02-11 13:33:43','srvpensjon','2020-02-11 13:33:43','srvpensjon')
INSERT INTO T_BEHOLDNING (BEHOLDNING_ID,FORRIGE_BEH_ID,BELOP,VEDTAK_ID_FK,DATO_FOM,DATO_TOM,VERSJON,DATO_OPPRETTET,OPPRETTET_AV,DATO_ENDRET,ENDRET_AV,K_BEHOLDNING_T,K_BEHOLDNING_S,K_RESTP_BEH_ARSAK,PERSON_ID,BEH_GRLAG,BEH_GRLAG_AVKORTET,BEH_INNSKUDD,BEH_INNSKUDD_U_OMS,F_TJEN_OPPTJ_ID,UFORE_OPPTJ_ID,OMSORG_OPPTJ_ID,INNTEKT_OPPTJ_ID,DAGPENGER_OPPTJ_ID,LONNSVEKST_REG_ID) VALUES ('430321191',null,'13050,502222222223',null,'1977-01-01 00:00:00','1977-12-31 00:00:00','0','2020-02-11 13:34:21','srvpensjon','2020-02-11 13:34:21','srvpensjon','PEN_B','G','NY_OPPTJENING','22347372','64892','64892','13050,502222222223','11745,452000000001',null,null,null,'302268463',null,null)
INSERT INTO T_BEHOLDNING (BEHOLDNING_ID,FORRIGE_BEH_ID,BELOP,VEDTAK_ID_FK,DATO_FOM,DATO_TOM,VERSJON,DATO_OPPRETTET,OPPRETTET_AV,DATO_ENDRET,ENDRET_AV,K_BEHOLDNING_T,K_BEHOLDNING_S,K_RESTP_BEH_ARSAK,PERSON_ID,BEH_GRLAG,BEH_GRLAG_AVKORTET,BEH_INNSKUDD,BEH_INNSKUDD_U_OMS,F_TJEN_OPPTJ_ID,UFORE_OPPTJ_ID,OMSORG_OPPTJ_ID,INNTEKT_OPPTJ_ID,DAGPENGER_OPPTJ_ID,LONNSVEKST_REG_ID) VALUES ('430321192','430321191','29109,100348833337',null,'1978-01-01 00:00:00','1978-12-31 00:00:00','0','2020-02-11 13:34:21','srvpensjon','2020-02-11 13:34:21','srvpensjon','PEN_B','G','NY_OPPTJENING','22347372','72102','72102','14554,527745500003','13050,462000000001',null,null,null,'302268464',null,'318311733')
INSERT INTO T_BEHOLDNING (BEHOLDNING_ID,FORRIGE_BEH_ID,BELOP,VEDTAK_ID_FK,DATO_FOM,DATO_TOM,VERSJON,DATO_OPPRETTET,OPPRETTET_AV,DATO_ENDRET,ENDRET_AV,K_BEHOLDNING_T,K_BEHOLDNING_S,K_RESTP_BEH_ARSAK,PERSON_ID,BEH_GRLAG,BEH_GRLAG_AVKORTET,BEH_INNSKUDD,BEH_INNSKUDD_U_OMS,F_TJEN_OPPTJ_ID,UFORE_OPPTJ_ID,OMSORG_OPPTJ_ID,INNTEKT_OPPTJ_ID,DAGPENGER_OPPTJ_ID,LONNSVEKST_REG_ID) VALUES ('430321193','430321192','47471,152407944784',null,'1979-01-01 00:00:00','1979-12-31 00:00:00','0','2020-02-11 13:34:21','srvpensjon','2020-02-11 13:34:21','srvpensjon','PEN_B','G','NY_OPPTJENING','22347372','80412','80412','15823,733288500338','14554,572000000002',null,null,null,'302268465',null,'318311734')
INSERT INTO T_BEHOLDNING (BEHOLDNING_ID,FORRIGE_BEH_ID,BELOP,VEDTAK_ID_FK,DATO_FOM,DATO_TOM,VERSJON,DATO_OPPRETTET,OPPRETTET_AV,DATO_ENDRET,ENDRET_AV,K_BEHOLDNING_T,K_BEHOLDNING_S,K_RESTP_BEH_ARSAK,PERSON_ID,BEH_GRLAG,BEH_GRLAG_AVKORTET,BEH_INNSKUDD,BEH_INNSKUDD_U_OMS,F_TJEN_OPPTJ_ID,UFORE_OPPTJ_ID,OMSORG_OPPTJ_ID,INNTEKT_OPPTJ_ID,DAGPENGER_OPPTJ_ID,LONNSVEKST_REG_ID) VALUES ('430321194','430321193','66122,50346396981',null,'1980-01-01 00:00:00','1980-12-31 00:00:00','0','2020-02-11 13:34:21','srvpensjon','2020-02-11 13:34:21','srvpensjon','PEN_B','G','NY_OPPTJENING','22347372','87424','87424','16530,646652920965','15823,744000000002',null,null,null,'302268466',null,'318311735')
INSERT INTO T_BEHOLDNING (BEHOLDNING_ID,FORRIGE_BEH_ID,BELOP,VEDTAK_ID_FK,DATO_FOM,DATO_TOM,VERSJON,DATO_OPPRETTET,OPPRETTET_AV,DATO_ENDRET,ENDRET_AV,K_BEHOLDNING_T,K_BEHOLDNING_S,K_RESTP_BEH_ARSAK,PERSON_ID,BEH_GRLAG,BEH_GRLAG_AVKORTET,BEH_INNSKUDD,BEH_INNSKUDD_U_OMS,F_TJEN_OPPTJ_ID,UFORE_OPPTJ_ID,OMSORG_OPPTJ_ID,INNTEKT_OPPTJ_ID,DAGPENGER_OPPTJ_ID,LONNSVEKST_REG_ID) VALUES ('430321195','430321194','90445,47580304013',null,'1981-01-01 00:00:00','1981-12-31 00:00:00','0','2020-02-11 13:34:21','srvpensjon','2020-02-11 13:34:21','srvpensjon','PEN_B','G','NY_OPPTJENING','22347372','91330','91330','18089,18632171053','16530,730000000003',null,null,null,'302268467',null,'318311736')
INSERT INTO T_BEHOLDNING (BEHOLDNING_ID,FORRIGE_BEH_ID,BELOP,VEDTAK_ID_FK,DATO_FOM,DATO_TOM,VERSJON,DATO_OPPRETTET,OPPRETTET_AV,DATO_ENDRET,ENDRET_AV,K_BEHOLDNING_T,K_BEHOLDNING_S,K_RESTP_BEH_ARSAK,PERSON_ID,BEH_GRLAG,BEH_GRLAG_AVKORTET,BEH_INNSKUDD,BEH_INNSKUDD_U_OMS,F_TJEN_OPPTJ_ID,UFORE_OPPTJ_ID,OMSORG_OPPTJ_ID,INNTEKT_OPPTJ_ID,DAGPENGER_OPPTJ_ID,LONNSVEKST_REG_ID) VALUES ('430321196','430321195','121748,26319083283',null,'1982-01-01 00:00:00','1982-12-31 00:00:00','0','2020-02-11 13:34:21','srvpensjon','2020-02-11 13:34:21','srvpensjon','PEN_B','G','NY_OPPTJENING','22347372','99940','99940','20291,419113809898','18089,140000000003',null,null,null,'302268468',null,'318311737')
INSERT INTO T_BEHOLDNING (BEHOLDNING_ID,FORRIGE_BEH_ID,BELOP,VEDTAK_ID_FK,DATO_FOM,DATO_TOM,VERSJON,DATO_OPPRETTET,OPPRETTET_AV,DATO_ENDRET,ENDRET_AV,K_BEHOLDNING_T,K_BEHOLDNING_S,K_RESTP_BEH_ARSAK,PERSON_ID,BEH_GRLAG,BEH_GRLAG_AVKORTET,BEH_INNSKUDD,BEH_INNSKUDD_U_OMS,F_TJEN_OPPTJ_ID,UFORE_OPPTJ_ID,OMSORG_OPPTJ_ID,INNTEKT_OPPTJ_ID,DAGPENGER_OPPTJ_ID,LONNSVEKST_REG_ID) VALUES ('430321197','430321196','157333,7462297107',null,'1983-01-01 00:00:00','1983-12-31 00:00:00','0','2020-02-11 13:34:21','srvpensjon','2020-02-11 13:34:21','srvpensjon','PEN_B','G','NY_OPPTJENING','22347372','112107','112107','22476,239778593634','20291,367000000002',null,null,null,'302268469',null,'318311738')
INSERT INTO T_BEHOLDNING (BEHOLDNING_ID,FORRIGE_BEH_ID,BELOP,VEDTAK_ID_FK,DATO_FOM,DATO_TOM,VERSJON,DATO_OPPRETTET,OPPRETTET_AV,DATO_ENDRET,ENDRET_AV,K_BEHOLDNING_T,K_BEHOLDNING_S,K_RESTP_BEH_ARSAK,PERSON_ID,BEH_GRLAG,BEH_GRLAG_AVKORTET,BEH_INNSKUDD,BEH_INNSKUDD_U_OMS,F_TJEN_OPPTJ_ID,UFORE_OPPTJ_ID,OMSORG_OPPTJ_ID,INNTEKT_OPPTJ_ID,DAGPENGER_OPPTJ_ID,LONNSVEKST_REG_ID) VALUES ('430321198','430321197','194304,73368859195',null,'1984-01-01 00:00:00','1984-12-31 00:00:00','0','2020-02-11 13:34:21','srvpensjon','2020-02-11 13:34:21','srvpensjon','PEN_B','G','NY_OPPTJENING','22347372','124178','124178','24288,061963226406','22476,218000000004',null,null,null,'302268470',null,'318311739')
INSERT INTO T_BEHOLDNING (BEHOLDNING_ID,FORRIGE_BEH_ID,BELOP,VEDTAK_ID_FK,DATO_FOM,DATO_TOM,VERSJON,DATO_OPPRETTET,OPPRETTET_AV,DATO_ENDRET,ENDRET_AV,K_BEHOLDNING_T,K_BEHOLDNING_S,K_RESTP_BEH_ARSAK,PERSON_ID,BEH_GRLAG,BEH_GRLAG_AVKORTET,BEH_INNSKUDD,BEH_INNSKUDD_U_OMS,F_TJEN_OPPTJ_ID,UFORE_OPPTJ_ID,OMSORG_OPPTJ_ID,INNTEKT_OPPTJ_ID,DAGPENGER_OPPTJ_ID,LONNSVEKST_REG_ID) VALUES ('430321199','430321198','231649,987668961',null,'1985-01-01 00:00:00','1985-12-31 00:00:00','0','2020-02-11 13:34:21','srvpensjon','2020-02-11 13:34:21','srvpensjon','PEN_B','G','NY_OPPTJENING','22347372','134189','134189','25738,998003089604','24288,209000000003',null,null,null,'302268471',null,'318311740')
INSERT INTO T_BEHOLDNING (BEHOLDNING_ID,FORRIGE_BEH_ID,BELOP,VEDTAK_ID_FK,DATO_FOM,DATO_TOM,VERSJON,DATO_OPPRETTET,OPPRETTET_AV,DATO_ENDRET,ENDRET_AV,K_BEHOLDNING_T,K_BEHOLDNING_S,K_RESTP_BEH_ARSAK,PERSON_ID,BEH_GRLAG,BEH_GRLAG_AVKORTET,BEH_INNSKUDD,BEH_INNSKUDD_U_OMS,F_TJEN_OPPTJ_ID,UFORE_OPPTJ_ID,OMSORG_OPPTJ_ID,INNTEKT_OPPTJ_ID,DAGPENGER_OPPTJ_ID,LONNSVEKST_REG_ID) VALUES ('430321200','430321199','275507,38578230405',null,'1986-01-01 00:00:00','1986-12-31 00:00:00','0','2020-02-11 13:34:21','srvpensjon','2020-02-11 13:34:21','srvpensjon','PEN_B','G','NY_OPPTJENING','22347372','142204','142204','27550,773722567294','25738,924000000003',null,null,null,'302268472',null,'318311741')
INSERT INTO T_BEHOLDNING (BEHOLDNING_ID,FORRIGE_BEH_ID,BELOP,VEDTAK_ID_FK,DATO_FOM,DATO_TOM,VERSJON,DATO_OPPRETTET,OPPRETTET_AV,DATO_ENDRET,ENDRET_AV,K_BEHOLDNING_T,K_BEHOLDNING_S,K_RESTP_BEH_ARSAK,PERSON_ID,BEH_GRLAG,BEH_GRLAG_AVKORTET,BEH_INNSKUDD,BEH_INNSKUDD_U_OMS,F_TJEN_OPPTJ_ID,UFORE_OPPTJ_ID,OMSORG_OPPTJ_ID,INNTEKT_OPPTJ_ID,DAGPENGER_OPPTJ_ID,LONNSVEKST_REG_ID) VALUES ('430321201','430321200','328180,37342549034',null,'1987-01-01 00:00:00','1987-12-31 00:00:00','0','2020-02-11 13:34:21','srvpensjon','2020-02-11 13:34:21','srvpensjon','PEN_B','G','NY_OPPTJENING','22347372','152214','152214','29834,57489527494','27550,734000000004',null,null,null,'302268473',null,'318311742')
INSERT INTO T_BEHOLDNING (BEHOLDNING_ID,FORRIGE_BEH_ID,BELOP,VEDTAK_ID_FK,DATO_FOM,DATO_TOM,VERSJON,DATO_OPPRETTET,OPPRETTET_AV,DATO_ENDRET,ENDRET_AV,K_BEHOLDNING_T,K_BEHOLDNING_S,K_RESTP_BEH_ARSAK,PERSON_ID,BEH_GRLAG,BEH_GRLAG_AVKORTET,BEH_INNSKUDD,BEH_INNSKUDD_U_OMS,F_TJEN_OPPTJ_ID,UFORE_OPPTJ_ID,OMSORG_OPPTJ_ID,INNTEKT_OPPTJ_ID,DAGPENGER_OPPTJ_ID,LONNSVEKST_REG_ID) VALUES ('430321202','430321201','381949,6224659289',null,'1988-01-01 00:00:00','1988-12-31 00:00:00','0','2020-02-11 13:34:21','srvpensjon','2020-02-11 13:34:21','srvpensjon','PEN_B','G','NY_OPPTJENING','22347372','164832','164832','31829,147525389137','29834,592000000004',null,null,null,'302268474',null,'318311743')
INSERT INTO T_BEHOLDNING (BEHOLDNING_ID,FORRIGE_BEH_ID,BELOP,VEDTAK_ID_FK,DATO_FOM,DATO_TOM,VERSJON,DATO_OPPRETTET,OPPRETTET_AV,DATO_ENDRET,ENDRET_AV,K_BEHOLDNING_T,K_BEHOLDNING_S,K_RESTP_BEH_ARSAK,PERSON_ID,BEH_GRLAG,BEH_GRLAG_AVKORTET,BEH_INNSKUDD,BEH_INNSKUDD_U_OMS,F_TJEN_OPPTJ_ID,UFORE_OPPTJ_ID,OMSORG_OPPTJ_ID,INNTEKT_OPPTJ_ID,DAGPENGER_OPPTJ_ID,LONNSVEKST_REG_ID) VALUES ('430321203','430321202','436159,396018516',null,'1989-01-01 00:00:00','1989-12-31 00:00:00','0','2020-02-11 13:34:21','srvpensjon','2020-02-11 13:34:21','srvpensjon','PEN_B','G','NY_OPPTJENING','22347372','175852','175852','33550,7974920559','31829,212000000003',null,null,null,'302268475',null,'318311744')
INSERT INTO T_BEHOLDNING (BEHOLDNING_ID,FORRIGE_BEH_ID,BELOP,VEDTAK_ID_FK,DATO_FOM,DATO_TOM,VERSJON,DATO_OPPRETTET,OPPRETTET_AV,DATO_ENDRET,ENDRET_AV,K_BEHOLDNING_T,K_BEHOLDNING_S,K_RESTP_BEH_ARSAK,PERSON_ID,BEH_GRLAG,BEH_GRLAG_AVKORTET,BEH_INNSKUDD,BEH_INNSKUDD_U_OMS,F_TJEN_OPPTJ_ID,UFORE_OPPTJ_ID,OMSORG_OPPTJ_ID,INNTEKT_OPPTJ_ID,DAGPENGER_OPPTJ_ID,LONNSVEKST_REG_ID) VALUES ('430321204','430321203','491406,59467820433',null,'1990-01-01 00:00:00','1990-12-31 00:00:00','0','2020-02-11 13:34:21','srvpensjon','2020-02-11 13:34:21','srvpensjon','PEN_B','G','NY_OPPTJENING','22347372','185363','185363','35100,45184197731','33550,703',null,null,null,'302268476',null,'318311745')
INSERT INTO T_BEHOLDNING (BEHOLDNING_ID,FORRIGE_BEH_ID,BELOP,VEDTAK_ID_FK,DATO_FOM,DATO_TOM,VERSJON,DATO_OPPRETTET,OPPRETTET_AV,DATO_ENDRET,ENDRET_AV,K_BEHOLDNING_T,K_BEHOLDNING_S,K_RESTP_BEH_ARSAK,PERSON_ID,BEH_GRLAG,BEH_GRLAG_AVKORTET,BEH_INNSKUDD,BEH_INNSKUDD_U_OMS,F_TJEN_OPPTJ_ID,UFORE_OPPTJ_ID,OMSORG_OPPTJ_ID,INNTEKT_OPPTJ_ID,DAGPENGER_OPPTJ_ID,LONNSVEKST_REG_ID) VALUES ('430321205','430321204','547714,1188441738',null,'1991-01-01 00:00:00','1991-12-31 00:00:00','0','2020-02-11 13:34:21','srvpensjon','2020-02-11 13:34:21','srvpensjon','PEN_B','G','NY_OPPTJENING','22347372','193925','193925','36514,22987993804','35100,425',null,null,null,'302268477',null,'318311746')
INSERT INTO T_BEHOLDNING (BEHOLDNING_ID,FORRIGE_BEH_ID,BELOP,VEDTAK_ID_FK,DATO_FOM,DATO_TOM,VERSJON,DATO_OPPRETTET,OPPRETTET_AV,DATO_ENDRET,ENDRET_AV,K_BEHOLDNING_T,K_BEHOLDNING_S,K_RESTP_BEH_ARSAK,PERSON_ID,BEH_GRLAG,BEH_GRLAG_AVKORTET,BEH_INNSKUDD,BEH_INNSKUDD_U_OMS,F_TJEN_OPPTJ_ID,UFORE_OPPTJ_ID,OMSORG_OPPTJ_ID,INNTEKT_OPPTJ_ID,DAGPENGER_OPPTJ_ID,LONNSVEKST_REG_ID) VALUES ('430321206','430321205','609598,5481636914',null,'1992-01-01 00:00:00','1992-12-31 00:00:00','0','2020-02-11 13:34:21','srvpensjon','2020-02-11 13:34:21','srvpensjon','PEN_B','G','NY_OPPTJENING','22347372','201736','201736','38099,85194722264','36514,21600000001',null,null,null,'302268478',null,'318311747')
INSERT INTO T_BEHOLDNING (BEHOLDNING_ID,FORRIGE_BEH_ID,BELOP,VEDTAK_ID_FK,DATO_FOM,DATO_TOM,VERSJON,DATO_OPPRETTET,OPPRETTET_AV,DATO_ENDRET,ENDRET_AV,K_BEHOLDNING_T,K_BEHOLDNING_S,K_RESTP_BEH_ARSAK,PERSON_ID,BEH_GRLAG,BEH_GRLAG_AVKORTET,BEH_INNSKUDD,BEH_INNSKUDD_U_OMS,F_TJEN_OPPTJ_ID,UFORE_OPPTJ_ID,OMSORG_OPPTJ_ID,INNTEKT_OPPTJ_ID,DAGPENGER_OPPTJ_ID,LONNSVEKST_REG_ID) VALUES ('430321207','430321206','668664,1691049933',null,'1993-01-01 00:00:00','1993-12-31 00:00:00','0','2020-02-11 13:34:21','srvpensjon','2020-02-11 13:34:21','srvpensjon','PEN_B','G','NY_OPPTJENING','22347372','210497','210497','39333,23280389918','38099,957',null,null,null,'302268479',null,'318311748')
INSERT INTO T_BEHOLDNING (BEHOLDNING_ID,FORRIGE_BEH_ID,BELOP,VEDTAK_ID_FK,DATO_FOM,DATO_TOM,VERSJON,DATO_OPPRETTET,OPPRETTET_AV,DATO_ENDRET,ENDRET_AV,K_BEHOLDNING_T,K_BEHOLDNING_S,K_RESTP_BEH_ARSAK,PERSON_ID,BEH_GRLAG,BEH_GRLAG_AVKORTET,BEH_INNSKUDD,BEH_INNSKUDD_U_OMS,F_TJEN_OPPTJ_ID,UFORE_OPPTJ_ID,OMSORG_OPPTJ_ID,INNTEKT_OPPTJ_ID,DAGPENGER_OPPTJ_ID,LONNSVEKST_REG_ID) VALUES ('430321208','430321207','724950,0909687898',null,'1994-01-01 00:00:00','1994-12-31 00:00:00','0','2020-02-11 13:34:21','srvpensjon','2020-02-11 13:34:21','srvpensjon','PEN_B','G','NY_OPPTJENING','22347372','217311','217311','40275,1061908093','39333,291000000005',null,null,null,'302268480',null,'318311749')
INSERT INTO T_BEHOLDNING (BEHOLDNING_ID,FORRIGE_BEH_ID,BELOP,VEDTAK_ID_FK,DATO_FOM,DATO_TOM,VERSJON,DATO_OPPRETTET,OPPRETTET_AV,DATO_ENDRET,ENDRET_AV,K_BEHOLDNING_T,K_BEHOLDNING_S,K_RESTP_BEH_ARSAK,PERSON_ID,BEH_GRLAG,BEH_GRLAG_AVKORTET,BEH_INNSKUDD,BEH_INNSKUDD_U_OMS,F_TJEN_OPPTJ_ID,UFORE_OPPTJ_ID,OMSORG_OPPTJ_ID,INNTEKT_OPPTJ_ID,DAGPENGER_OPPTJ_ID,LONNSVEKST_REG_ID) VALUES ('430321209','430321208','781487,166211747',null,'1995-01-01 00:00:00','1995-12-31 00:00:00','0','2020-02-11 13:34:21','srvpensjon','2020-02-11 13:34:21','srvpensjon','PEN_B','G','NY_OPPTJENING','22347372','222514','222514','41130,931490292445','40275,03400000001',null,null,null,'302268481',null,'318311750')
INSERT INTO T_BEHOLDNING (BEHOLDNING_ID,FORRIGE_BEH_ID,BELOP,VEDTAK_ID_FK,DATO_FOM,DATO_TOM,VERSJON,DATO_OPPRETTET,OPPRETTET_AV,DATO_ENDRET,ENDRET_AV,K_BEHOLDNING_T,K_BEHOLDNING_S,K_RESTP_BEH_ARSAK,PERSON_ID,BEH_GRLAG,BEH_GRLAG_AVKORTET,BEH_INNSKUDD,BEH_INNSKUDD_U_OMS,F_TJEN_OPPTJ_ID,UFORE_OPPTJ_ID,OMSORG_OPPTJ_ID,INNTEKT_OPPTJ_ID,DAGPENGER_OPPTJ_ID,LONNSVEKST_REG_ID) VALUES ('430321210','430321209','844956,2993767513',null,'1996-01-01 00:00:00','1996-12-31 00:00:00','0','2020-02-11 13:34:21','srvpensjon','2020-02-11 13:34:21','srvpensjon','PEN_B','G','NY_OPPTJENING','22347372','227243','227243','42247,892559518776','41130,98300000001',null,null,null,'302268482',null,'318311751')
INSERT INTO T_BEHOLDNING (BEHOLDNING_ID,FORRIGE_BEH_ID,BELOP,VEDTAK_ID_FK,DATO_FOM,DATO_TOM,VERSJON,DATO_OPPRETTET,OPPRETTET_AV,DATO_ENDRET,ENDRET_AV,K_BEHOLDNING_T,K_BEHOLDNING_S,K_RESTP_BEH_ARSAK,PERSON_ID,BEH_GRLAG,BEH_GRLAG_AVKORTET,BEH_INNSKUDD,BEH_INNSKUDD_U_OMS,F_TJEN_OPPTJ_ID,UFORE_OPPTJ_ID,OMSORG_OPPTJ_ID,INNTEKT_OPPTJ_ID,DAGPENGER_OPPTJ_ID,LONNSVEKST_REG_ID) VALUES ('430321211','430321210','922900,5008506324',null,'1997-01-01 00:00:00','1997-12-31 00:00:00','0','2020-02-11 13:34:21','srvpensjon','2020-02-11 13:34:21','srvpensjon','PEN_B','G','NY_OPPTJENING','22347372','233413','233413','43947,58150513554','42247,753000000004',null,null,null,'302268483',null,'318311752')
INSERT INTO T_BEHOLDNING (BEHOLDNING_ID,FORRIGE_BEH_ID,BELOP,VEDTAK_ID_FK,DATO_FOM,DATO_TOM,VERSJON,DATO_OPPRETTET,OPPRETTET_AV,DATO_ENDRET,ENDRET_AV,K_BEHOLDNING_T,K_BEHOLDNING_S,K_RESTP_BEH_ARSAK,PERSON_ID,BEH_GRLAG,BEH_GRLAG_AVKORTET,BEH_INNSKUDD,BEH_INNSKUDD_U_OMS,F_TJEN_OPPTJ_ID,UFORE_OPPTJ_ID,OMSORG_OPPTJ_ID,INNTEKT_OPPTJ_ID,DAGPENGER_OPPTJ_ID,LONNSVEKST_REG_ID) VALUES ('430321212','430321211','1004890,4886346587',null,'1998-01-01 00:00:00','1998-12-31 00:00:00','0','2020-02-11 13:34:21','srvpensjon','2020-02-11 13:34:21','srvpensjon','PEN_B','G','NY_OPPTJENING','22347372','242805','242805','45676,90200445434','43947,705',null,null,null,'302268484',null,'318311753')
INSERT INTO T_BEHOLDNING (BEHOLDNING_ID,FORRIGE_BEH_ID,BELOP,VEDTAK_ID_FK,DATO_FOM,DATO_TOM,VERSJON,DATO_OPPRETTET,OPPRETTET_AV,DATO_ENDRET,ENDRET_AV,K_BEHOLDNING_T,K_BEHOLDNING_S,K_RESTP_BEH_ARSAK,PERSON_ID,BEH_GRLAG,BEH_GRLAG_AVKORTET,BEH_INNSKUDD,BEH_INNSKUDD_U_OMS,F_TJEN_OPPTJ_ID,UFORE_OPPTJ_ID,OMSORG_OPPTJ_ID,INNTEKT_OPPTJ_ID,DAGPENGER_OPPTJ_ID,LONNSVEKST_REG_ID) VALUES ('430321213','430321212','1110924,8786025024',null,'1999-01-01 00:00:00','1999-12-31 00:00:00','0','2020-02-11 13:34:21','srvpensjon','2020-02-11 13:34:21','srvpensjon','PEN_B','G','NY_OPPTJENING','22347372','252358','252358','48301,038799380956','45676,798',null,null,null,'302268485',null,'318311754')
INSERT INTO T_BEHOLDNING (BEHOLDNING_ID,FORRIGE_BEH_ID,BELOP,VEDTAK_ID_FK,DATO_FOM,DATO_TOM,VERSJON,DATO_OPPRETTET,OPPRETTET_AV,DATO_ENDRET,ENDRET_AV,K_BEHOLDNING_T,K_BEHOLDNING_S,K_RESTP_BEH_ARSAK,PERSON_ID,BEH_GRLAG,BEH_GRLAG_AVKORTET,BEH_INNSKUDD,BEH_INNSKUDD_U_OMS,F_TJEN_OPPTJ_ID,UFORE_OPPTJ_ID,OMSORG_OPPTJ_ID,INNTEKT_OPPTJ_ID,DAGPENGER_OPPTJ_ID,LONNSVEKST_REG_ID) VALUES ('430321214','430321213','1211689,1089062882',null,'2000-01-01 00:00:00','2000-12-31 00:00:00','0','2020-02-11 13:34:21','srvpensjon','2020-02-11 13:34:21','srvpensjon','PEN_B','G','NY_OPPTJENING','22347372','266857','266857','50487,08158626979','48301,117000000006',null,null,null,'302268486',null,'318311755')
INSERT INTO T_BEHOLDNING (BEHOLDNING_ID,FORRIGE_BEH_ID,BELOP,VEDTAK_ID_FK,DATO_FOM,DATO_TOM,VERSJON,DATO_OPPRETTET,OPPRETTET_AV,DATO_ENDRET,ENDRET_AV,K_BEHOLDNING_T,K_BEHOLDNING_S,K_RESTP_BEH_ARSAK,PERSON_ID,BEH_GRLAG,BEH_GRLAG_AVKORTET,BEH_INNSKUDD,BEH_INNSKUDD_U_OMS,F_TJEN_OPPTJ_ID,UFORE_OPPTJ_ID,OMSORG_OPPTJ_ID,INNTEKT_OPPTJ_ID,DAGPENGER_OPPTJ_ID,LONNSVEKST_REG_ID) VALUES ('430321215','430321214','1315302,678261153',null,'2001-01-01 00:00:00','2001-12-31 00:00:00','0','2020-02-11 13:34:21','srvpensjon','2020-02-11 13:34:21','srvpensjon','PEN_B','G','NY_OPPTJENING','22347372','278934','278934','52612,114929194584','50487,054000000004',null,null,null,'302268487',null,'318311756')
INSERT INTO T_BEHOLDNING (BEHOLDNING_ID,FORRIGE_BEH_ID,BELOP,VEDTAK_ID_FK,DATO_FOM,DATO_TOM,VERSJON,DATO_OPPRETTET,OPPRETTET_AV,DATO_ENDRET,ENDRET_AV,K_BEHOLDNING_T,K_BEHOLDNING_S,K_RESTP_BEH_ARSAK,PERSON_ID,BEH_GRLAG,BEH_GRLAG_AVKORTET,BEH_INNSKUDD,BEH_INNSKUDD_U_OMS,F_TJEN_OPPTJ_ID,UFORE_OPPTJ_ID,OMSORG_OPPTJ_ID,INNTEKT_OPPTJ_ID,DAGPENGER_OPPTJ_ID,LONNSVEKST_REG_ID) VALUES ('430321216','430321215','1430857,5422116735',null,'2002-01-01 00:00:00','2002-12-31 00:00:00','0','2020-02-11 13:34:21','srvpensjon','2020-02-11 13:34:21','srvpensjon','PEN_B','G','NY_OPPTJENING','22347372','290675','290675','55033,05065475329','52612,175',null,null,null,'302268488',null,'318311757')
INSERT INTO T_BEHOLDNING (BEHOLDNING_ID,FORRIGE_BEH_ID,BELOP,VEDTAK_ID_FK,DATO_FOM,DATO_TOM,VERSJON,DATO_OPPRETTET,OPPRETTET_AV,DATO_ENDRET,ENDRET_AV,K_BEHOLDNING_T,K_BEHOLDNING_S,K_RESTP_BEH_ARSAK,PERSON_ID,BEH_GRLAG,BEH_GRLAG_AVKORTET,BEH_INNSKUDD,BEH_INNSKUDD_U_OMS,F_TJEN_OPPTJ_ID,UFORE_OPPTJ_ID,OMSORG_OPPTJ_ID,INNTEKT_OPPTJ_ID,DAGPENGER_OPPTJ_ID,LONNSVEKST_REG_ID) VALUES ('430321217','430321216','1505223,7919600422',null,'2003-01-01 00:00:00','2003-12-31 00:00:00','0','2020-02-11 13:34:21','srvpensjon','2020-02-11 13:34:21','srvpensjon','PEN_B','G','NY_OPPTJENING','22347372','0','0','0','0',null,null,null,null,null,'318311758')
INSERT INTO T_BEHOLDNING (BEHOLDNING_ID,FORRIGE_BEH_ID,BELOP,VEDTAK_ID_FK,DATO_FOM,DATO_TOM,VERSJON,DATO_OPPRETTET,OPPRETTET_AV,DATO_ENDRET,ENDRET_AV,K_BEHOLDNING_T,K_BEHOLDNING_S,K_RESTP_BEH_ARSAK,PERSON_ID,BEH_GRLAG,BEH_GRLAG_AVKORTET,BEH_INNSKUDD,BEH_INNSKUDD_U_OMS,F_TJEN_OPPTJ_ID,UFORE_OPPTJ_ID,OMSORG_OPPTJ_ID,INNTEKT_OPPTJ_ID,DAGPENGER_OPPTJ_ID,LONNSVEKST_REG_ID) VALUES ('430321218','430321217','1582445,931907873',null,'2004-01-01 00:00:00','2004-12-31 00:00:00','0','2020-02-11 13:34:21','srvpensjon','2020-02-11 13:34:21','srvpensjon','PEN_B','G','NY_OPPTJENING','22347372','0','0','0','0',null,null,null,null,null,'318311759')
INSERT INTO T_BEHOLDNING (BEHOLDNING_ID,FORRIGE_BEH_ID,BELOP,VEDTAK_ID_FK,DATO_FOM,DATO_TOM,VERSJON,DATO_OPPRETTET,OPPRETTET_AV,DATO_ENDRET,ENDRET_AV,K_BEHOLDNING_T,K_BEHOLDNING_S,K_RESTP_BEH_ARSAK,PERSON_ID,BEH_GRLAG,BEH_GRLAG_AVKORTET,BEH_INNSKUDD,BEH_INNSKUDD_U_OMS,F_TJEN_OPPTJ_ID,UFORE_OPPTJ_ID,OMSORG_OPPTJ_ID,INNTEKT_OPPTJ_ID,DAGPENGER_OPPTJ_ID,LONNSVEKST_REG_ID) VALUES ('430321219','430321218','1643946,537688368',null,'2005-01-01 00:00:00','2005-12-31 00:00:00','0','2020-02-11 13:34:21','srvpensjon','2020-02-11 13:34:21','srvpensjon','PEN_B','G','NY_OPPTJENING','22347372','0','0','0','0',null,null,null,null,null,'318311760')
INSERT INTO T_BEHOLDNING (BEHOLDNING_ID,FORRIGE_BEH_ID,BELOP,VEDTAK_ID_FK,DATO_FOM,DATO_TOM,VERSJON,DATO_OPPRETTET,OPPRETTET_AV,DATO_ENDRET,ENDRET_AV,K_BEHOLDNING_T,K_BEHOLDNING_S,K_RESTP_BEH_ARSAK,PERSON_ID,BEH_GRLAG,BEH_GRLAG_AVKORTET,BEH_INNSKUDD,BEH_INNSKUDD_U_OMS,F_TJEN_OPPTJ_ID,UFORE_OPPTJ_ID,OMSORG_OPPTJ_ID,INNTEKT_OPPTJ_ID,DAGPENGER_OPPTJ_ID,LONNSVEKST_REG_ID) VALUES ('430321220','430321219','1698236,727618736',null,'2006-01-01 00:00:00','2006-12-31 00:00:00','0','2020-02-11 13:34:21','srvpensjon','2020-02-11 13:34:21','srvpensjon','PEN_B','G','NY_OPPTJENING','22347372','0','0','0','0',null,null,null,null,null,'318311761')
INSERT INTO T_BEHOLDNING (BEHOLDNING_ID,FORRIGE_BEH_ID,BELOP,VEDTAK_ID_FK,DATO_FOM,DATO_TOM,VERSJON,DATO_OPPRETTET,OPPRETTET_AV,DATO_ENDRET,ENDRET_AV,K_BEHOLDNING_T,K_BEHOLDNING_S,K_RESTP_BEH_ARSAK,PERSON_ID,BEH_GRLAG,BEH_GRLAG_AVKORTET,BEH_INNSKUDD,BEH_INNSKUDD_U_OMS,F_TJEN_OPPTJ_ID,UFORE_OPPTJ_ID,OMSORG_OPPTJ_ID,INNTEKT_OPPTJ_ID,DAGPENGER_OPPTJ_ID,LONNSVEKST_REG_ID) VALUES ('430321221','430321220','1757673,1751362537',null,'2007-01-01 00:00:00','2007-12-31 00:00:00','0','2020-02-11 13:34:21','srvpensjon','2020-02-11 13:34:21','srvpensjon','PEN_B','G','NY_OPPTJENING','22347372','0','0','0','0',null,null,null,null,null,'318311762')
INSERT INTO T_BEHOLDNING (BEHOLDNING_ID,FORRIGE_BEH_ID,BELOP,VEDTAK_ID_FK,DATO_FOM,DATO_TOM,VERSJON,DATO_OPPRETTET,OPPRETTET_AV,DATO_ENDRET,ENDRET_AV,K_BEHOLDNING_T,K_BEHOLDNING_S,K_RESTP_BEH_ARSAK,PERSON_ID,BEH_GRLAG,BEH_GRLAG_AVKORTET,BEH_INNSKUDD,BEH_INNSKUDD_U_OMS,F_TJEN_OPPTJ_ID,UFORE_OPPTJ_ID,OMSORG_OPPTJ_ID,INNTEKT_OPPTJ_ID,DAGPENGER_OPPTJ_ID,LONNSVEKST_REG_ID) VALUES ('430321222','430321221','1852228,589264978',null,'2008-01-01 00:00:00','2008-12-31 00:00:00','0','2020-02-11 13:34:21','srvpensjon','2020-02-11 13:34:21','srvpensjon','PEN_B','G','NY_OPPTJENING','22347372','0','0','0','0',null,null,null,null,null,'318311763')
INSERT INTO T_BEHOLDNING (BEHOLDNING_ID,FORRIGE_BEH_ID,BELOP,VEDTAK_ID_FK,DATO_FOM,DATO_TOM,VERSJON,DATO_OPPRETTET,OPPRETTET_AV,DATO_ENDRET,ENDRET_AV,K_BEHOLDNING_T,K_BEHOLDNING_S,K_RESTP_BEH_ARSAK,PERSON_ID,BEH_GRLAG,BEH_GRLAG_AVKORTET,BEH_INNSKUDD,BEH_INNSKUDD_U_OMS,F_TJEN_OPPTJ_ID,UFORE_OPPTJ_ID,OMSORG_OPPTJ_ID,INNTEKT_OPPTJ_ID,DAGPENGER_OPPTJ_ID,LONNSVEKST_REG_ID) VALUES ('430321223','430321222','1954107,5238061843',null,'2009-01-01 00:00:00','2009-12-31 00:00:00','0','2020-02-11 13:34:21','srvpensjon','2020-02-11 13:34:21','srvpensjon','PEN_B','G','NY_OPPTJENING','22347372','0','0','0','0',null,null,null,null,null,'318311764')
INSERT INTO T_BEHOLDNING (BEHOLDNING_ID,FORRIGE_BEH_ID,BELOP,VEDTAK_ID_FK,DATO_FOM,DATO_TOM,VERSJON,DATO_OPPRETTET,OPPRETTET_AV,DATO_ENDRET,ENDRET_AV,K_BEHOLDNING_T,K_BEHOLDNING_S,K_RESTP_BEH_ARSAK,PERSON_ID,BEH_GRLAG,BEH_GRLAG_AVKORTET,BEH_INNSKUDD,BEH_INNSKUDD_U_OMS,F_TJEN_OPPTJ_ID,UFORE_OPPTJ_ID,OMSORG_OPPTJ_ID,INNTEKT_OPPTJ_ID,DAGPENGER_OPPTJ_ID,LONNSVEKST_REG_ID) VALUES ('430321224','430321223','2060793,402247475',null,'2010-01-01 00:00:00','2010-04-30 00:00:00','0','2020-02-11 13:34:21','srvpensjon','2020-02-11 13:34:21','srvpensjon','PEN_B','G','NY_OPPTJENING','22347372','0','0','0','0',null,null,null,null,null,'318311765')
INSERT INTO T_BEHOLDNING (BEHOLDNING_ID,FORRIGE_BEH_ID,BELOP,VEDTAK_ID_FK,DATO_FOM,DATO_TOM,VERSJON,DATO_OPPRETTET,OPPRETTET_AV,DATO_ENDRET,ENDRET_AV,K_BEHOLDNING_T,K_BEHOLDNING_S,K_RESTP_BEH_ARSAK,PERSON_ID,BEH_GRLAG,BEH_GRLAG_AVKORTET,BEH_INNSKUDD,BEH_INNSKUDD_U_OMS,F_TJEN_OPPTJ_ID,UFORE_OPPTJ_ID,OMSORG_OPPTJ_ID,INNTEKT_OPPTJ_ID,DAGPENGER_OPPTJ_ID,LONNSVEKST_REG_ID) VALUES ('430321225','430321224','2138835,550272379',null,'2010-05-01 00:00:00','2010-12-31 00:00:00','0','2020-02-11 13:34:21','srvpensjon','2020-02-11 13:34:21','srvpensjon','PEN_B','G','REGULERING','22347372','0','0','0','0',null,null,null,null,null,'318311766')
INSERT INTO T_BEHOLDNING (BEHOLDNING_ID,FORRIGE_BEH_ID,BELOP,VEDTAK_ID_FK,DATO_FOM,DATO_TOM,VERSJON,DATO_OPPRETTET,OPPRETTET_AV,DATO_ENDRET,ENDRET_AV,K_BEHOLDNING_T,K_BEHOLDNING_S,K_RESTP_BEH_ARSAK,PERSON_ID,BEH_GRLAG,BEH_GRLAG_AVKORTET,BEH_INNSKUDD,BEH_INNSKUDD_U_OMS,F_TJEN_OPPTJ_ID,UFORE_OPPTJ_ID,OMSORG_OPPTJ_ID,INNTEKT_OPPTJ_ID,DAGPENGER_OPPTJ_ID,LONNSVEKST_REG_ID) VALUES ('430321226','430321225','2138835,550272379',null,'2011-01-01 00:00:00','2011-04-30 00:00:00','0','2020-02-11 13:34:21','srvpensjon','2020-02-11 13:34:21','srvpensjon','PEN_B','G','NY_OPPTJENING','22347372','0','0','0','0',null,null,null,null,null,'318311767')
INSERT INTO T_BEHOLDNING (BEHOLDNING_ID,FORRIGE_BEH_ID,BELOP,VEDTAK_ID_FK,DATO_FOM,DATO_TOM,VERSJON,DATO_OPPRETTET,OPPRETTET_AV,DATO_ENDRET,ENDRET_AV,K_BEHOLDNING_T,K_BEHOLDNING_S,K_RESTP_BEH_ARSAK,PERSON_ID,BEH_GRLAG,BEH_GRLAG_AVKORTET,BEH_INNSKUDD,BEH_INNSKUDD_U_OMS,F_TJEN_OPPTJ_ID,UFORE_OPPTJ_ID,OMSORG_OPPTJ_ID,INNTEKT_OPPTJ_ID,DAGPENGER_OPPTJ_ID,LONNSVEKST_REG_ID) VALUES ('430321227','430321226','2240002,4718002626',null,'2011-05-01 00:00:00','2011-12-31 00:00:00','0','2020-02-11 13:34:21','srvpensjon','2020-02-11 13:34:21','srvpensjon','PEN_B','G','REGULERING','22347372','0','0','0','0',null,null,null,null,null,'318311768')
INSERT INTO T_BEHOLDNING (BEHOLDNING_ID,FORRIGE_BEH_ID,BELOP,VEDTAK_ID_FK,DATO_FOM,DATO_TOM,VERSJON,DATO_OPPRETTET,OPPRETTET_AV,DATO_ENDRET,ENDRET_AV,K_BEHOLDNING_T,K_BEHOLDNING_S,K_RESTP_BEH_ARSAK,PERSON_ID,BEH_GRLAG,BEH_GRLAG_AVKORTET,BEH_INNSKUDD,BEH_INNSKUDD_U_OMS,F_TJEN_OPPTJ_ID,UFORE_OPPTJ_ID,OMSORG_OPPTJ_ID,INNTEKT_OPPTJ_ID,DAGPENGER_OPPTJ_ID,LONNSVEKST_REG_ID) VALUES ('430321228','430321227','2240002,4718002626',null,'2012-01-01 00:00:00','2012-04-30 00:00:00','0','2020-02-11 13:34:21','srvpensjon','2020-02-11 13:34:21','srvpensjon','PEN_B','G','NY_OPPTJENING','22347372','0','0','0','0',null,null,null,null,null,'318311768')
INSERT INTO T_BEHOLDNING (BEHOLDNING_ID,FORRIGE_BEH_ID,BELOP,VEDTAK_ID_FK,DATO_FOM,DATO_TOM,VERSJON,DATO_OPPRETTET,OPPRETTET_AV,DATO_ENDRET,ENDRET_AV,K_BEHOLDNING_T,K_BEHOLDNING_S,K_RESTP_BEH_ARSAK,PERSON_ID,BEH_GRLAG,BEH_GRLAG_AVKORTET,BEH_INNSKUDD,BEH_INNSKUDD_U_OMS,F_TJEN_OPPTJ_ID,UFORE_OPPTJ_ID,OMSORG_OPPTJ_ID,INNTEKT_OPPTJ_ID,DAGPENGER_OPPTJ_ID,LONNSVEKST_REG_ID) VALUES ('430321229','430321228','2322210,562515332',null,'2012-05-01 00:00:00','2012-12-31 00:00:00','0','2020-02-11 13:34:21','srvpensjon','2020-02-11 13:34:21','srvpensjon','PEN_B','G','REGULERING','22347372','0','0','0','0',null,null,null,null,null,'318311769')
INSERT INTO T_BEHOLDNING (BEHOLDNING_ID,FORRIGE_BEH_ID,BELOP,VEDTAK_ID_FK,DATO_FOM,DATO_TOM,VERSJON,DATO_OPPRETTET,OPPRETTET_AV,DATO_ENDRET,ENDRET_AV,K_BEHOLDNING_T,K_BEHOLDNING_S,K_RESTP_BEH_ARSAK,PERSON_ID,BEH_GRLAG,BEH_GRLAG_AVKORTET,BEH_INNSKUDD,BEH_INNSKUDD_U_OMS,F_TJEN_OPPTJ_ID,UFORE_OPPTJ_ID,OMSORG_OPPTJ_ID,INNTEKT_OPPTJ_ID,DAGPENGER_OPPTJ_ID,LONNSVEKST_REG_ID) VALUES ('430321230','430321229','2322210,562515332',null,'2013-01-01 00:00:00','2013-04-30 00:00:00','0','2020-02-11 13:34:21','srvpensjon','2020-02-11 13:34:21','srvpensjon','PEN_B','G','NY_OPPTJENING','22347372','0','0','0','0',null,null,null,null,null,'318311769')
INSERT INTO T_BEHOLDNING (BEHOLDNING_ID,FORRIGE_BEH_ID,BELOP,VEDTAK_ID_FK,DATO_FOM,DATO_TOM,VERSJON,DATO_OPPRETTET,OPPRETTET_AV,DATO_ENDRET,ENDRET_AV,K_BEHOLDNING_T,K_BEHOLDNING_S,K_RESTP_BEH_ARSAK,PERSON_ID,BEH_GRLAG,BEH_GRLAG_AVKORTET,BEH_INNSKUDD,BEH_INNSKUDD_U_OMS,F_TJEN_OPPTJ_ID,UFORE_OPPTJ_ID,OMSORG_OPPTJ_ID,INNTEKT_OPPTJ_ID,DAGPENGER_OPPTJ_ID,LONNSVEKST_REG_ID) VALUES ('430321231','430321230','2410454,5638909144',null,'2013-05-01 00:00:00','2013-12-31 00:00:00','0','2020-02-11 13:34:21','srvpensjon','2020-02-11 13:34:21','srvpensjon','PEN_B','G','REGULERING','22347372','0','0','0','0',null,null,null,null,null,'318311770')
INSERT INTO T_BEHOLDNING (BEHOLDNING_ID,FORRIGE_BEH_ID,BELOP,VEDTAK_ID_FK,DATO_FOM,DATO_TOM,VERSJON,DATO_OPPRETTET,OPPRETTET_AV,DATO_ENDRET,ENDRET_AV,K_BEHOLDNING_T,K_BEHOLDNING_S,K_RESTP_BEH_ARSAK,PERSON_ID,BEH_GRLAG,BEH_GRLAG_AVKORTET,BEH_INNSKUDD,BEH_INNSKUDD_U_OMS,F_TJEN_OPPTJ_ID,UFORE_OPPTJ_ID,OMSORG_OPPTJ_ID,INNTEKT_OPPTJ_ID,DAGPENGER_OPPTJ_ID,LONNSVEKST_REG_ID) VALUES ('430321232','430321231','2410454,5638909144',null,'2014-01-01 00:00:00','2014-04-30 00:00:00','0','2020-02-11 13:34:21','srvpensjon','2020-02-11 13:34:21','srvpensjon','PEN_B','G','NY_OPPTJENING','22347372','0','0','0','0',null,null,null,null,null,'318311770')
INSERT INTO T_BEHOLDNING (BEHOLDNING_ID,FORRIGE_BEH_ID,BELOP,VEDTAK_ID_FK,DATO_FOM,DATO_TOM,VERSJON,DATO_OPPRETTET,OPPRETTET_AV,DATO_ENDRET,ENDRET_AV,K_BEHOLDNING_T,K_BEHOLDNING_S,K_RESTP_BEH_ARSAK,PERSON_ID,BEH_GRLAG,BEH_GRLAG_AVKORTET,BEH_INNSKUDD,BEH_INNSKUDD_U_OMS,F_TJEN_OPPTJ_ID,UFORE_OPPTJ_ID,OMSORG_OPPTJ_ID,INNTEKT_OPPTJ_ID,DAGPENGER_OPPTJ_ID,LONNSVEKST_REG_ID) VALUES ('430321233','430321232','2498918,246385711',null,'2014-05-01 00:00:00','2014-12-31 00:00:00','0','2020-02-11 13:34:21','srvpensjon','2020-02-11 13:34:21','srvpensjon','PEN_B','G','REGULERING','22347372','0','0','0','0',null,null,null,null,null,'318311771')
INSERT INTO T_BEHOLDNING (BEHOLDNING_ID,FORRIGE_BEH_ID,BELOP,VEDTAK_ID_FK,DATO_FOM,DATO_TOM,VERSJON,DATO_OPPRETTET,OPPRETTET_AV,DATO_ENDRET,ENDRET_AV,K_BEHOLDNING_T,K_BEHOLDNING_S,K_RESTP_BEH_ARSAK,PERSON_ID,BEH_GRLAG,BEH_GRLAG_AVKORTET,BEH_INNSKUDD,BEH_INNSKUDD_U_OMS,F_TJEN_OPPTJ_ID,UFORE_OPPTJ_ID,OMSORG_OPPTJ_ID,INNTEKT_OPPTJ_ID,DAGPENGER_OPPTJ_ID,LONNSVEKST_REG_ID) VALUES ('430321234','430321233','2498918,246385711',null,'2015-01-01 00:00:00','2015-04-30 00:00:00','0','2020-02-11 13:34:21','srvpensjon','2020-02-11 13:34:21','srvpensjon','PEN_B','G','NY_OPPTJENING','22347372','0','0','0','0',null,null,null,null,null,'318311771')
INSERT INTO T_BEHOLDNING (BEHOLDNING_ID,FORRIGE_BEH_ID,BELOP,VEDTAK_ID_FK,DATO_FOM,DATO_TOM,VERSJON,DATO_OPPRETTET,OPPRETTET_AV,DATO_ENDRET,ENDRET_AV,K_BEHOLDNING_T,K_BEHOLDNING_S,K_RESTP_BEH_ARSAK,PERSON_ID,BEH_GRLAG,BEH_GRLAG_AVKORTET,BEH_INNSKUDD,BEH_INNSKUDD_U_OMS,F_TJEN_OPPTJ_ID,UFORE_OPPTJ_ID,OMSORG_OPPTJ_ID,INNTEKT_OPPTJ_ID,DAGPENGER_OPPTJ_ID,LONNSVEKST_REG_ID) VALUES ('430321235','430321234','2546897,476716317',null,'2015-05-01 00:00:00','2015-12-31 00:00:00','0','2020-02-11 13:34:21','srvpensjon','2020-02-11 13:34:21','srvpensjon','PEN_B','G','REGULERING','22347372','0','0','0','0',null,null,null,null,null,'318311772')
INSERT INTO T_BEHOLDNING (BEHOLDNING_ID,FORRIGE_BEH_ID,BELOP,VEDTAK_ID_FK,DATO_FOM,DATO_TOM,VERSJON,DATO_OPPRETTET,OPPRETTET_AV,DATO_ENDRET,ENDRET_AV,K_BEHOLDNING_T,K_BEHOLDNING_S,K_RESTP_BEH_ARSAK,PERSON_ID,BEH_GRLAG,BEH_GRLAG_AVKORTET,BEH_INNSKUDD,BEH_INNSKUDD_U_OMS,F_TJEN_OPPTJ_ID,UFORE_OPPTJ_ID,OMSORG_OPPTJ_ID,INNTEKT_OPPTJ_ID,DAGPENGER_OPPTJ_ID,LONNSVEKST_REG_ID) VALUES ('430321236','430321235','2546897,476716317',null,'2016-01-01 00:00:00','2016-04-30 00:00:00','0','2020-02-11 13:34:21','srvpensjon','2020-02-11 13:34:21','srvpensjon','PEN_B','G','NY_OPPTJENING','22347372','0','0','0','0',null,null,null,null,null,'318311772')
INSERT INTO T_BEHOLDNING (BEHOLDNING_ID,FORRIGE_BEH_ID,BELOP,VEDTAK_ID_FK,DATO_FOM,DATO_TOM,VERSJON,DATO_OPPRETTET,OPPRETTET_AV,DATO_ENDRET,ENDRET_AV,K_BEHOLDNING_T,K_BEHOLDNING_S,K_RESTP_BEH_ARSAK,PERSON_ID,BEH_GRLAG,BEH_GRLAG_AVKORTET,BEH_INNSKUDD,BEH_INNSKUDD_U_OMS,F_TJEN_OPPTJ_ID,UFORE_OPPTJ_ID,OMSORG_OPPTJ_ID,INNTEKT_OPPTJ_ID,DAGPENGER_OPPTJ_ID,LONNSVEKST_REG_ID) VALUES ('430321237','430321236','2617701,2265690304',null,'2016-05-01 00:00:00','2016-12-31 00:00:00','0','2020-02-11 13:34:21','srvpensjon','2020-02-11 13:34:21','srvpensjon','PEN_B','G','REGULERING','22347372','0','0','0','0',null,null,null,null,null,'318311773')
INSERT INTO T_BEHOLDNING (BEHOLDNING_ID,FORRIGE_BEH_ID,BELOP,VEDTAK_ID_FK,DATO_FOM,DATO_TOM,VERSJON,DATO_OPPRETTET,OPPRETTET_AV,DATO_ENDRET,ENDRET_AV,K_BEHOLDNING_T,K_BEHOLDNING_S,K_RESTP_BEH_ARSAK,PERSON_ID,BEH_GRLAG,BEH_GRLAG_AVKORTET,BEH_INNSKUDD,BEH_INNSKUDD_U_OMS,F_TJEN_OPPTJ_ID,UFORE_OPPTJ_ID,OMSORG_OPPTJ_ID,INNTEKT_OPPTJ_ID,DAGPENGER_OPPTJ_ID,LONNSVEKST_REG_ID) VALUES ('430321238','430321237','2617701,2265690304',null,'2017-01-01 00:00:00','2017-04-30 00:00:00','0','2020-02-11 13:34:21','srvpensjon','2020-02-11 13:34:21','srvpensjon','PEN_B','G','NY_OPPTJENING','22347372','0','0','0','0',null,null,null,null,null,'318311773')
INSERT INTO T_BEHOLDNING (BEHOLDNING_ID,FORRIGE_BEH_ID,BELOP,VEDTAK_ID_FK,DATO_FOM,DATO_TOM,VERSJON,DATO_OPPRETTET,OPPRETTET_AV,DATO_ENDRET,ENDRET_AV,K_BEHOLDNING_T,K_BEHOLDNING_S,K_RESTP_BEH_ARSAK,PERSON_ID,BEH_GRLAG,BEH_GRLAG_AVKORTET,BEH_INNSKUDD,BEH_INNSKUDD_U_OMS,F_TJEN_OPPTJ_ID,UFORE_OPPTJ_ID,OMSORG_OPPTJ_ID,INNTEKT_OPPTJ_ID,DAGPENGER_OPPTJ_ID,LONNSVEKST_REG_ID) VALUES ('430321239','430321238','2647543,0205519176',null,'2017-05-01 00:00:00','2017-12-31 00:00:00','0','2020-02-11 13:34:21','srvpensjon','2020-02-11 13:34:21','srvpensjon','PEN_B','G','REGULERING','22347372','0','0','0','0',null,null,null,null,null,'318311774')
INSERT INTO T_BEHOLDNING (BEHOLDNING_ID,FORRIGE_BEH_ID,BELOP,VEDTAK_ID_FK,DATO_FOM,DATO_TOM,VERSJON,DATO_OPPRETTET,OPPRETTET_AV,DATO_ENDRET,ENDRET_AV,K_BEHOLDNING_T,K_BEHOLDNING_S,K_RESTP_BEH_ARSAK,PERSON_ID,BEH_GRLAG,BEH_GRLAG_AVKORTET,BEH_INNSKUDD,BEH_INNSKUDD_U_OMS,F_TJEN_OPPTJ_ID,UFORE_OPPTJ_ID,OMSORG_OPPTJ_ID,INNTEKT_OPPTJ_ID,DAGPENGER_OPPTJ_ID,LONNSVEKST_REG_ID) VALUES ('430321240','430321239','2647543,0205519176',null,'2018-01-01 00:00:00','2018-04-30 00:00:00','0','2020-02-11 13:34:21','srvpensjon','2020-02-11 13:34:21','srvpensjon','PEN_B','G','NY_OPPTJENING','22347372','0','0','0','0',null,null,null,null,null,'318311774')
INSERT INTO T_BEHOLDNING (BEHOLDNING_ID,FORRIGE_BEH_ID,BELOP,VEDTAK_ID_FK,DATO_FOM,DATO_TOM,VERSJON,DATO_OPPRETTET,OPPRETTET_AV,DATO_ENDRET,ENDRET_AV,K_BEHOLDNING_T,K_BEHOLDNING_S,K_RESTP_BEH_ARSAK,PERSON_ID,BEH_GRLAG,BEH_GRLAG_AVKORTET,BEH_INNSKUDD,BEH_INNSKUDD_U_OMS,F_TJEN_OPPTJ_ID,UFORE_OPPTJ_ID,OMSORG_OPPTJ_ID,INNTEKT_OPPTJ_ID,DAGPENGER_OPPTJ_ID,LONNSVEKST_REG_ID) VALUES ('430321293','430321240','2739412,763365069',null,'2018-05-01 00:00:00','2019-12-31 00:00:00','0','2020-02-11 13:39:07','Z991305','2020-02-11 13:39:07','Z991305','PEN_B','G','REGULERING','22347372','0','0','0','0',null,null,null,null,null,'318311775')
INSERT INTO T_BEHOLDNING (BEHOLDNING_ID,FORRIGE_BEH_ID,BELOP,VEDTAK_ID_FK,DATO_FOM,DATO_TOM,VERSJON,DATO_OPPRETTET,OPPRETTET_AV,DATO_ENDRET,ENDRET_AV,K_BEHOLDNING_T,K_BEHOLDNING_S,K_RESTP_BEH_ARSAK,PERSON_ID,BEH_GRLAG,BEH_GRLAG_AVKORTET,BEH_INNSKUDD,BEH_INNSKUDD_U_OMS,F_TJEN_OPPTJ_ID,UFORE_OPPTJ_ID,OMSORG_OPPTJ_ID,INNTEKT_OPPTJ_ID,DAGPENGER_OPPTJ_ID,LONNSVEKST_REG_ID) VALUES ('430321294','430321293','1369706,3816825345','42743856','2020-01-01 00:00:00',null,'0','2020-02-11 13:39:07','Z991305','2020-02-11 13:39:07','Z991305','PEN_B','G','VEDTAK','22347372',null,null,null,null,null,null,null,null,null,'318311775')
INSERT INTO T_BEHOLDNING (BEHOLDNING_ID,FORRIGE_BEH_ID,BELOP,VEDTAK_ID_FK,DATO_FOM,DATO_TOM,VERSJON,DATO_OPPRETTET,OPPRETTET_AV,DATO_ENDRET,ENDRET_AV,K_BEHOLDNING_T,K_BEHOLDNING_S,K_RESTP_BEH_ARSAK,PERSON_ID,BEH_GRLAG,BEH_GRLAG_AVKORTET,BEH_INNSKUDD,BEH_INNSKUDD_U_OMS,F_TJEN_OPPTJ_ID,UFORE_OPPTJ_ID,OMSORG_OPPTJ_ID,INNTEKT_OPPTJ_ID,DAGPENGER_OPPTJ_ID,LONNSVEKST_REG_ID) VALUES ('430321295',null,'325292,80027194996','42743856','2020-01-01 00:00:00',null,'0','2020-02-11 13:39:07','Z991305','2020-02-11 13:39:07','Z991305','GAR_PEN_B','G','VEDTAK','22347372',null,null,null,null,null,null,null,null,null,null)