INSERT INTO T_INNTEKT (INNTEKT_ID,K_INNTEKT_T,PERSON_ID,K_KILDE_T,K_INNTEKT_STATUS,K_PI_MERKE_T,FIL_ID_FK,INNTEKT_AR,BELOP,VERSJON,DATO_OPPRETTET,OPPRETTET_AV,DATO_ENDRET,ENDRET_AV,KONV_FJERNING_KODE,PI_RAPPDATO,RAPPART,FIL_INFO_ID,RAPPORTERT_FNR,KOMMUNE_NR) VALUES ('585527411','INN_LON','22468586','PEN','G',null,null,'1987','126027','0','2020-06-30 08:56:43','TESTDATA','2020-06-30 08:56:43','srvpensjon',null,null,null,null,null,'1337');
INSERT INTO T_INNTEKT (INNTEKT_ID,K_INNTEKT_T,PERSON_ID,K_KILDE_T,K_INNTEKT_STATUS,K_PI_MERKE_T,FIL_ID_FK,INNTEKT_AR,BELOP,VERSJON,DATO_OPPRETTET,OPPRETTET_AV,DATO_ENDRET,ENDRET_AV,KONV_FJERNING_KODE,PI_RAPPDATO,RAPPART,FIL_INFO_ID,RAPPORTERT_FNR,KOMMUNE_NR) VALUES ('585527416','SUM_PI','22468586','POPP','G',null,null,'1991','150856','1','2020-06-30 08:56:50','srvpensjon','2020-06-30 08:56:52','srvpensjon',null,null,null,null,null,null);
INSERT INTO T_INNTEKT (INNTEKT_ID,K_INNTEKT_T,PERSON_ID,K_KILDE_T,K_INNTEKT_STATUS,K_PI_MERKE_T,FIL_ID_FK,INNTEKT_AR,BELOP,VERSJON,DATO_OPPRETTET,OPPRETTET_AV,DATO_ENDRET,ENDRET_AV,KONV_FJERNING_KODE,PI_RAPPDATO,RAPPART,FIL_INFO_ID,RAPPORTERT_FNR,KOMMUNE_NR) VALUES ('585527418','SUM_PI','22468586','POPP','G',null,null,'1993','159468','1','2020-06-30 08:56:54','srvpensjon','2020-06-30 08:56:55','srvpensjon',null,null,null,null,null,null);
INSERT INTO T_INNTEKT (INNTEKT_ID,K_INNTEKT_T,PERSON_ID,K_KILDE_T,K_INNTEKT_STATUS,K_PI_MERKE_T,FIL_ID_FK,INNTEKT_AR,BELOP,VERSJON,DATO_OPPRETTET,OPPRETTET_AV,DATO_ENDRET,ENDRET_AV,KONV_FJERNING_KODE,PI_RAPPDATO,RAPPART,FIL_INFO_ID,RAPPORTERT_FNR,KOMMUNE_NR) VALUES ('585527438','SUM_PI','22468586','POPP','G',null,null,'2013','362592','1','2020-06-30 08:57:21','srvpensjon','2020-06-30 08:57:21','srvpensjon',null,null,null,null,null,null);
INSERT INTO T_INNTEKT (INNTEKT_ID,K_INNTEKT_T,PERSON_ID,K_KILDE_T,K_INNTEKT_STATUS,K_PI_MERKE_T,FIL_ID_FK,INNTEKT_AR,BELOP,VERSJON,DATO_OPPRETTET,OPPRETTET_AV,DATO_ENDRET,ENDRET_AV,KONV_FJERNING_KODE,PI_RAPPDATO,RAPPART,FIL_INFO_ID,RAPPORTERT_FNR,KOMMUNE_NR) VALUES ('585527582','SUM_PI','22468586','POPP','G',null,null,'1984','101913','1','2020-06-30 08:56:39','srvpensjon','2020-06-30 08:56:40','srvpensjon',null,null,null,null,null,null);
INSERT INTO T_INNTEKT (INNTEKT_ID,K_INNTEKT_T,PERSON_ID,K_KILDE_T,K_INNTEKT_STATUS,K_PI_MERKE_T,FIL_ID_FK,INNTEKT_AR,BELOP,VERSJON,DATO_OPPRETTET,OPPRETTET_AV,DATO_ENDRET,ENDRET_AV,KONV_FJERNING_KODE,PI_RAPPDATO,RAPPART,FIL_INFO_ID,RAPPORTERT_FNR,KOMMUNE_NR) VALUES ('585527589','INN_LON','22468586','PEN','G',null,null,'1992','155739','0','2020-06-30 08:56:52','TESTDATA','2020-06-30 08:56:52','srvpensjon',null,null,null,null,null,'1337');
INSERT INTO T_INNTEKT (INNTEKT_ID,K_INNTEKT_T,PERSON_ID,K_KILDE_T,K_INNTEKT_STATUS,K_PI_MERKE_T,FIL_ID_FK,INNTEKT_AR,BELOP,VERSJON,DATO_OPPRETTET,OPPRETTET_AV,DATO_ENDRET,ENDRET_AV,KONV_FJERNING_KODE,PI_RAPPDATO,RAPPART,FIL_INFO_ID,RAPPORTERT_FNR,KOMMUNE_NR) VALUES ('585527594','SUM_PI','22468586','POPP','G',null,null,'1996','174010','1','2020-06-30 08:56:58','srvpensjon','2020-06-30 08:56:59','srvpensjon',null,null,null,null,null,null);
INSERT INTO T_INNTEKT (INNTEKT_ID,K_INNTEKT_T,PERSON_ID,K_KILDE_T,K_INNTEKT_STATUS,K_PI_MERKE_T,FIL_ID_FK,INNTEKT_AR,BELOP,VERSJON,DATO_OPPRETTET,OPPRETTET_AV,DATO_ENDRET,ENDRET_AV,KONV_FJERNING_KODE,PI_RAPPDATO,RAPPART,FIL_INFO_ID,RAPPORTERT_FNR,KOMMUNE_NR) VALUES ('585527595','INN_LON','22468586','PEN','G',null,null,'1998','191247','0','2020-06-30 08:57:01','TESTDATA','2020-06-30 08:57:01','srvpensjon',null,null,null,null,null,'1337');
INSERT INTO T_INNTEKT (INNTEKT_ID,K_INNTEKT_T,PERSON_ID,K_KILDE_T,K_INNTEKT_STATUS,K_PI_MERKE_T,FIL_ID_FK,INNTEKT_AR,BELOP,VERSJON,DATO_OPPRETTET,OPPRETTET_AV,DATO_ENDRET,ENDRET_AV,KONV_FJERNING_KODE,PI_RAPPDATO,RAPPART,FIL_INFO_ID,RAPPORTERT_FNR,KOMMUNE_NR) VALUES ('585527600','SUM_PI','22468586','POPP','G',null,null,'2002','229227','1','2020-06-30 08:57:06','srvpensjon','2020-06-30 08:57:08','srvpensjon',null,null,null,null,null,null);
INSERT INTO T_INNTEKT (INNTEKT_ID,K_INNTEKT_T,PERSON_ID,K_KILDE_T,K_INNTEKT_STATUS,K_PI_MERKE_T,FIL_ID_FK,INNTEKT_AR,BELOP,VERSJON,DATO_OPPRETTET,OPPRETTET_AV,DATO_ENDRET,ENDRET_AV,KONV_FJERNING_KODE,PI_RAPPDATO,RAPPART,FIL_INFO_ID,RAPPORTERT_FNR,KOMMUNE_NR) VALUES ('585527602','SUM_PI','22468586','POPP','G',null,null,'2004','250353','1','2020-06-30 08:57:09','srvpensjon','2020-06-30 08:57:10','srvpensjon',null,null,null,null,null,null);
INSERT INTO T_INNTEKT (INNTEKT_ID,K_INNTEKT_T,PERSON_ID,K_KILDE_T,K_INNTEKT_STATUS,K_PI_MERKE_T,FIL_ID_FK,INNTEKT_AR,BELOP,VERSJON,DATO_OPPRETTET,OPPRETTET_AV,DATO_ENDRET,ENDRET_AV,KONV_FJERNING_KODE,PI_RAPPDATO,RAPPART,FIL_INFO_ID,RAPPORTERT_FNR,KOMMUNE_NR) VALUES ('585527609','INN_LON','22468586','PEN','G',null,null,'2012','349454','0','2020-06-30 08:57:20','TESTDATA','2020-06-30 08:57:20','srvpensjon',null,null,null,null,null,'1337');
INSERT INTO T_INNTEKT (INNTEKT_ID,K_INNTEKT_T,PERSON_ID,K_KILDE_T,K_INNTEKT_STATUS,K_PI_MERKE_T,FIL_ID_FK,INNTEKT_AR,BELOP,VERSJON,DATO_OPPRETTET,OPPRETTET_AV,DATO_ENDRET,ENDRET_AV,KONV_FJERNING_KODE,PI_RAPPDATO,RAPPART,FIL_INFO_ID,RAPPORTERT_FNR,KOMMUNE_NR) VALUES ('585527610','SUM_PI','22468586','POPP','G',null,null,'2012','349454','1','2020-06-30 08:57:20','srvpensjon','2020-06-30 08:57:21','srvpensjon',null,null,null,null,null,null);
INSERT INTO T_INNTEKT (INNTEKT_ID,K_INNTEKT_T,PERSON_ID,K_KILDE_T,K_INNTEKT_STATUS,K_PI_MERKE_T,FIL_ID_FK,INNTEKT_AR,BELOP,VERSJON,DATO_OPPRETTET,OPPRETTET_AV,DATO_ENDRET,ENDRET_AV,KONV_FJERNING_KODE,PI_RAPPDATO,RAPPART,FIL_INFO_ID,RAPPORTERT_FNR,KOMMUNE_NR) VALUES ('585527611','INN_LON','22468586','PEN','G',null,null,'2014','376044','0','2020-06-30 08:57:21','TESTDATA','2020-06-30 08:57:21','srvpensjon',null,null,null,null,null,'1337');
INSERT INTO T_INNTEKT (INNTEKT_ID,K_INNTEKT_T,PERSON_ID,K_KILDE_T,K_INNTEKT_STATUS,K_PI_MERKE_T,FIL_ID_FK,INNTEKT_AR,BELOP,VERSJON,DATO_OPPRETTET,OPPRETTET_AV,DATO_ENDRET,ENDRET_AV,KONV_FJERNING_KODE,PI_RAPPDATO,RAPPART,FIL_INFO_ID,RAPPORTERT_FNR,KOMMUNE_NR) VALUES ('585527615','INN_LON','22468586','PEN','G',null,null,'2018','412526','0','2020-06-30 08:57:23','TESTDATA','2020-06-30 08:57:23','srvpensjon',null,null,null,null,null,'1337');
INSERT INTO T_INNTEKT (INNTEKT_ID,K_INNTEKT_T,PERSON_ID,K_KILDE_T,K_INNTEKT_STATUS,K_PI_MERKE_T,FIL_ID_FK,INNTEKT_AR,BELOP,VERSJON,DATO_OPPRETTET,OPPRETTET_AV,DATO_ENDRET,ENDRET_AV,KONV_FJERNING_KODE,PI_RAPPDATO,RAPPART,FIL_INFO_ID,RAPPORTERT_FNR,KOMMUNE_NR) VALUES ('585527428','SUM_PI','22468586','POPP','G',null,null,'2003','240987','1','2020-06-30 08:57:08','srvpensjon','2020-06-30 08:57:09','srvpensjon',null,null,null,null,null,null);
INSERT INTO T_INNTEKT (INNTEKT_ID,K_INNTEKT_T,PERSON_ID,K_KILDE_T,K_INNTEKT_STATUS,K_PI_MERKE_T,FIL_ID_FK,INNTEKT_AR,BELOP,VERSJON,DATO_OPPRETTET,OPPRETTET_AV,DATO_ENDRET,ENDRET_AV,KONV_FJERNING_KODE,PI_RAPPDATO,RAPPART,FIL_INFO_ID,RAPPORTERT_FNR,KOMMUNE_NR) VALUES ('585527429','INN_LON','22468586','PEN','G',null,null,'2005','258621','0','2020-06-30 08:57:11','TESTDATA','2020-06-30 08:57:11','srvpensjon',null,null,null,null,null,'1337');
INSERT INTO T_INNTEKT (INNTEKT_ID,K_INNTEKT_T,PERSON_ID,K_KILDE_T,K_INNTEKT_STATUS,K_PI_MERKE_T,FIL_ID_FK,INNTEKT_AR,BELOP,VERSJON,DATO_OPPRETTET,OPPRETTET_AV,DATO_ENDRET,ENDRET_AV,KONV_FJERNING_KODE,PI_RAPPDATO,RAPPART,FIL_INFO_ID,RAPPORTERT_FNR,KOMMUNE_NR) VALUES ('585527579','INN_LON','22468586','PEN','G',null,null,'1982','88994','0','2020-06-30 08:56:35','TESTDATA','2020-06-30 08:56:35','srvpensjon',null,null,null,null,null,'1337');
INSERT INTO T_INNTEKT (INNTEKT_ID,K_INNTEKT_T,PERSON_ID,K_KILDE_T,K_INNTEKT_STATUS,K_PI_MERKE_T,FIL_ID_FK,INNTEKT_AR,BELOP,VERSJON,DATO_OPPRETTET,OPPRETTET_AV,DATO_ENDRET,ENDRET_AV,KONV_FJERNING_KODE,PI_RAPPDATO,RAPPART,FIL_INFO_ID,RAPPORTERT_FNR,KOMMUNE_NR) VALUES ('585527591','INN_LON','22468586','PEN','G',null,null,'1994','162857','0','2020-06-30 08:56:55','TESTDATA','2020-06-30 08:56:55','srvpensjon',null,null,null,null,null,'1337');
INSERT INTO T_INNTEKT (INNTEKT_ID,K_INNTEKT_T,PERSON_ID,K_KILDE_T,K_INNTEKT_STATUS,K_PI_MERKE_T,FIL_ID_FK,INNTEKT_AR,BELOP,VERSJON,DATO_OPPRETTET,OPPRETTET_AV,DATO_ENDRET,ENDRET_AV,KONV_FJERNING_KODE,PI_RAPPDATO,RAPPART,FIL_INFO_ID,RAPPORTERT_FNR,KOMMUNE_NR) VALUES ('585527604','SUM_PI','22468586','POPP','G',null,null,'2006','267672','1','2020-06-30 08:57:12','srvpensjon','2020-06-30 08:57:13','srvpensjon',null,null,null,null,null,null);
INSERT INTO T_INNTEKT (INNTEKT_ID,K_INNTEKT_T,PERSON_ID,K_KILDE_T,K_INNTEKT_STATUS,K_PI_MERKE_T,FIL_ID_FK,INNTEKT_AR,BELOP,VERSJON,DATO_OPPRETTET,OPPRETTET_AV,DATO_ENDRET,ENDRET_AV,KONV_FJERNING_KODE,PI_RAPPDATO,RAPPART,FIL_INFO_ID,RAPPORTERT_FNR,KOMMUNE_NR) VALUES ('585527400','SUM_PI','22468586','POPP','G',null,null,'1975','46506','1','2020-06-30 08:56:23','srvpensjon','2020-06-30 08:56:24','srvpensjon',null,null,null,null,null,null);
INSERT INTO T_INNTEKT (INNTEKT_ID,K_INNTEKT_T,PERSON_ID,K_KILDE_T,K_INNTEKT_STATUS,K_PI_MERKE_T,FIL_ID_FK,INNTEKT_AR,BELOP,VERSJON,DATO_OPPRETTET,OPPRETTET_AV,DATO_ENDRET,ENDRET_AV,KONV_FJERNING_KODE,PI_RAPPDATO,RAPPART,FIL_INFO_ID,RAPPORTERT_FNR,KOMMUNE_NR) VALUES ('585527402','SUM_PI','22468586','POPP','G',null,null,'1977','57629','1','2020-06-30 08:56:27','srvpensjon','2020-06-30 08:56:28','srvpensjon',null,null,null,null,null,null);
INSERT INTO T_INNTEKT (INNTEKT_ID,K_INNTEKT_T,PERSON_ID,K_KILDE_T,K_INNTEKT_STATUS,K_PI_MERKE_T,FIL_ID_FK,INNTEKT_AR,BELOP,VERSJON,DATO_OPPRETTET,OPPRETTET_AV,DATO_ENDRET,ENDRET_AV,KONV_FJERNING_KODE,PI_RAPPDATO,RAPPART,FIL_INFO_ID,RAPPORTERT_FNR,KOMMUNE_NR) VALUES ('585527403','INN_LON','22468586','PEN','G',null,null,'1979','65453','0','2020-06-30 08:56:30','TESTDATA','2020-06-30 08:56:30','srvpensjon',null,null,null,null,null,'1337');
INSERT INTO T_INNTEKT (INNTEKT_ID,K_INNTEKT_T,PERSON_ID,K_KILDE_T,K_INNTEKT_STATUS,K_PI_MERKE_T,FIL_ID_FK,INNTEKT_AR,BELOP,VERSJON,DATO_OPPRETTET,OPPRETTET_AV,DATO_ENDRET,ENDRET_AV,KONV_FJERNING_KODE,PI_RAPPDATO,RAPPART,FIL_INFO_ID,RAPPORTERT_FNR,KOMMUNE_NR) VALUES ('585527409','INN_LON','22468586','PEN','G',null,null,'1985','109087','0','2020-06-30 08:56:40','TESTDATA','2020-06-30 08:56:40','srvpensjon',null,null,null,null,null,'1337');
INSERT INTO T_INNTEKT (INNTEKT_ID,K_INNTEKT_T,PERSON_ID,K_KILDE_T,K_INNTEKT_STATUS,K_PI_MERKE_T,FIL_ID_FK,INNTEKT_AR,BELOP,VERSJON,DATO_OPPRETTET,OPPRETTET_AV,DATO_ENDRET,ENDRET_AV,KONV_FJERNING_KODE,PI_RAPPDATO,RAPPART,FIL_INFO_ID,RAPPORTERT_FNR,KOMMUNE_NR) VALUES ('585527410','SUM_PI','22468586','POPP','G',null,null,'1985','109087','1','2020-06-30 08:56:40','srvpensjon','2020-06-30 08:56:41','srvpensjon',null,null,null,null,null,null);
INSERT INTO T_INNTEKT (INNTEKT_ID,K_INNTEKT_T,PERSON_ID,K_KILDE_T,K_INNTEKT_STATUS,K_PI_MERKE_T,FIL_ID_FK,INNTEKT_AR,BELOP,VERSJON,DATO_OPPRETTET,OPPRETTET_AV,DATO_ENDRET,ENDRET_AV,KONV_FJERNING_KODE,PI_RAPPDATO,RAPPART,FIL_INFO_ID,RAPPORTERT_FNR,KOMMUNE_NR) VALUES ('585527420','SUM_PI','22468586','POPP','G',null,null,'1995','167280','1','2020-06-30 08:56:57','srvpensjon','2020-06-30 08:56:58','srvpensjon',null,null,null,null,null,null);
INSERT INTO T_INNTEKT (INNTEKT_ID,K_INNTEKT_T,PERSON_ID,K_KILDE_T,K_INNTEKT_STATUS,K_PI_MERKE_T,FIL_ID_FK,INNTEKT_AR,BELOP,VERSJON,DATO_OPPRETTET,OPPRETTET_AV,DATO_ENDRET,ENDRET_AV,KONV_FJERNING_KODE,PI_RAPPDATO,RAPPART,FIL_INFO_ID,RAPPORTERT_FNR,KOMMUNE_NR) VALUES ('585527423','INN_LON','22468586','PEN','G',null,null,'1999','199903','0','2020-06-30 08:57:02','TESTDATA','2020-06-30 08:57:02','srvpensjon',null,null,null,null,null,'1337');
INSERT INTO T_INNTEKT (INNTEKT_ID,K_INNTEKT_T,PERSON_ID,K_KILDE_T,K_INNTEKT_STATUS,K_PI_MERKE_T,FIL_ID_FK,INNTEKT_AR,BELOP,VERSJON,DATO_OPPRETTET,OPPRETTET_AV,DATO_ENDRET,ENDRET_AV,KONV_FJERNING_KODE,PI_RAPPDATO,RAPPART,FIL_INFO_ID,RAPPORTERT_FNR,KOMMUNE_NR) VALUES ('585527436','SUM_PI','22468586','POPP','G',null,null,'2011','335980','1','2020-06-30 08:57:19','srvpensjon','2020-06-30 08:57:20','srvpensjon',null,null,null,null,null,null);
INSERT INTO T_INNTEKT (INNTEKT_ID,K_INNTEKT_T,PERSON_ID,K_KILDE_T,K_INNTEKT_STATUS,K_PI_MERKE_T,FIL_ID_FK,INNTEKT_AR,BELOP,VERSJON,DATO_OPPRETTET,OPPRETTET_AV,DATO_ENDRET,ENDRET_AV,KONV_FJERNING_KODE,PI_RAPPDATO,RAPPART,FIL_INFO_ID,RAPPORTERT_FNR,KOMMUNE_NR) VALUES ('585527439','INN_LON','22468586','PEN','G',null,null,'2015','385406','0','2020-06-30 08:57:22','TESTDATA','2020-06-30 08:57:22','srvpensjon',null,null,null,null,null,'1337');
INSERT INTO T_INNTEKT (INNTEKT_ID,K_INNTEKT_T,PERSON_ID,K_KILDE_T,K_INNTEKT_STATUS,K_PI_MERKE_T,FIL_ID_FK,INNTEKT_AR,BELOP,VERSJON,DATO_OPPRETTET,OPPRETTET_AV,DATO_ENDRET,ENDRET_AV,KONV_FJERNING_KODE,PI_RAPPDATO,RAPPART,FIL_INFO_ID,RAPPORTERT_FNR,KOMMUNE_NR) VALUES ('585527572','SUM_PI','22468586','POPP','G',null,null,'1974','41050','1','2020-06-30 08:56:21','srvpensjon','2020-06-30 08:56:23','srvpensjon',null,null,null,null,null,null);
INSERT INTO T_INNTEKT (INNTEKT_ID,K_INNTEKT_T,PERSON_ID,K_KILDE_T,K_INNTEKT_STATUS,K_PI_MERKE_T,FIL_ID_FK,INNTEKT_AR,BELOP,VERSJON,DATO_OPPRETTET,OPPRETTET_AV,DATO_ENDRET,ENDRET_AV,KONV_FJERNING_KODE,PI_RAPPDATO,RAPPART,FIL_INFO_ID,RAPPORTERT_FNR,KOMMUNE_NR) VALUES ('585527577','INN_LON','22468586','PEN','G',null,null,'1980','71624','0','2020-06-30 08:56:32','TESTDATA','2020-06-30 08:56:32','srvpensjon',null,null,null,null,null,'1337');
INSERT INTO T_INNTEKT (INNTEKT_ID,K_INNTEKT_T,PERSON_ID,K_KILDE_T,K_INNTEKT_STATUS,K_PI_MERKE_T,FIL_ID_FK,INNTEKT_AR,BELOP,VERSJON,DATO_OPPRETTET,OPPRETTET_AV,DATO_ENDRET,ENDRET_AV,KONV_FJERNING_KODE,PI_RAPPDATO,RAPPART,FIL_INFO_ID,RAPPORTERT_FNR,KOMMUNE_NR) VALUES ('585527581','INN_LON','22468586','PEN','G',null,null,'1984','101913','0','2020-06-30 08:56:38','TESTDATA','2020-06-30 08:56:39','srvpensjon',null,null,null,null,null,'1337');
INSERT INTO T_INNTEKT (INNTEKT_ID,K_INNTEKT_T,PERSON_ID,K_KILDE_T,K_INNTEKT_STATUS,K_PI_MERKE_T,FIL_ID_FK,INNTEKT_AR,BELOP,VERSJON,DATO_OPPRETTET,OPPRETTET_AV,DATO_ENDRET,ENDRET_AV,KONV_FJERNING_KODE,PI_RAPPDATO,RAPPART,FIL_INFO_ID,RAPPORTERT_FNR,KOMMUNE_NR) VALUES ('585527605','INN_LON','22468586','PEN','G',null,null,'2008','297587','0','2020-06-30 08:57:15','TESTDATA','2020-06-30 08:57:15','srvpensjon',null,null,null,null,null,'1337');
INSERT INTO T_INNTEKT (INNTEKT_ID,K_INNTEKT_T,PERSON_ID,K_KILDE_T,K_INNTEKT_STATUS,K_PI_MERKE_T,FIL_ID_FK,INNTEKT_AR,BELOP,VERSJON,DATO_OPPRETTET,OPPRETTET_AV,DATO_ENDRET,ENDRET_AV,KONV_FJERNING_KODE,PI_RAPPDATO,RAPPART,FIL_INFO_ID,RAPPORTERT_FNR,KOMMUNE_NR) VALUES ('585527608','SUM_PI','22468586','POPP','G',null,null,'2010','321757','1','2020-06-30 08:57:18','srvpensjon','2020-06-30 08:57:19','srvpensjon',null,null,null,null,null,null);
INSERT INTO T_INNTEKT (INNTEKT_ID,K_INNTEKT_T,PERSON_ID,K_KILDE_T,K_INNTEKT_STATUS,K_PI_MERKE_T,FIL_ID_FK,INNTEKT_AR,BELOP,VERSJON,DATO_OPPRETTET,OPPRETTET_AV,DATO_ENDRET,ENDRET_AV,KONV_FJERNING_KODE,PI_RAPPDATO,RAPPART,FIL_INFO_ID,RAPPORTERT_FNR,KOMMUNE_NR) VALUES ('585527612','SUM_PI','22468586','POPP','G',null,null,'2014','376044','1','2020-06-30 08:57:21','srvpensjon','2020-06-30 08:57:22','srvpensjon',null,null,null,null,null,null);
INSERT INTO T_INNTEKT (INNTEKT_ID,K_INNTEKT_T,PERSON_ID,K_KILDE_T,K_INNTEKT_STATUS,K_PI_MERKE_T,FIL_ID_FK,INNTEKT_AR,BELOP,VERSJON,DATO_OPPRETTET,OPPRETTET_AV,DATO_ENDRET,ENDRET_AV,KONV_FJERNING_KODE,PI_RAPPDATO,RAPPART,FIL_INFO_ID,RAPPORTERT_FNR,KOMMUNE_NR) VALUES ('585527404','SUM_PI','22468586','POPP','G',null,null,'1979','65453','1','2020-06-30 08:56:30','srvpensjon','2020-06-30 08:56:31','srvpensjon',null,null,null,null,null,null);
INSERT INTO T_INNTEKT (INNTEKT_ID,K_INNTEKT_T,PERSON_ID,K_KILDE_T,K_INNTEKT_STATUS,K_PI_MERKE_T,FIL_ID_FK,INNTEKT_AR,BELOP,VERSJON,DATO_OPPRETTET,OPPRETTET_AV,DATO_ENDRET,ENDRET_AV,KONV_FJERNING_KODE,PI_RAPPDATO,RAPPART,FIL_INFO_ID,RAPPORTERT_FNR,KOMMUNE_NR) VALUES ('585527405','INN_LON','22468586','PEN','G',null,null,'1981','80343','0','2020-06-30 08:56:34','TESTDATA','2020-06-30 08:56:34','srvpensjon',null,null,null,null,null,'1337');
INSERT INTO T_INNTEKT (INNTEKT_ID,K_INNTEKT_T,PERSON_ID,K_KILDE_T,K_INNTEKT_STATUS,K_PI_MERKE_T,FIL_ID_FK,INNTEKT_AR,BELOP,VERSJON,DATO_OPPRETTET,OPPRETTET_AV,DATO_ENDRET,ENDRET_AV,KONV_FJERNING_KODE,PI_RAPPDATO,RAPPART,FIL_INFO_ID,RAPPORTERT_FNR,KOMMUNE_NR) VALUES ('585527412','SUM_PI','22468586','POPP','G',null,null,'1987','126027','1','2020-06-30 08:56:43','srvpensjon','2020-06-30 08:56:45','srvpensjon',null,null,null,null,null,null);
INSERT INTO T_INNTEKT (INNTEKT_ID,K_INNTEKT_T,PERSON_ID,K_KILDE_T,K_INNTEKT_STATUS,K_PI_MERKE_T,FIL_ID_FK,INNTEKT_AR,BELOP,VERSJON,DATO_OPPRETTET,OPPRETTET_AV,DATO_ENDRET,ENDRET_AV,KONV_FJERNING_KODE,PI_RAPPDATO,RAPPART,FIL_INFO_ID,RAPPORTERT_FNR,KOMMUNE_NR) VALUES ('585527422','SUM_PI','22468586','POPP','G',null,null,'1997','180857','1','2020-06-30 08:57:00','srvpensjon','2020-06-30 08:57:01','srvpensjon',null,null,null,null,null,null);
INSERT INTO T_INNTEKT (INNTEKT_ID,K_INNTEKT_T,PERSON_ID,K_KILDE_T,K_INNTEKT_STATUS,K_PI_MERKE_T,FIL_ID_FK,INNTEKT_AR,BELOP,VERSJON,DATO_OPPRETTET,OPPRETTET_AV,DATO_ENDRET,ENDRET_AV,KONV_FJERNING_KODE,PI_RAPPDATO,RAPPART,FIL_INFO_ID,RAPPORTERT_FNR,KOMMUNE_NR) VALUES ('585527425','INN_LON','22468586','PEN','G',null,null,'2001','217902','0','2020-06-30 08:57:05','TESTDATA','2020-06-30 08:57:05','srvpensjon',null,null,null,null,null,'1337');
INSERT INTO T_INNTEKT (INNTEKT_ID,K_INNTEKT_T,PERSON_ID,K_KILDE_T,K_INNTEKT_STATUS,K_PI_MERKE_T,FIL_ID_FK,INNTEKT_AR,BELOP,VERSJON,DATO_OPPRETTET,OPPRETTET_AV,DATO_ENDRET,ENDRET_AV,KONV_FJERNING_KODE,PI_RAPPDATO,RAPPART,FIL_INFO_ID,RAPPORTERT_FNR,KOMMUNE_NR) VALUES ('585527427','INN_LON','22468586','PEN','G',null,null,'2003','240987','0','2020-06-30 08:57:08','TESTDATA','2020-06-30 08:57:08','srvpensjon',null,null,null,null,null,'1337');
INSERT INTO T_INNTEKT (INNTEKT_ID,K_INNTEKT_T,PERSON_ID,K_KILDE_T,K_INNTEKT_STATUS,K_PI_MERKE_T,FIL_ID_FK,INNTEKT_AR,BELOP,VERSJON,DATO_OPPRETTET,OPPRETTET_AV,DATO_ENDRET,ENDRET_AV,KONV_FJERNING_KODE,PI_RAPPDATO,RAPPART,FIL_INFO_ID,RAPPORTERT_FNR,KOMMUNE_NR) VALUES ('585527437','INN_LON','22468586','PEN','G',null,null,'2013','362592','0','2020-06-30 08:57:21','TESTDATA','2020-06-30 08:57:21','srvpensjon',null,null,null,null,null,'1337');
INSERT INTO T_INNTEKT (INNTEKT_ID,K_INNTEKT_T,PERSON_ID,K_KILDE_T,K_INNTEKT_STATUS,K_PI_MERKE_T,FIL_ID_FK,INNTEKT_AR,BELOP,VERSJON,DATO_OPPRETTET,OPPRETTET_AV,DATO_ENDRET,ENDRET_AV,KONV_FJERNING_KODE,PI_RAPPDATO,RAPPART,FIL_INFO_ID,RAPPORTERT_FNR,KOMMUNE_NR) VALUES ('585527441','INN_LON','22468586','PEN','G',null,null,'2017','401679','0','2020-06-30 08:57:23','TESTDATA','2020-06-30 08:57:23','srvpensjon',null,null,null,null,null,'1337');
INSERT INTO T_INNTEKT (INNTEKT_ID,K_INNTEKT_T,PERSON_ID,K_KILDE_T,K_INNTEKT_STATUS,K_PI_MERKE_T,FIL_ID_FK,INNTEKT_AR,BELOP,VERSJON,DATO_OPPRETTET,OPPRETTET_AV,DATO_ENDRET,ENDRET_AV,KONV_FJERNING_KODE,PI_RAPPDATO,RAPPART,FIL_INFO_ID,RAPPORTERT_FNR,KOMMUNE_NR) VALUES ('585527444','SUM_PI','22468586','POPP','G',null,null,'2019','425728','1','2020-06-30 08:57:24','srvpensjon','2020-06-30 08:57:24','srvpensjon',null,null,null,null,null,null);
INSERT INTO T_INNTEKT (INNTEKT_ID,K_INNTEKT_T,PERSON_ID,K_KILDE_T,K_INNTEKT_STATUS,K_PI_MERKE_T,FIL_ID_FK,INNTEKT_AR,BELOP,VERSJON,DATO_OPPRETTET,OPPRETTET_AV,DATO_ENDRET,ENDRET_AV,KONV_FJERNING_KODE,PI_RAPPDATO,RAPPART,FIL_INFO_ID,RAPPORTERT_FNR,KOMMUNE_NR) VALUES ('585527580','SUM_PI','22468586','POPP','G',null,null,'1982','88994','1','2020-06-30 08:56:35','srvpensjon','2020-06-30 08:56:37','srvpensjon',null,null,null,null,null,null);
INSERT INTO T_INNTEKT (INNTEKT_ID,K_INNTEKT_T,PERSON_ID,K_KILDE_T,K_INNTEKT_STATUS,K_PI_MERKE_T,FIL_ID_FK,INNTEKT_AR,BELOP,VERSJON,DATO_OPPRETTET,OPPRETTET_AV,DATO_ENDRET,ENDRET_AV,KONV_FJERNING_KODE,PI_RAPPDATO,RAPPART,FIL_INFO_ID,RAPPORTERT_FNR,KOMMUNE_NR) VALUES ('585527587','INN_LON','22468586','PEN','G',null,null,'1990','144578','0','2020-06-30 08:56:48','TESTDATA','2020-06-30 08:56:49','srvpensjon',null,null,null,null,null,'1337');
INSERT INTO T_INNTEKT (INNTEKT_ID,K_INNTEKT_T,PERSON_ID,K_KILDE_T,K_INNTEKT_STATUS,K_PI_MERKE_T,FIL_ID_FK,INNTEKT_AR,BELOP,VERSJON,DATO_OPPRETTET,OPPRETTET_AV,DATO_ENDRET,ENDRET_AV,KONV_FJERNING_KODE,PI_RAPPDATO,RAPPART,FIL_INFO_ID,RAPPORTERT_FNR,KOMMUNE_NR) VALUES ('585527590','SUM_PI','22468586','POPP','G',null,null,'1992','155739','1','2020-06-30 08:56:52','srvpensjon','2020-06-30 08:56:53','srvpensjon',null,null,null,null,null,null);
INSERT INTO T_INNTEKT (INNTEKT_ID,K_INNTEKT_T,PERSON_ID,K_KILDE_T,K_INNTEKT_STATUS,K_PI_MERKE_T,FIL_ID_FK,INNTEKT_AR,BELOP,VERSJON,DATO_OPPRETTET,OPPRETTET_AV,DATO_ENDRET,ENDRET_AV,KONV_FJERNING_KODE,PI_RAPPDATO,RAPPART,FIL_INFO_ID,RAPPORTERT_FNR,KOMMUNE_NR) VALUES ('585527597','INN_LON','22468586','PEN','G',null,null,'2000','208317','0','2020-06-30 08:57:04','TESTDATA','2020-06-30 08:57:04','srvpensjon',null,null,null,null,null,'1337');
INSERT INTO T_INNTEKT (INNTEKT_ID,K_INNTEKT_T,PERSON_ID,K_KILDE_T,K_INNTEKT_STATUS,K_PI_MERKE_T,FIL_ID_FK,INNTEKT_AR,BELOP,VERSJON,DATO_OPPRETTET,OPPRETTET_AV,DATO_ENDRET,ENDRET_AV,KONV_FJERNING_KODE,PI_RAPPDATO,RAPPART,FIL_INFO_ID,RAPPORTERT_FNR,KOMMUNE_NR) VALUES ('585527601','INN_LON','22468586','PEN','G',null,null,'2004','250353','0','2020-06-30 08:57:09','TESTDATA','2020-06-30 08:57:09','srvpensjon',null,null,null,null,null,'1337');
INSERT INTO T_INNTEKT (INNTEKT_ID,K_INNTEKT_T,PERSON_ID,K_KILDE_T,K_INNTEKT_STATUS,K_PI_MERKE_T,FIL_ID_FK,INNTEKT_AR,BELOP,VERSJON,DATO_OPPRETTET,OPPRETTET_AV,DATO_ENDRET,ENDRET_AV,KONV_FJERNING_KODE,PI_RAPPDATO,RAPPART,FIL_INFO_ID,RAPPORTERT_FNR,KOMMUNE_NR) VALUES ('585527401','INN_LON','22468586','PEN','G',null,null,'1977','57629','0','2020-06-30 08:56:26','TESTDATA','2020-06-30 08:56:27','srvpensjon',null,null,null,null,null,'1337');
INSERT INTO T_INNTEKT (INNTEKT_ID,K_INNTEKT_T,PERSON_ID,K_KILDE_T,K_INNTEKT_STATUS,K_PI_MERKE_T,FIL_ID_FK,INNTEKT_AR,BELOP,VERSJON,DATO_OPPRETTET,OPPRETTET_AV,DATO_ENDRET,ENDRET_AV,KONV_FJERNING_KODE,PI_RAPPDATO,RAPPART,FIL_INFO_ID,RAPPORTERT_FNR,KOMMUNE_NR) VALUES ('585527415','INN_LON','22468586','PEN','G',null,null,'1991','150856','0','2020-06-30 08:56:50','TESTDATA','2020-06-30 08:56:50','srvpensjon',null,null,null,null,null,'1337');
INSERT INTO T_INNTEKT (INNTEKT_ID,K_INNTEKT_T,PERSON_ID,K_KILDE_T,K_INNTEKT_STATUS,K_PI_MERKE_T,FIL_ID_FK,INNTEKT_AR,BELOP,VERSJON,DATO_OPPRETTET,OPPRETTET_AV,DATO_ENDRET,ENDRET_AV,KONV_FJERNING_KODE,PI_RAPPDATO,RAPPART,FIL_INFO_ID,RAPPORTERT_FNR,KOMMUNE_NR) VALUES ('585527419','INN_LON','22468586','PEN','G',null,null,'1995','167280','0','2020-06-30 08:56:56','TESTDATA','2020-06-30 08:56:57','srvpensjon',null,null,null,null,null,'1337');
INSERT INTO T_INNTEKT (INNTEKT_ID,K_INNTEKT_T,PERSON_ID,K_KILDE_T,K_INNTEKT_STATUS,K_PI_MERKE_T,FIL_ID_FK,INNTEKT_AR,BELOP,VERSJON,DATO_OPPRETTET,OPPRETTET_AV,DATO_ENDRET,ENDRET_AV,KONV_FJERNING_KODE,PI_RAPPDATO,RAPPART,FIL_INFO_ID,RAPPORTERT_FNR,KOMMUNE_NR) VALUES ('585527430','SUM_PI','22468586','POPP','G',null,null,'2005','258621','1','2020-06-30 08:57:11','srvpensjon','2020-06-30 08:57:12','srvpensjon',null,null,null,null,null,null);
INSERT INTO T_INNTEKT (INNTEKT_ID,K_INNTEKT_T,PERSON_ID,K_KILDE_T,K_INNTEKT_STATUS,K_PI_MERKE_T,FIL_ID_FK,INNTEKT_AR,BELOP,VERSJON,DATO_OPPRETTET,OPPRETTET_AV,DATO_ENDRET,ENDRET_AV,KONV_FJERNING_KODE,PI_RAPPDATO,RAPPART,FIL_INFO_ID,RAPPORTERT_FNR,KOMMUNE_NR) VALUES ('585527432','SUM_PI','22468586','POPP','G',null,null,'2007','282072','1','2020-06-30 08:57:14','srvpensjon','2020-06-30 08:57:15','srvpensjon',null,null,null,null,null,null);
INSERT INTO T_INNTEKT (INNTEKT_ID,K_INNTEKT_T,PERSON_ID,K_KILDE_T,K_INNTEKT_STATUS,K_PI_MERKE_T,FIL_ID_FK,INNTEKT_AR,BELOP,VERSJON,DATO_OPPRETTET,OPPRETTET_AV,DATO_ENDRET,ENDRET_AV,KONV_FJERNING_KODE,PI_RAPPDATO,RAPPART,FIL_INFO_ID,RAPPORTERT_FNR,KOMMUNE_NR) VALUES ('585527435','INN_LON','22468586','PEN','G',null,null,'2011','335980','0','2020-06-30 08:57:19','TESTDATA','2020-06-30 08:57:19','srvpensjon',null,null,null,null,null,'1337');
INSERT INTO T_INNTEKT (INNTEKT_ID,K_INNTEKT_T,PERSON_ID,K_KILDE_T,K_INNTEKT_STATUS,K_PI_MERKE_T,FIL_ID_FK,INNTEKT_AR,BELOP,VERSJON,DATO_OPPRETTET,OPPRETTET_AV,DATO_ENDRET,ENDRET_AV,KONV_FJERNING_KODE,PI_RAPPDATO,RAPPART,FIL_INFO_ID,RAPPORTERT_FNR,KOMMUNE_NR) VALUES ('585527574','SUM_PI','22468586','POPP','G',null,null,'1976','51673','1','2020-06-30 08:56:25','srvpensjon','2020-06-30 08:56:26','srvpensjon',null,null,null,null,null,null);
INSERT INTO T_INNTEKT (INNTEKT_ID,K_INNTEKT_T,PERSON_ID,K_KILDE_T,K_INNTEKT_STATUS,K_PI_MERKE_T,FIL_ID_FK,INNTEKT_AR,BELOP,VERSJON,DATO_OPPRETTET,OPPRETTET_AV,DATO_ENDRET,ENDRET_AV,KONV_FJERNING_KODE,PI_RAPPDATO,RAPPART,FIL_INFO_ID,RAPPORTERT_FNR,KOMMUNE_NR) VALUES ('585527575','INN_LON','22468586','PEN','G',null,null,'1978','62654','0','2020-06-30 08:56:28','TESTDATA','2020-06-30 08:56:28','srvpensjon',null,null,null,null,null,'1337');
INSERT INTO T_INNTEKT (INNTEKT_ID,K_INNTEKT_T,PERSON_ID,K_KILDE_T,K_INNTEKT_STATUS,K_PI_MERKE_T,FIL_ID_FK,INNTEKT_AR,BELOP,VERSJON,DATO_OPPRETTET,OPPRETTET_AV,DATO_ENDRET,ENDRET_AV,KONV_FJERNING_KODE,PI_RAPPDATO,RAPPART,FIL_INFO_ID,RAPPORTERT_FNR,KOMMUNE_NR) VALUES ('585527583','INN_LON','22468586','PEN','G',null,null,'1986','118130','0','2020-06-30 08:56:42','TESTDATA','2020-06-30 08:56:42','srvpensjon',null,null,null,null,null,'1337');
INSERT INTO T_INNTEKT (INNTEKT_ID,K_INNTEKT_T,PERSON_ID,K_KILDE_T,K_INNTEKT_STATUS,K_PI_MERKE_T,FIL_ID_FK,INNTEKT_AR,BELOP,VERSJON,DATO_OPPRETTET,OPPRETTET_AV,DATO_ENDRET,ENDRET_AV,KONV_FJERNING_KODE,PI_RAPPDATO,RAPPART,FIL_INFO_ID,RAPPORTERT_FNR,KOMMUNE_NR) VALUES ('585527593','INN_LON','22468586','PEN','G',null,null,'1996','174010','0','2020-06-30 08:56:58','TESTDATA','2020-06-30 08:56:58','srvpensjon',null,null,null,null,null,'1337');
INSERT INTO T_INNTEKT (INNTEKT_ID,K_INNTEKT_T,PERSON_ID,K_KILDE_T,K_INNTEKT_STATUS,K_PI_MERKE_T,FIL_ID_FK,INNTEKT_AR,BELOP,VERSJON,DATO_OPPRETTET,OPPRETTET_AV,DATO_ENDRET,ENDRET_AV,KONV_FJERNING_KODE,PI_RAPPDATO,RAPPART,FIL_INFO_ID,RAPPORTERT_FNR,KOMMUNE_NR) VALUES ('585527606','SUM_PI','22468586','POPP','G',null,null,'2008','297587','1','2020-06-30 08:57:15','srvpensjon','2020-06-30 08:57:16','srvpensjon',null,null,null,null,null,null);
INSERT INTO T_INNTEKT (INNTEKT_ID,K_INNTEKT_T,PERSON_ID,K_KILDE_T,K_INNTEKT_STATUS,K_PI_MERKE_T,FIL_ID_FK,INNTEKT_AR,BELOP,VERSJON,DATO_OPPRETTET,OPPRETTET_AV,DATO_ENDRET,ENDRET_AV,KONV_FJERNING_KODE,PI_RAPPDATO,RAPPART,FIL_INFO_ID,RAPPORTERT_FNR,KOMMUNE_NR) VALUES ('585527613','INN_LON','22468586','PEN','G',null,null,'2016','395043','0','2020-06-30 08:57:23','TESTDATA','2020-06-30 08:57:23','srvpensjon',null,null,null,null,null,'1337');
INSERT INTO T_INNTEKT (INNTEKT_ID,K_INNTEKT_T,PERSON_ID,K_KILDE_T,K_INNTEKT_STATUS,K_PI_MERKE_T,FIL_ID_FK,INNTEKT_AR,BELOP,VERSJON,DATO_OPPRETTET,OPPRETTET_AV,DATO_ENDRET,ENDRET_AV,KONV_FJERNING_KODE,PI_RAPPDATO,RAPPART,FIL_INFO_ID,RAPPORTERT_FNR,KOMMUNE_NR) VALUES ('585527397','INN_LON','22468586','PEN','G',null,null,'1973','36602','0','2020-06-30 08:56:18','TESTDATA','2020-06-30 08:56:18','srvpensjon',null,null,null,null,null,'1337');
INSERT INTO T_INNTEKT (INNTEKT_ID,K_INNTEKT_T,PERSON_ID,K_KILDE_T,K_INNTEKT_STATUS,K_PI_MERKE_T,FIL_ID_FK,INNTEKT_AR,BELOP,VERSJON,DATO_OPPRETTET,OPPRETTET_AV,DATO_ENDRET,ENDRET_AV,KONV_FJERNING_KODE,PI_RAPPDATO,RAPPART,FIL_INFO_ID,RAPPORTERT_FNR,KOMMUNE_NR) VALUES ('585527421','INN_LON','22468586','PEN','G',null,null,'1997','180857','0','2020-06-30 08:57:00','TESTDATA','2020-06-30 08:57:00','srvpensjon',null,null,null,null,null,'1337');
INSERT INTO T_INNTEKT (INNTEKT_ID,K_INNTEKT_T,PERSON_ID,K_KILDE_T,K_INNTEKT_STATUS,K_PI_MERKE_T,FIL_ID_FK,INNTEKT_AR,BELOP,VERSJON,DATO_OPPRETTET,OPPRETTET_AV,DATO_ENDRET,ENDRET_AV,KONV_FJERNING_KODE,PI_RAPPDATO,RAPPART,FIL_INFO_ID,RAPPORTERT_FNR,KOMMUNE_NR) VALUES ('585527434','SUM_PI','22468586','POPP','G',null,null,'2009','310066','1','2020-06-30 08:57:17','srvpensjon','2020-06-30 08:57:18','srvpensjon',null,null,null,null,null,null);
INSERT INTO T_INNTEKT (INNTEKT_ID,K_INNTEKT_T,PERSON_ID,K_KILDE_T,K_INNTEKT_STATUS,K_PI_MERKE_T,FIL_ID_FK,INNTEKT_AR,BELOP,VERSJON,DATO_OPPRETTET,OPPRETTET_AV,DATO_ENDRET,ENDRET_AV,KONV_FJERNING_KODE,PI_RAPPDATO,RAPPART,FIL_INFO_ID,RAPPORTERT_FNR,KOMMUNE_NR) VALUES ('585527442','SUM_PI','22468586','POPP','G',null,null,'2017','401679','1','2020-06-30 08:57:23','srvpensjon','2020-06-30 08:57:23','srvpensjon',null,null,null,null,null,null);
INSERT INTO T_INNTEKT (INNTEKT_ID,K_INNTEKT_T,PERSON_ID,K_KILDE_T,K_INNTEKT_STATUS,K_PI_MERKE_T,FIL_ID_FK,INNTEKT_AR,BELOP,VERSJON,DATO_OPPRETTET,OPPRETTET_AV,DATO_ENDRET,ENDRET_AV,KONV_FJERNING_KODE,PI_RAPPDATO,RAPPART,FIL_INFO_ID,RAPPORTERT_FNR,KOMMUNE_NR) VALUES ('585527443','INN_LON','22468586','PEN','G',null,null,'2019','425728','0','2020-06-30 08:57:23','TESTDATA','2020-06-30 08:57:24','srvpensjon',null,null,null,null,null,'1337');
INSERT INTO T_INNTEKT (INNTEKT_ID,K_INNTEKT_T,PERSON_ID,K_KILDE_T,K_INNTEKT_STATUS,K_PI_MERKE_T,FIL_ID_FK,INNTEKT_AR,BELOP,VERSJON,DATO_OPPRETTET,OPPRETTET_AV,DATO_ENDRET,ENDRET_AV,KONV_FJERNING_KODE,PI_RAPPDATO,RAPPART,FIL_INFO_ID,RAPPORTERT_FNR,KOMMUNE_NR) VALUES ('585527571','INN_LON','22468586','PEN','G',null,null,'1974','41050','0','2020-06-30 08:56:21','TESTDATA','2020-06-30 08:56:21','srvpensjon',null,null,null,null,null,'1337');
INSERT INTO T_INNTEKT (INNTEKT_ID,K_INNTEKT_T,PERSON_ID,K_KILDE_T,K_INNTEKT_STATUS,K_PI_MERKE_T,FIL_ID_FK,INNTEKT_AR,BELOP,VERSJON,DATO_OPPRETTET,OPPRETTET_AV,DATO_ENDRET,ENDRET_AV,KONV_FJERNING_KODE,PI_RAPPDATO,RAPPART,FIL_INFO_ID,RAPPORTERT_FNR,KOMMUNE_NR) VALUES ('585527573','INN_LON','22468586','PEN','G',null,null,'1976','51673','0','2020-06-30 08:56:25','TESTDATA','2020-06-30 08:56:25','srvpensjon',null,null,null,null,null,'1337');
INSERT INTO T_INNTEKT (INNTEKT_ID,K_INNTEKT_T,PERSON_ID,K_KILDE_T,K_INNTEKT_STATUS,K_PI_MERKE_T,FIL_ID_FK,INNTEKT_AR,BELOP,VERSJON,DATO_OPPRETTET,OPPRETTET_AV,DATO_ENDRET,ENDRET_AV,KONV_FJERNING_KODE,PI_RAPPDATO,RAPPART,FIL_INFO_ID,RAPPORTERT_FNR,KOMMUNE_NR) VALUES ('585527584','SUM_PI','22468586','POPP','G',null,null,'1986','118130','1','2020-06-30 08:56:42','srvpensjon','2020-06-30 08:56:43','srvpensjon',null,null,null,null,null,null);
INSERT INTO T_INNTEKT (INNTEKT_ID,K_INNTEKT_T,PERSON_ID,K_KILDE_T,K_INNTEKT_STATUS,K_PI_MERKE_T,FIL_ID_FK,INNTEKT_AR,BELOP,VERSJON,DATO_OPPRETTET,OPPRETTET_AV,DATO_ENDRET,ENDRET_AV,KONV_FJERNING_KODE,PI_RAPPDATO,RAPPART,FIL_INFO_ID,RAPPORTERT_FNR,KOMMUNE_NR) VALUES ('585527585','INN_LON','22468586','PEN','G',null,null,'1988','132844','0','2020-06-30 08:56:45','TESTDATA','2020-06-30 08:56:45','srvpensjon',null,null,null,null,null,'1337');
INSERT INTO T_INNTEKT (INNTEKT_ID,K_INNTEKT_T,PERSON_ID,K_KILDE_T,K_INNTEKT_STATUS,K_PI_MERKE_T,FIL_ID_FK,INNTEKT_AR,BELOP,VERSJON,DATO_OPPRETTET,OPPRETTET_AV,DATO_ENDRET,ENDRET_AV,KONV_FJERNING_KODE,PI_RAPPDATO,RAPPART,FIL_INFO_ID,RAPPORTERT_FNR,KOMMUNE_NR) VALUES ('585527592','SUM_PI','22468586','POPP','G',null,null,'1994','162857','1','2020-06-30 08:56:55','srvpensjon','2020-06-30 08:56:56','srvpensjon',null,null,null,null,null,null);
INSERT INTO T_INNTEKT (INNTEKT_ID,K_INNTEKT_T,PERSON_ID,K_KILDE_T,K_INNTEKT_STATUS,K_PI_MERKE_T,FIL_ID_FK,INNTEKT_AR,BELOP,VERSJON,DATO_OPPRETTET,OPPRETTET_AV,DATO_ENDRET,ENDRET_AV,KONV_FJERNING_KODE,PI_RAPPDATO,RAPPART,FIL_INFO_ID,RAPPORTERT_FNR,KOMMUNE_NR) VALUES ('585527398','SUM_PI','22468586','POPP','G',null,null,'1973','36602','1','2020-06-30 08:56:18','srvpensjon','2020-06-30 08:56:20','srvpensjon',null,null,null,null,null,null);
INSERT INTO T_INNTEKT (INNTEKT_ID,K_INNTEKT_T,PERSON_ID,K_KILDE_T,K_INNTEKT_STATUS,K_PI_MERKE_T,FIL_ID_FK,INNTEKT_AR,BELOP,VERSJON,DATO_OPPRETTET,OPPRETTET_AV,DATO_ENDRET,ENDRET_AV,KONV_FJERNING_KODE,PI_RAPPDATO,RAPPART,FIL_INFO_ID,RAPPORTERT_FNR,KOMMUNE_NR) VALUES ('585527399','INN_LON','22468586','PEN','G',null,null,'1975','46506','0','2020-06-30 08:56:23','TESTDATA','2020-06-30 08:56:23','srvpensjon',null,null,null,null,null,'1337');
INSERT INTO T_INNTEKT (INNTEKT_ID,K_INNTEKT_T,PERSON_ID,K_KILDE_T,K_INNTEKT_STATUS,K_PI_MERKE_T,FIL_ID_FK,INNTEKT_AR,BELOP,VERSJON,DATO_OPPRETTET,OPPRETTET_AV,DATO_ENDRET,ENDRET_AV,KONV_FJERNING_KODE,PI_RAPPDATO,RAPPART,FIL_INFO_ID,RAPPORTERT_FNR,KOMMUNE_NR) VALUES ('585527406','SUM_PI','22468586','POPP','G',null,null,'1981','80343','1','2020-06-30 08:56:34','srvpensjon','2020-06-30 08:56:35','srvpensjon',null,null,null,null,null,null);
INSERT INTO T_INNTEKT (INNTEKT_ID,K_INNTEKT_T,PERSON_ID,K_KILDE_T,K_INNTEKT_STATUS,K_PI_MERKE_T,FIL_ID_FK,INNTEKT_AR,BELOP,VERSJON,DATO_OPPRETTET,OPPRETTET_AV,DATO_ENDRET,ENDRET_AV,KONV_FJERNING_KODE,PI_RAPPDATO,RAPPART,FIL_INFO_ID,RAPPORTERT_FNR,KOMMUNE_NR) VALUES ('585527407','INN_LON','22468586','PEN','G',null,null,'1983','96168','0','2020-06-30 08:56:37','TESTDATA','2020-06-30 08:56:37','srvpensjon',null,null,null,null,null,'1337');
INSERT INTO T_INNTEKT (INNTEKT_ID,K_INNTEKT_T,PERSON_ID,K_KILDE_T,K_INNTEKT_STATUS,K_PI_MERKE_T,FIL_ID_FK,INNTEKT_AR,BELOP,VERSJON,DATO_OPPRETTET,OPPRETTET_AV,DATO_ENDRET,ENDRET_AV,KONV_FJERNING_KODE,PI_RAPPDATO,RAPPART,FIL_INFO_ID,RAPPORTERT_FNR,KOMMUNE_NR) VALUES ('585527408','SUM_PI','22468586','POPP','G',null,null,'1983','96168','1','2020-06-30 08:56:37','srvpensjon','2020-06-30 08:56:38','srvpensjon',null,null,null,null,null,null);
INSERT INTO T_INNTEKT (INNTEKT_ID,K_INNTEKT_T,PERSON_ID,K_KILDE_T,K_INNTEKT_STATUS,K_PI_MERKE_T,FIL_ID_FK,INNTEKT_AR,BELOP,VERSJON,DATO_OPPRETTET,OPPRETTET_AV,DATO_ENDRET,ENDRET_AV,KONV_FJERNING_KODE,PI_RAPPDATO,RAPPART,FIL_INFO_ID,RAPPORTERT_FNR,KOMMUNE_NR) VALUES ('585527413','INN_LON','22468586','PEN','G',null,null,'1989','138980','0','2020-06-30 08:56:47','TESTDATA','2020-06-30 08:56:47','srvpensjon',null,null,null,null,null,'1337');
INSERT INTO T_INNTEKT (INNTEKT_ID,K_INNTEKT_T,PERSON_ID,K_KILDE_T,K_INNTEKT_STATUS,K_PI_MERKE_T,FIL_ID_FK,INNTEKT_AR,BELOP,VERSJON,DATO_OPPRETTET,OPPRETTET_AV,DATO_ENDRET,ENDRET_AV,KONV_FJERNING_KODE,PI_RAPPDATO,RAPPART,FIL_INFO_ID,RAPPORTERT_FNR,KOMMUNE_NR) VALUES ('585527414','SUM_PI','22468586','POPP','G',null,null,'1989','138980','1','2020-06-30 08:56:47','srvpensjon','2020-06-30 08:56:48','srvpensjon',null,null,null,null,null,null);
INSERT INTO T_INNTEKT (INNTEKT_ID,K_INNTEKT_T,PERSON_ID,K_KILDE_T,K_INNTEKT_STATUS,K_PI_MERKE_T,FIL_ID_FK,INNTEKT_AR,BELOP,VERSJON,DATO_OPPRETTET,OPPRETTET_AV,DATO_ENDRET,ENDRET_AV,KONV_FJERNING_KODE,PI_RAPPDATO,RAPPART,FIL_INFO_ID,RAPPORTERT_FNR,KOMMUNE_NR) VALUES ('585527417','INN_LON','22468586','PEN','G',null,null,'1993','159468','0','2020-06-30 08:56:53','TESTDATA','2020-06-30 08:56:54','srvpensjon',null,null,null,null,null,'1337');
INSERT INTO T_INNTEKT (INNTEKT_ID,K_INNTEKT_T,PERSON_ID,K_KILDE_T,K_INNTEKT_STATUS,K_PI_MERKE_T,FIL_ID_FK,INNTEKT_AR,BELOP,VERSJON,DATO_OPPRETTET,OPPRETTET_AV,DATO_ENDRET,ENDRET_AV,KONV_FJERNING_KODE,PI_RAPPDATO,RAPPART,FIL_INFO_ID,RAPPORTERT_FNR,KOMMUNE_NR) VALUES ('585527433','INN_LON','22468586','PEN','G',null,null,'2009','310066','0','2020-06-30 08:57:17','TESTDATA','2020-06-30 08:57:17','srvpensjon',null,null,null,null,null,'1337');
INSERT INTO T_INNTEKT (INNTEKT_ID,K_INNTEKT_T,PERSON_ID,K_KILDE_T,K_INNTEKT_STATUS,K_PI_MERKE_T,FIL_ID_FK,INNTEKT_AR,BELOP,VERSJON,DATO_OPPRETTET,OPPRETTET_AV,DATO_ENDRET,ENDRET_AV,KONV_FJERNING_KODE,PI_RAPPDATO,RAPPART,FIL_INFO_ID,RAPPORTERT_FNR,KOMMUNE_NR) VALUES ('585527578','SUM_PI','22468586','POPP','G',null,null,'1980','71624','1','2020-06-30 08:56:32','srvpensjon','2020-06-30 08:56:33','srvpensjon',null,null,null,null,null,null);
INSERT INTO T_INNTEKT (INNTEKT_ID,K_INNTEKT_T,PERSON_ID,K_KILDE_T,K_INNTEKT_STATUS,K_PI_MERKE_T,FIL_ID_FK,INNTEKT_AR,BELOP,VERSJON,DATO_OPPRETTET,OPPRETTET_AV,DATO_ENDRET,ENDRET_AV,KONV_FJERNING_KODE,PI_RAPPDATO,RAPPART,FIL_INFO_ID,RAPPORTERT_FNR,KOMMUNE_NR) VALUES ('585527588','SUM_PI','22468586','POPP','G',null,null,'1990','144578','1','2020-06-30 08:56:49','srvpensjon','2020-06-30 08:56:50','srvpensjon',null,null,null,null,null,null);
INSERT INTO T_INNTEKT (INNTEKT_ID,K_INNTEKT_T,PERSON_ID,K_KILDE_T,K_INNTEKT_STATUS,K_PI_MERKE_T,FIL_ID_FK,INNTEKT_AR,BELOP,VERSJON,DATO_OPPRETTET,OPPRETTET_AV,DATO_ENDRET,ENDRET_AV,KONV_FJERNING_KODE,PI_RAPPDATO,RAPPART,FIL_INFO_ID,RAPPORTERT_FNR,KOMMUNE_NR) VALUES ('585527598','SUM_PI','22468586','POPP','G',null,null,'2000','208317','1','2020-06-30 08:57:04','srvpensjon','2020-06-30 08:57:05','srvpensjon',null,null,null,null,null,null);
INSERT INTO T_INNTEKT (INNTEKT_ID,K_INNTEKT_T,PERSON_ID,K_KILDE_T,K_INNTEKT_STATUS,K_PI_MERKE_T,FIL_ID_FK,INNTEKT_AR,BELOP,VERSJON,DATO_OPPRETTET,OPPRETTET_AV,DATO_ENDRET,ENDRET_AV,KONV_FJERNING_KODE,PI_RAPPDATO,RAPPART,FIL_INFO_ID,RAPPORTERT_FNR,KOMMUNE_NR) VALUES ('585527599','INN_LON','22468586','PEN','G',null,null,'2002','229227','0','2020-06-30 08:57:06','TESTDATA','2020-06-30 08:57:06','srvpensjon',null,null,null,null,null,'1337');
INSERT INTO T_INNTEKT (INNTEKT_ID,K_INNTEKT_T,PERSON_ID,K_KILDE_T,K_INNTEKT_STATUS,K_PI_MERKE_T,FIL_ID_FK,INNTEKT_AR,BELOP,VERSJON,DATO_OPPRETTET,OPPRETTET_AV,DATO_ENDRET,ENDRET_AV,KONV_FJERNING_KODE,PI_RAPPDATO,RAPPART,FIL_INFO_ID,RAPPORTERT_FNR,KOMMUNE_NR) VALUES ('585527607','INN_LON','22468586','PEN','G',null,null,'2010','321757','0','2020-06-30 08:57:18','TESTDATA','2020-06-30 08:57:18','srvpensjon',null,null,null,null,null,'1337');
INSERT INTO T_INNTEKT (INNTEKT_ID,K_INNTEKT_T,PERSON_ID,K_KILDE_T,K_INNTEKT_STATUS,K_PI_MERKE_T,FIL_ID_FK,INNTEKT_AR,BELOP,VERSJON,DATO_OPPRETTET,OPPRETTET_AV,DATO_ENDRET,ENDRET_AV,KONV_FJERNING_KODE,PI_RAPPDATO,RAPPART,FIL_INFO_ID,RAPPORTERT_FNR,KOMMUNE_NR) VALUES ('585527424','SUM_PI','22468586','POPP','G',null,null,'1999','199903','1','2020-06-30 08:57:02','srvpensjon','2020-06-30 08:57:03','srvpensjon',null,null,null,null,null,null);
INSERT INTO T_INNTEKT (INNTEKT_ID,K_INNTEKT_T,PERSON_ID,K_KILDE_T,K_INNTEKT_STATUS,K_PI_MERKE_T,FIL_ID_FK,INNTEKT_AR,BELOP,VERSJON,DATO_OPPRETTET,OPPRETTET_AV,DATO_ENDRET,ENDRET_AV,KONV_FJERNING_KODE,PI_RAPPDATO,RAPPART,FIL_INFO_ID,RAPPORTERT_FNR,KOMMUNE_NR) VALUES ('585527426','SUM_PI','22468586','POPP','G',null,null,'2001','217902','1','2020-06-30 08:57:05','srvpensjon','2020-06-30 08:57:06','srvpensjon',null,null,null,null,null,null);
INSERT INTO T_INNTEKT (INNTEKT_ID,K_INNTEKT_T,PERSON_ID,K_KILDE_T,K_INNTEKT_STATUS,K_PI_MERKE_T,FIL_ID_FK,INNTEKT_AR,BELOP,VERSJON,DATO_OPPRETTET,OPPRETTET_AV,DATO_ENDRET,ENDRET_AV,KONV_FJERNING_KODE,PI_RAPPDATO,RAPPART,FIL_INFO_ID,RAPPORTERT_FNR,KOMMUNE_NR) VALUES ('585527431','INN_LON','22468586','PEN','G',null,null,'2007','282072','0','2020-06-30 08:57:14','TESTDATA','2020-06-30 08:57:14','srvpensjon',null,null,null,null,null,'1337');
INSERT INTO T_INNTEKT (INNTEKT_ID,K_INNTEKT_T,PERSON_ID,K_KILDE_T,K_INNTEKT_STATUS,K_PI_MERKE_T,FIL_ID_FK,INNTEKT_AR,BELOP,VERSJON,DATO_OPPRETTET,OPPRETTET_AV,DATO_ENDRET,ENDRET_AV,KONV_FJERNING_KODE,PI_RAPPDATO,RAPPART,FIL_INFO_ID,RAPPORTERT_FNR,KOMMUNE_NR) VALUES ('585527440','SUM_PI','22468586','POPP','G',null,null,'2015','385406','1','2020-06-30 08:57:22','srvpensjon','2020-06-30 08:57:22','srvpensjon',null,null,null,null,null,null);
INSERT INTO T_INNTEKT (INNTEKT_ID,K_INNTEKT_T,PERSON_ID,K_KILDE_T,K_INNTEKT_STATUS,K_PI_MERKE_T,FIL_ID_FK,INNTEKT_AR,BELOP,VERSJON,DATO_OPPRETTET,OPPRETTET_AV,DATO_ENDRET,ENDRET_AV,KONV_FJERNING_KODE,PI_RAPPDATO,RAPPART,FIL_INFO_ID,RAPPORTERT_FNR,KOMMUNE_NR) VALUES ('585527576','SUM_PI','22468586','POPP','G',null,null,'1978','62654','1','2020-06-30 08:56:28','srvpensjon','2020-06-30 08:56:29','srvpensjon',null,null,null,null,null,null);
INSERT INTO T_INNTEKT (INNTEKT_ID,K_INNTEKT_T,PERSON_ID,K_KILDE_T,K_INNTEKT_STATUS,K_PI_MERKE_T,FIL_ID_FK,INNTEKT_AR,BELOP,VERSJON,DATO_OPPRETTET,OPPRETTET_AV,DATO_ENDRET,ENDRET_AV,KONV_FJERNING_KODE,PI_RAPPDATO,RAPPART,FIL_INFO_ID,RAPPORTERT_FNR,KOMMUNE_NR) VALUES ('585527586','SUM_PI','22468586','POPP','G',null,null,'1988','132844','1','2020-06-30 08:56:45','srvpensjon','2020-06-30 08:56:47','srvpensjon',null,null,null,null,null,null);
INSERT INTO T_INNTEKT (INNTEKT_ID,K_INNTEKT_T,PERSON_ID,K_KILDE_T,K_INNTEKT_STATUS,K_PI_MERKE_T,FIL_ID_FK,INNTEKT_AR,BELOP,VERSJON,DATO_OPPRETTET,OPPRETTET_AV,DATO_ENDRET,ENDRET_AV,KONV_FJERNING_KODE,PI_RAPPDATO,RAPPART,FIL_INFO_ID,RAPPORTERT_FNR,KOMMUNE_NR) VALUES ('585527596','SUM_PI','22468586','POPP','G',null,null,'1998','191247','1','2020-06-30 08:57:01','srvpensjon','2020-06-30 08:57:02','srvpensjon',null,null,null,null,null,null);
INSERT INTO T_INNTEKT (INNTEKT_ID,K_INNTEKT_T,PERSON_ID,K_KILDE_T,K_INNTEKT_STATUS,K_PI_MERKE_T,FIL_ID_FK,INNTEKT_AR,BELOP,VERSJON,DATO_OPPRETTET,OPPRETTET_AV,DATO_ENDRET,ENDRET_AV,KONV_FJERNING_KODE,PI_RAPPDATO,RAPPART,FIL_INFO_ID,RAPPORTERT_FNR,KOMMUNE_NR) VALUES ('585527603','INN_LON','22468586','PEN','G',null,null,'2006','267672','0','2020-06-30 08:57:12','TESTDATA','2020-06-30 08:57:12','srvpensjon',null,null,null,null,null,'1337');
INSERT INTO T_INNTEKT (INNTEKT_ID,K_INNTEKT_T,PERSON_ID,K_KILDE_T,K_INNTEKT_STATUS,K_PI_MERKE_T,FIL_ID_FK,INNTEKT_AR,BELOP,VERSJON,DATO_OPPRETTET,OPPRETTET_AV,DATO_ENDRET,ENDRET_AV,KONV_FJERNING_KODE,PI_RAPPDATO,RAPPART,FIL_INFO_ID,RAPPORTERT_FNR,KOMMUNE_NR) VALUES ('585527614','SUM_PI','22468586','POPP','G',null,null,'2016','395043','1','2020-06-30 08:57:23','srvpensjon','2020-06-30 08:57:23','srvpensjon',null,null,null,null,null,null);
INSERT INTO T_INNTEKT (INNTEKT_ID,K_INNTEKT_T,PERSON_ID,K_KILDE_T,K_INNTEKT_STATUS,K_PI_MERKE_T,FIL_ID_FK,INNTEKT_AR,BELOP,VERSJON,DATO_OPPRETTET,OPPRETTET_AV,DATO_ENDRET,ENDRET_AV,KONV_FJERNING_KODE,PI_RAPPDATO,RAPPART,FIL_INFO_ID,RAPPORTERT_FNR,KOMMUNE_NR) VALUES ('585527616','SUM_PI','22468586','POPP','G',null,null,'2018','412526','1','2020-06-30 08:57:23','srvpensjon','2020-06-30 08:57:23','srvpensjon',null,null,null,null,null,null);
INSERT INTO T_INNTEKT_REL (INNTEKT_REL_ID,INNTEKT_ID_MESTER,INNTEKT_ID_SLAVE,K_INNTEKT_REL_T,VERSJON,DATO_OPPRETTET,OPPRETTET_AV,DATO_ENDRET,ENDRET_AV) VALUES ('554648622','585527410','585527409','SUMMERER','0','2020-06-30 08:56:40','srvpensjon','2020-06-30 08:56:40','srvpensjon');
INSERT INTO T_INNTEKT_REL (INNTEKT_REL_ID,INNTEKT_ID_MESTER,INNTEKT_ID_SLAVE,K_INNTEKT_REL_T,VERSJON,DATO_OPPRETTET,OPPRETTET_AV,DATO_ENDRET,ENDRET_AV) VALUES ('554648626','585527414','585527413','SUMMERER','0','2020-06-30 08:56:47','srvpensjon','2020-06-30 08:56:47','srvpensjon');
INSERT INTO T_INNTEKT_REL (INNTEKT_REL_ID,INNTEKT_ID_MESTER,INNTEKT_ID_SLAVE,K_INNTEKT_REL_T,VERSJON,DATO_OPPRETTET,OPPRETTET_AV,DATO_ENDRET,ENDRET_AV) VALUES ('554648616','585527404','585527403','SUMMERER','0','2020-06-30 08:56:30','srvpensjon','2020-06-30 08:56:30','srvpensjon');
INSERT INTO T_INNTEKT_REL (INNTEKT_REL_ID,INNTEKT_ID_MESTER,INNTEKT_ID_SLAVE,K_INNTEKT_REL_T,VERSJON,DATO_OPPRETTET,OPPRETTET_AV,DATO_ENDRET,ENDRET_AV) VALUES ('554648650','585527438','585527437','SUMMERER','0','2020-06-30 08:57:21','srvpensjon','2020-06-30 08:57:21','srvpensjon');
INSERT INTO T_INNTEKT_REL (INNTEKT_REL_ID,INNTEKT_ID_MESTER,INNTEKT_ID_SLAVE,K_INNTEKT_REL_T,VERSJON,DATO_OPPRETTET,OPPRETTET_AV,DATO_ENDRET,ENDRET_AV) VALUES ('554648774','585527572','585527571','SUMMERER','0','2020-06-30 08:56:21','srvpensjon','2020-06-30 08:56:21','srvpensjon');
INSERT INTO T_INNTEKT_REL (INNTEKT_REL_ID,INNTEKT_ID_MESTER,INNTEKT_ID_SLAVE,K_INNTEKT_REL_T,VERSJON,DATO_OPPRETTET,OPPRETTET_AV,DATO_ENDRET,ENDRET_AV) VALUES ('554648790','585527588','585527587','SUMMERER','0','2020-06-30 08:56:49','srvpensjon','2020-06-30 08:56:49','srvpensjon');
INSERT INTO T_INNTEKT_REL (INNTEKT_REL_ID,INNTEKT_ID_MESTER,INNTEKT_ID_SLAVE,K_INNTEKT_REL_T,VERSJON,DATO_OPPRETTET,OPPRETTET_AV,DATO_ENDRET,ENDRET_AV) VALUES ('554648806','585527604','585527603','SUMMERER','0','2020-06-30 08:57:12','srvpensjon','2020-06-30 08:57:12','srvpensjon');
INSERT INTO T_INNTEKT_REL (INNTEKT_REL_ID,INNTEKT_ID_MESTER,INNTEKT_ID_SLAVE,K_INNTEKT_REL_T,VERSJON,DATO_OPPRETTET,OPPRETTET_AV,DATO_ENDRET,ENDRET_AV) VALUES ('554648618','585527406','585527405','SUMMERER','0','2020-06-30 08:56:34','srvpensjon','2020-06-30 08:56:34','srvpensjon');
INSERT INTO T_INNTEKT_REL (INNTEKT_REL_ID,INNTEKT_ID_MESTER,INNTEKT_ID_SLAVE,K_INNTEKT_REL_T,VERSJON,DATO_OPPRETTET,OPPRETTET_AV,DATO_ENDRET,ENDRET_AV) VALUES ('554648636','585527424','585527423','SUMMERER','0','2020-06-30 08:57:02','srvpensjon','2020-06-30 08:57:02','srvpensjon');
INSERT INTO T_INNTEKT_REL (INNTEKT_REL_ID,INNTEKT_ID_MESTER,INNTEKT_ID_SLAVE,K_INNTEKT_REL_T,VERSJON,DATO_OPPRETTET,OPPRETTET_AV,DATO_ENDRET,ENDRET_AV) VALUES ('554648658','585527444','585527443','SUMMERER','0','2020-06-30 08:57:24','srvpensjon','2020-06-30 08:57:24','srvpensjon');
INSERT INTO T_INNTEKT_REL (INNTEKT_REL_ID,INNTEKT_ID_MESTER,INNTEKT_ID_SLAVE,K_INNTEKT_REL_T,VERSJON,DATO_OPPRETTET,OPPRETTET_AV,DATO_ENDRET,ENDRET_AV) VALUES ('554648778','585527576','585527575','SUMMERER','0','2020-06-30 08:56:28','srvpensjon','2020-06-30 08:56:28','srvpensjon');
INSERT INTO T_INNTEKT_REL (INNTEKT_REL_ID,INNTEKT_ID_MESTER,INNTEKT_ID_SLAVE,K_INNTEKT_REL_T,VERSJON,DATO_OPPRETTET,OPPRETTET_AV,DATO_ENDRET,ENDRET_AV) VALUES ('554648788','585527586','585527585','SUMMERER','0','2020-06-30 08:56:45','srvpensjon','2020-06-30 08:56:45','srvpensjon');
INSERT INTO T_INNTEKT_REL (INNTEKT_REL_ID,INNTEKT_ID_MESTER,INNTEKT_ID_SLAVE,K_INNTEKT_REL_T,VERSJON,DATO_OPPRETTET,OPPRETTET_AV,DATO_ENDRET,ENDRET_AV) VALUES ('554648810','585527608','585527607','SUMMERER','0','2020-06-30 08:57:18','srvpensjon','2020-06-30 08:57:18','srvpensjon');
INSERT INTO T_INNTEKT_REL (INNTEKT_REL_ID,INNTEKT_ID_MESTER,INNTEKT_ID_SLAVE,K_INNTEKT_REL_T,VERSJON,DATO_OPPRETTET,OPPRETTET_AV,DATO_ENDRET,ENDRET_AV) VALUES ('554648814','585527612','585527611','SUMMERER','0','2020-06-30 08:57:21','srvpensjon','2020-06-30 08:57:21','srvpensjon');
INSERT INTO T_INNTEKT_REL (INNTEKT_REL_ID,INNTEKT_ID_MESTER,INNTEKT_ID_SLAVE,K_INNTEKT_REL_T,VERSJON,DATO_OPPRETTET,OPPRETTET_AV,DATO_ENDRET,ENDRET_AV) VALUES ('554648614','585527402','585527401','SUMMERER','0','2020-06-30 08:56:27','srvpensjon','2020-06-30 08:56:27','srvpensjon');
INSERT INTO T_INNTEKT_REL (INNTEKT_REL_ID,INNTEKT_ID_MESTER,INNTEKT_ID_SLAVE,K_INNTEKT_REL_T,VERSJON,DATO_OPPRETTET,OPPRETTET_AV,DATO_ENDRET,ENDRET_AV) VALUES ('554648628','585527416','585527415','SUMMERER','0','2020-06-30 08:56:50','srvpensjon','2020-06-30 08:56:50','srvpensjon');
INSERT INTO T_INNTEKT_REL (INNTEKT_REL_ID,INNTEKT_ID_MESTER,INNTEKT_ID_SLAVE,K_INNTEKT_REL_T,VERSJON,DATO_OPPRETTET,OPPRETTET_AV,DATO_ENDRET,ENDRET_AV) VALUES ('554648632','585527420','585527419','SUMMERER','0','2020-06-30 08:56:57','srvpensjon','2020-06-30 08:56:57','srvpensjon');
INSERT INTO T_INNTEKT_REL (INNTEKT_REL_ID,INNTEKT_ID_MESTER,INNTEKT_ID_SLAVE,K_INNTEKT_REL_T,VERSJON,DATO_OPPRETTET,OPPRETTET_AV,DATO_ENDRET,ENDRET_AV) VALUES ('554648638','585527426','585527425','SUMMERER','0','2020-06-30 08:57:05','srvpensjon','2020-06-30 08:57:05','srvpensjon');
INSERT INTO T_INNTEKT_REL (INNTEKT_REL_ID,INNTEKT_ID_MESTER,INNTEKT_ID_SLAVE,K_INNTEKT_REL_T,VERSJON,DATO_OPPRETTET,OPPRETTET_AV,DATO_ENDRET,ENDRET_AV) VALUES ('554648816','585527614','585527613','SUMMERER','0','2020-06-30 08:57:23','srvpensjon','2020-06-30 08:57:23','srvpensjon');
INSERT INTO T_INNTEKT_REL (INNTEKT_REL_ID,INNTEKT_ID_MESTER,INNTEKT_ID_SLAVE,K_INNTEKT_REL_T,VERSJON,DATO_OPPRETTET,OPPRETTET_AV,DATO_ENDRET,ENDRET_AV) VALUES ('554648620','585527408','585527407','SUMMERER','0','2020-06-30 08:56:37','srvpensjon','2020-06-30 08:56:37','srvpensjon');
INSERT INTO T_INNTEKT_REL (INNTEKT_REL_ID,INNTEKT_ID_MESTER,INNTEKT_ID_SLAVE,K_INNTEKT_REL_T,VERSJON,DATO_OPPRETTET,OPPRETTET_AV,DATO_ENDRET,ENDRET_AV) VALUES ('554648624','585527412','585527411','SUMMERER','0','2020-06-30 08:56:43','srvpensjon','2020-06-30 08:56:43','srvpensjon');
INSERT INTO T_INNTEKT_REL (INNTEKT_REL_ID,INNTEKT_ID_MESTER,INNTEKT_ID_SLAVE,K_INNTEKT_REL_T,VERSJON,DATO_OPPRETTET,OPPRETTET_AV,DATO_ENDRET,ENDRET_AV) VALUES ('554648640','585527428','585527427','SUMMERER','0','2020-06-30 08:57:08','srvpensjon','2020-06-30 08:57:08','srvpensjon');
INSERT INTO T_INNTEKT_REL (INNTEKT_REL_ID,INNTEKT_ID_MESTER,INNTEKT_ID_SLAVE,K_INNTEKT_REL_T,VERSJON,DATO_OPPRETTET,OPPRETTET_AV,DATO_ENDRET,ENDRET_AV) VALUES ('554648644','585527432','585527431','SUMMERER','0','2020-06-30 08:57:14','srvpensjon','2020-06-30 08:57:14','srvpensjon');
INSERT INTO T_INNTEKT_REL (INNTEKT_REL_ID,INNTEKT_ID_MESTER,INNTEKT_ID_SLAVE,K_INNTEKT_REL_T,VERSJON,DATO_OPPRETTET,OPPRETTET_AV,DATO_ENDRET,ENDRET_AV) VALUES ('554648780','585527578','585527577','SUMMERER','0','2020-06-30 08:56:32','srvpensjon','2020-06-30 08:56:32','srvpensjon');
INSERT INTO T_INNTEKT_REL (INNTEKT_REL_ID,INNTEKT_ID_MESTER,INNTEKT_ID_SLAVE,K_INNTEKT_REL_T,VERSJON,DATO_OPPRETTET,OPPRETTET_AV,DATO_ENDRET,ENDRET_AV) VALUES ('554648798','585527596','585527595','SUMMERER','0','2020-06-30 08:57:01','srvpensjon','2020-06-30 08:57:01','srvpensjon');
INSERT INTO T_INNTEKT_REL (INNTEKT_REL_ID,INNTEKT_ID_MESTER,INNTEKT_ID_SLAVE,K_INNTEKT_REL_T,VERSJON,DATO_OPPRETTET,OPPRETTET_AV,DATO_ENDRET,ENDRET_AV) VALUES ('554648812','585527610','585527609','SUMMERER','0','2020-06-30 08:57:20','srvpensjon','2020-06-30 08:57:20','srvpensjon');
INSERT INTO T_INNTEKT_REL (INNTEKT_REL_ID,INNTEKT_ID_MESTER,INNTEKT_ID_SLAVE,K_INNTEKT_REL_T,VERSJON,DATO_OPPRETTET,OPPRETTET_AV,DATO_ENDRET,ENDRET_AV) VALUES ('554648612','585527400','585527399','SUMMERER','0','2020-06-30 08:56:23','srvpensjon','2020-06-30 08:56:23','srvpensjon');
INSERT INTO T_INNTEKT_REL (INNTEKT_REL_ID,INNTEKT_ID_MESTER,INNTEKT_ID_SLAVE,K_INNTEKT_REL_T,VERSJON,DATO_OPPRETTET,OPPRETTET_AV,DATO_ENDRET,ENDRET_AV) VALUES ('554648630','585527418','585527417','SUMMERER','0','2020-06-30 08:56:54','srvpensjon','2020-06-30 08:56:54','srvpensjon');
INSERT INTO T_INNTEKT_REL (INNTEKT_REL_ID,INNTEKT_ID_MESTER,INNTEKT_ID_SLAVE,K_INNTEKT_REL_T,VERSJON,DATO_OPPRETTET,OPPRETTET_AV,DATO_ENDRET,ENDRET_AV) VALUES ('554648782','585527580','585527579','SUMMERER','0','2020-06-30 08:56:35','srvpensjon','2020-06-30 08:56:35','srvpensjon');
INSERT INTO T_INNTEKT_REL (INNTEKT_REL_ID,INNTEKT_ID_MESTER,INNTEKT_ID_SLAVE,K_INNTEKT_REL_T,VERSJON,DATO_OPPRETTET,OPPRETTET_AV,DATO_ENDRET,ENDRET_AV) VALUES ('554648818','585527616','585527615','SUMMERER','0','2020-06-30 08:57:23','srvpensjon','2020-06-30 08:57:23','srvpensjon');
INSERT INTO T_INNTEKT_REL (INNTEKT_REL_ID,INNTEKT_ID_MESTER,INNTEKT_ID_SLAVE,K_INNTEKT_REL_T,VERSJON,DATO_OPPRETTET,OPPRETTET_AV,DATO_ENDRET,ENDRET_AV) VALUES ('554648634','585527422','585527421','SUMMERER','0','2020-06-30 08:57:00','srvpensjon','2020-06-30 08:57:00','srvpensjon');
INSERT INTO T_INNTEKT_REL (INNTEKT_REL_ID,INNTEKT_ID_MESTER,INNTEKT_ID_SLAVE,K_INNTEKT_REL_T,VERSJON,DATO_OPPRETTET,OPPRETTET_AV,DATO_ENDRET,ENDRET_AV) VALUES ('554648646','585527434','585527433','SUMMERER','0','2020-06-30 08:57:17','srvpensjon','2020-06-30 08:57:17','srvpensjon');
INSERT INTO T_INNTEKT_REL (INNTEKT_REL_ID,INNTEKT_ID_MESTER,INNTEKT_ID_SLAVE,K_INNTEKT_REL_T,VERSJON,DATO_OPPRETTET,OPPRETTET_AV,DATO_ENDRET,ENDRET_AV) VALUES ('554648648','585527436','585527435','SUMMERER','0','2020-06-30 08:57:19','srvpensjon','2020-06-30 08:57:19','srvpensjon');
INSERT INTO T_INNTEKT_REL (INNTEKT_REL_ID,INNTEKT_ID_MESTER,INNTEKT_ID_SLAVE,K_INNTEKT_REL_T,VERSJON,DATO_OPPRETTET,OPPRETTET_AV,DATO_ENDRET,ENDRET_AV) VALUES ('554648654','585527442','585527441','SUMMERER','0','2020-06-30 08:57:23','srvpensjon','2020-06-30 08:57:23','srvpensjon');
INSERT INTO T_INNTEKT_REL (INNTEKT_REL_ID,INNTEKT_ID_MESTER,INNTEKT_ID_SLAVE,K_INNTEKT_REL_T,VERSJON,DATO_OPPRETTET,OPPRETTET_AV,DATO_ENDRET,ENDRET_AV) VALUES ('554648776','585527574','585527573','SUMMERER','0','2020-06-30 08:56:25','srvpensjon','2020-06-30 08:56:25','srvpensjon');
INSERT INTO T_INNTEKT_REL (INNTEKT_REL_ID,INNTEKT_ID_MESTER,INNTEKT_ID_SLAVE,K_INNTEKT_REL_T,VERSJON,DATO_OPPRETTET,OPPRETTET_AV,DATO_ENDRET,ENDRET_AV) VALUES ('554648784','585527582','585527581','SUMMERER','0','2020-06-30 08:56:39','srvpensjon','2020-06-30 08:56:39','srvpensjon');
INSERT INTO T_INNTEKT_REL (INNTEKT_REL_ID,INNTEKT_ID_MESTER,INNTEKT_ID_SLAVE,K_INNTEKT_REL_T,VERSJON,DATO_OPPRETTET,OPPRETTET_AV,DATO_ENDRET,ENDRET_AV) VALUES ('554648794','585527592','585527591','SUMMERER','0','2020-06-30 08:56:55','srvpensjon','2020-06-30 08:56:55','srvpensjon');
INSERT INTO T_INNTEKT_REL (INNTEKT_REL_ID,INNTEKT_ID_MESTER,INNTEKT_ID_SLAVE,K_INNTEKT_REL_T,VERSJON,DATO_OPPRETTET,OPPRETTET_AV,DATO_ENDRET,ENDRET_AV) VALUES ('554648796','585527594','585527593','SUMMERER','0','2020-06-30 08:56:58','srvpensjon','2020-06-30 08:56:58','srvpensjon');
INSERT INTO T_INNTEKT_REL (INNTEKT_REL_ID,INNTEKT_ID_MESTER,INNTEKT_ID_SLAVE,K_INNTEKT_REL_T,VERSJON,DATO_OPPRETTET,OPPRETTET_AV,DATO_ENDRET,ENDRET_AV) VALUES ('554648802','585527600','585527599','SUMMERER','0','2020-06-30 08:57:06','srvpensjon','2020-06-30 08:57:06','srvpensjon');
INSERT INTO T_INNTEKT_REL (INNTEKT_REL_ID,INNTEKT_ID_MESTER,INNTEKT_ID_SLAVE,K_INNTEKT_REL_T,VERSJON,DATO_OPPRETTET,OPPRETTET_AV,DATO_ENDRET,ENDRET_AV) VALUES ('554648804','585527602','585527601','SUMMERER','0','2020-06-30 08:57:09','srvpensjon','2020-06-30 08:57:09','srvpensjon');
INSERT INTO T_INNTEKT_REL (INNTEKT_REL_ID,INNTEKT_ID_MESTER,INNTEKT_ID_SLAVE,K_INNTEKT_REL_T,VERSJON,DATO_OPPRETTET,OPPRETTET_AV,DATO_ENDRET,ENDRET_AV) VALUES ('554648808','585527606','585527605','SUMMERER','0','2020-06-30 08:57:15','srvpensjon','2020-06-30 08:57:15','srvpensjon');
INSERT INTO T_INNTEKT_REL (INNTEKT_REL_ID,INNTEKT_ID_MESTER,INNTEKT_ID_SLAVE,K_INNTEKT_REL_T,VERSJON,DATO_OPPRETTET,OPPRETTET_AV,DATO_ENDRET,ENDRET_AV) VALUES ('554648610','585527398','585527397','SUMMERER','0','2020-06-30 08:56:18','srvpensjon','2020-06-30 08:56:18','srvpensjon');
INSERT INTO T_INNTEKT_REL (INNTEKT_REL_ID,INNTEKT_ID_MESTER,INNTEKT_ID_SLAVE,K_INNTEKT_REL_T,VERSJON,DATO_OPPRETTET,OPPRETTET_AV,DATO_ENDRET,ENDRET_AV) VALUES ('554648642','585527430','585527429','SUMMERER','0','2020-06-30 08:57:11','srvpensjon','2020-06-30 08:57:11','srvpensjon');
INSERT INTO T_INNTEKT_REL (INNTEKT_REL_ID,INNTEKT_ID_MESTER,INNTEKT_ID_SLAVE,K_INNTEKT_REL_T,VERSJON,DATO_OPPRETTET,OPPRETTET_AV,DATO_ENDRET,ENDRET_AV) VALUES ('554648652','585527440','585527439','SUMMERER','0','2020-06-30 08:57:22','srvpensjon','2020-06-30 08:57:22','srvpensjon');
INSERT INTO T_INNTEKT_REL (INNTEKT_REL_ID,INNTEKT_ID_MESTER,INNTEKT_ID_SLAVE,K_INNTEKT_REL_T,VERSJON,DATO_OPPRETTET,OPPRETTET_AV,DATO_ENDRET,ENDRET_AV) VALUES ('554648786','585527584','585527583','SUMMERER','0','2020-06-30 08:56:42','srvpensjon','2020-06-30 08:56:42','srvpensjon');
INSERT INTO T_INNTEKT_REL (INNTEKT_REL_ID,INNTEKT_ID_MESTER,INNTEKT_ID_SLAVE,K_INNTEKT_REL_T,VERSJON,DATO_OPPRETTET,OPPRETTET_AV,DATO_ENDRET,ENDRET_AV) VALUES ('554648792','585527590','585527589','SUMMERER','0','2020-06-30 08:56:52','srvpensjon','2020-06-30 08:56:52','srvpensjon');
INSERT INTO T_INNTEKT_REL (INNTEKT_REL_ID,INNTEKT_ID_MESTER,INNTEKT_ID_SLAVE,K_INNTEKT_REL_T,VERSJON,DATO_OPPRETTET,OPPRETTET_AV,DATO_ENDRET,ENDRET_AV) VALUES ('554648800','585527598','585527597','SUMMERER','0','2020-06-30 08:57:04','srvpensjon','2020-06-30 08:57:04','srvpensjon');
INSERT INTO T_INNTEKT_REL (INNTEKT_REL_ID,INNTEKT_ID_MESTER,INNTEKT_ID_SLAVE,K_INNTEKT_REL_T,VERSJON,DATO_OPPRETTET,OPPRETTET_AV,DATO_ENDRET,ENDRET_AV) VALUES ('554648656','585527443','585526677','ENDR','0','2020-06-30 08:57:24','srvpensjon','2020-06-30 08:57:24','srvpensjon');
INSERT INTO T_RP_KOMP (RP_KOMP_ID,BELOP,VEDTAK_ID_FK,DATO_FOM,DATO_TOM,VERSJON,DATO_OPPRETTET,OPPRETTET_AV,DATO_ENDRET,ENDRET_AV,K_RP_KOMP_S,K_RP_KOMP_T,PERSON_ID,K_RESTP_BEH_ARSAK) VALUES ('226626813','0','42750256','2020-07-01 00:00:00',null,'0','2020-06-30 09:43:31','z994277','2020-06-30 09:43:31','z994277','G','RESP_PT','22468586','VEDTAK');
INSERT INTO T_RP_KOMP (RP_KOMP_ID,BELOP,VEDTAK_ID_FK,DATO_FOM,DATO_TOM,VERSJON,DATO_OPPRETTET,OPPRETTET_AV,DATO_ENDRET,ENDRET_AV,K_RP_KOMP_S,K_RP_KOMP_T,PERSON_ID,K_RESTP_BEH_ARSAK) VALUES ('226626811','0','42750256','2020-07-01 00:00:00',null,'0','2020-06-30 09:43:31','z994277','2020-06-30 09:43:31','z994277','G','RESP_GP','22468586','VEDTAK');
INSERT INTO T_RP_KOMP (RP_KOMP_ID,BELOP,VEDTAK_ID_FK,DATO_FOM,DATO_TOM,VERSJON,DATO_OPPRETTET,OPPRETTET_AV,DATO_ENDRET,ENDRET_AV,K_RP_KOMP_S,K_RP_KOMP_T,PERSON_ID,K_RESTP_BEH_ARSAK) VALUES ('226626812','0','42750256','2020-07-01 00:00:00',null,'0','2020-06-30 09:43:31','z994277','2020-06-30 09:43:31','z994277','G','RESP_TP','22468586','VEDTAK');
INSERT INTO T_OPPTJN (OPPTJN_ID,K_OPPTJN_T,PERSON_ID_OPPTJN,PERSON_ID_OMSORG,K_KILDE_T,K_OPPTJN_STATUS,INNTEKT_ID,FIL_ID_FK,OPPTJN_AR,PGI_ANVENDT,POENG,MAX_UFOREGRAD,VERSJON,DATO_OPPRETTET,OPPRETTET_AV,DATO_ENDRET,ENDRET_AV,KONV_FJERNING_KODE,PI_RAPPDATO,OMSORG_ID) VALUES ('543601269','PPI','22468586',null,'PEN','G','585527592',null,'1994','162857','3,31',null,'0','2020-06-30 08:56:55','srvpensjon','2020-06-30 08:56:55','srvpensjon',null,null,null);
INSERT INTO T_OPPTJN (OPPTJN_ID,K_OPPTJN_T,PERSON_ID_OPPTJN,PERSON_ID_OMSORG,K_KILDE_T,K_OPPTJN_STATUS,INNTEKT_ID,FIL_ID_FK,OPPTJN_AR,PGI_ANVENDT,POENG,MAX_UFOREGRAD,VERSJON,DATO_OPPRETTET,OPPRETTET_AV,DATO_ENDRET,ENDRET_AV,KONV_FJERNING_KODE,PI_RAPPDATO,OMSORG_ID) VALUES ('543601281','PPI','22468586',null,'PEN','G','585527604',null,'2006','267672','3,31',null,'0','2020-06-30 08:57:12','srvpensjon','2020-06-30 08:57:12','srvpensjon',null,null,null);
INSERT INTO T_OPPTJN (OPPTJN_ID,K_OPPTJN_T,PERSON_ID_OPPTJN,PERSON_ID_OMSORG,K_KILDE_T,K_OPPTJN_STATUS,INNTEKT_ID,FIL_ID_FK,OPPTJN_AR,PGI_ANVENDT,POENG,MAX_UFOREGRAD,VERSJON,DATO_OPPRETTET,OPPRETTET_AV,DATO_ENDRET,ENDRET_AV,KONV_FJERNING_KODE,PI_RAPPDATO,OMSORG_ID) VALUES ('543601081','PPI','22468586',null,'PEN','G','585527404',null,'1979','65453','3,31',null,'0','2020-06-30 08:56:30','srvpensjon','2020-06-30 08:56:30','srvpensjon',null,null,null);
INSERT INTO T_OPPTJN (OPPTJN_ID,K_OPPTJN_T,PERSON_ID_OPPTJN,PERSON_ID_OMSORG,K_KILDE_T,K_OPPTJN_STATUS,INNTEKT_ID,FIL_ID_FK,OPPTJN_AR,PGI_ANVENDT,POENG,MAX_UFOREGRAD,VERSJON,DATO_OPPRETTET,OPPRETTET_AV,DATO_ENDRET,ENDRET_AV,KONV_FJERNING_KODE,PI_RAPPDATO,OMSORG_ID) VALUES ('543601083','PPI','22468586',null,'PEN','G','585527406',null,'1981','80343','3,31',null,'0','2020-06-30 08:56:34','srvpensjon','2020-06-30 08:56:34','srvpensjon',null,null,null);
INSERT INTO T_OPPTJN (OPPTJN_ID,K_OPPTJN_T,PERSON_ID_OPPTJN,PERSON_ID_OMSORG,K_KILDE_T,K_OPPTJN_STATUS,INNTEKT_ID,FIL_ID_FK,OPPTJN_AR,PGI_ANVENDT,POENG,MAX_UFOREGRAD,VERSJON,DATO_OPPRETTET,OPPRETTET_AV,DATO_ENDRET,ENDRET_AV,KONV_FJERNING_KODE,PI_RAPPDATO,OMSORG_ID) VALUES ('543601103','PPI','22468586',null,'PEN','G','585527426',null,'2001','217902','3,31',null,'0','2020-06-30 08:57:05','srvpensjon','2020-06-30 08:57:05','srvpensjon',null,null,null);
INSERT INTO T_OPPTJN (OPPTJN_ID,K_OPPTJN_T,PERSON_ID_OPPTJN,PERSON_ID_OMSORG,K_KILDE_T,K_OPPTJN_STATUS,INNTEKT_ID,FIL_ID_FK,OPPTJN_AR,PGI_ANVENDT,POENG,MAX_UFOREGRAD,VERSJON,DATO_OPPRETTET,OPPRETTET_AV,DATO_ENDRET,ENDRET_AV,KONV_FJERNING_KODE,PI_RAPPDATO,OMSORG_ID) VALUES ('543601111','PPI','22468586',null,'PEN','G','585527434',null,'2009','310066','3,31',null,'0','2020-06-30 08:57:17','srvpensjon','2020-06-30 08:57:17','srvpensjon',null,null,null);
INSERT INTO T_OPPTJN (OPPTJN_ID,K_OPPTJN_T,PERSON_ID_OPPTJN,PERSON_ID_OMSORG,K_KILDE_T,K_OPPTJN_STATUS,INNTEKT_ID,FIL_ID_FK,OPPTJN_AR,PGI_ANVENDT,POENG,MAX_UFOREGRAD,VERSJON,DATO_OPPRETTET,OPPRETTET_AV,DATO_ENDRET,ENDRET_AV,KONV_FJERNING_KODE,PI_RAPPDATO,OMSORG_ID) VALUES ('543601257','PPI','22468586',null,'PEN','G','585527580',null,'1982','88994','3,31',null,'0','2020-06-30 08:56:36','srvpensjon','2020-06-30 08:56:36','srvpensjon',null,null,null);
INSERT INTO T_OPPTJN (OPPTJN_ID,K_OPPTJN_T,PERSON_ID_OPPTJN,PERSON_ID_OMSORG,K_KILDE_T,K_OPPTJN_STATUS,INNTEKT_ID,FIL_ID_FK,OPPTJN_AR,PGI_ANVENDT,POENG,MAX_UFOREGRAD,VERSJON,DATO_OPPRETTET,OPPRETTET_AV,DATO_ENDRET,ENDRET_AV,KONV_FJERNING_KODE,PI_RAPPDATO,OMSORG_ID) VALUES ('543601279','PPI','22468586',null,'PEN','G','585527602',null,'2004','250353','3,31',null,'0','2020-06-30 08:57:09','srvpensjon','2020-06-30 08:57:09','srvpensjon',null,null,null);
INSERT INTO T_OPPTJN (OPPTJN_ID,K_OPPTJN_T,PERSON_ID_OPPTJN,PERSON_ID_OMSORG,K_KILDE_T,K_OPPTJN_STATUS,INNTEKT_ID,FIL_ID_FK,OPPTJN_AR,PGI_ANVENDT,POENG,MAX_UFOREGRAD,VERSJON,DATO_OPPRETTET,OPPRETTET_AV,DATO_ENDRET,ENDRET_AV,KONV_FJERNING_KODE,PI_RAPPDATO,OMSORG_ID) VALUES ('543601283','PPI','22468586',null,'PEN','G','585527606',null,'2008','297587','3,31',null,'0','2020-06-30 08:57:15','srvpensjon','2020-06-30 08:57:15','srvpensjon',null,null,null);
INSERT INTO T_OPPTJN (OPPTJN_ID,K_OPPTJN_T,PERSON_ID_OPPTJN,PERSON_ID_OMSORG,K_KILDE_T,K_OPPTJN_STATUS,INNTEKT_ID,FIL_ID_FK,OPPTJN_AR,PGI_ANVENDT,POENG,MAX_UFOREGRAD,VERSJON,DATO_OPPRETTET,OPPRETTET_AV,DATO_ENDRET,ENDRET_AV,KONV_FJERNING_KODE,PI_RAPPDATO,OMSORG_ID) VALUES ('543601077','PPI','22468586',null,'PEN','G','585527400',null,'1975','46506','3,31',null,'0','2020-06-30 08:56:23','srvpensjon','2020-06-30 08:56:23','srvpensjon',null,null,null);
INSERT INTO T_OPPTJN (OPPTJN_ID,K_OPPTJN_T,PERSON_ID_OPPTJN,PERSON_ID_OMSORG,K_KILDE_T,K_OPPTJN_STATUS,INNTEKT_ID,FIL_ID_FK,OPPTJN_AR,PGI_ANVENDT,POENG,MAX_UFOREGRAD,VERSJON,DATO_OPPRETTET,OPPRETTET_AV,DATO_ENDRET,ENDRET_AV,KONV_FJERNING_KODE,PI_RAPPDATO,OMSORG_ID) VALUES ('543601079','PPI','22468586',null,'PEN','G','585527402',null,'1977','57629','3,31',null,'0','2020-06-30 08:56:27','srvpensjon','2020-06-30 08:56:27','srvpensjon',null,null,null);
INSERT INTO T_OPPTJN (OPPTJN_ID,K_OPPTJN_T,PERSON_ID_OPPTJN,PERSON_ID_OMSORG,K_KILDE_T,K_OPPTJN_STATUS,INNTEKT_ID,FIL_ID_FK,OPPTJN_AR,PGI_ANVENDT,POENG,MAX_UFOREGRAD,VERSJON,DATO_OPPRETTET,OPPRETTET_AV,DATO_ENDRET,ENDRET_AV,KONV_FJERNING_KODE,PI_RAPPDATO,OMSORG_ID) VALUES ('543601115','PPI','22468586',null,'PEN','G','585527438',null,'2013','362592','3,31',null,'0','2020-06-30 08:57:21','srvpensjon','2020-06-30 08:57:21','srvpensjon',null,null,null);
INSERT INTO T_OPPTJN (OPPTJN_ID,K_OPPTJN_T,PERSON_ID_OPPTJN,PERSON_ID_OMSORG,K_KILDE_T,K_OPPTJN_STATUS,INNTEKT_ID,FIL_ID_FK,OPPTJN_AR,PGI_ANVENDT,POENG,MAX_UFOREGRAD,VERSJON,DATO_OPPRETTET,OPPRETTET_AV,DATO_ENDRET,ENDRET_AV,KONV_FJERNING_KODE,PI_RAPPDATO,OMSORG_ID) VALUES ('543601119','PPI','22468586',null,'PEN','G','585527442',null,'2017','401679','3,31',null,'0','2020-06-30 08:57:23','srvpensjon','2020-06-30 08:57:23','srvpensjon',null,null,null);
INSERT INTO T_OPPTJN (OPPTJN_ID,K_OPPTJN_T,PERSON_ID_OPPTJN,PERSON_ID_OMSORG,K_KILDE_T,K_OPPTJN_STATUS,INNTEKT_ID,FIL_ID_FK,OPPTJN_AR,PGI_ANVENDT,POENG,MAX_UFOREGRAD,VERSJON,DATO_OPPRETTET,OPPRETTET_AV,DATO_ENDRET,ENDRET_AV,KONV_FJERNING_KODE,PI_RAPPDATO,OMSORG_ID) VALUES ('543601121','PPI','22468586',null,'PEN','G','585527444',null,'2019','425728','3,31',null,'0','2020-06-30 08:57:24','srvpensjon','2020-06-30 08:57:24','srvpensjon',null,null,null);
INSERT INTO T_OPPTJN (OPPTJN_ID,K_OPPTJN_T,PERSON_ID_OPPTJN,PERSON_ID_OMSORG,K_KILDE_T,K_OPPTJN_STATUS,INNTEKT_ID,FIL_ID_FK,OPPTJN_AR,PGI_ANVENDT,POENG,MAX_UFOREGRAD,VERSJON,DATO_OPPRETTET,OPPRETTET_AV,DATO_ENDRET,ENDRET_AV,KONV_FJERNING_KODE,PI_RAPPDATO,OMSORG_ID) VALUES ('543601249','PPI','22468586',null,'PEN','G','585527572',null,'1974','41050','3,31',null,'0','2020-06-30 08:56:21','srvpensjon','2020-06-30 08:56:21','srvpensjon',null,null,null);
INSERT INTO T_OPPTJN (OPPTJN_ID,K_OPPTJN_T,PERSON_ID_OPPTJN,PERSON_ID_OMSORG,K_KILDE_T,K_OPPTJN_STATUS,INNTEKT_ID,FIL_ID_FK,OPPTJN_AR,PGI_ANVENDT,POENG,MAX_UFOREGRAD,VERSJON,DATO_OPPRETTET,OPPRETTET_AV,DATO_ENDRET,ENDRET_AV,KONV_FJERNING_KODE,PI_RAPPDATO,OMSORG_ID) VALUES ('543601291','PPI','22468586',null,'PEN','G','585527614',null,'2016','395043','3,31',null,'0','2020-06-30 08:57:23','srvpensjon','2020-06-30 08:57:23','srvpensjon',null,null,null);
INSERT INTO T_OPPTJN (OPPTJN_ID,K_OPPTJN_T,PERSON_ID_OPPTJN,PERSON_ID_OMSORG,K_KILDE_T,K_OPPTJN_STATUS,INNTEKT_ID,FIL_ID_FK,OPPTJN_AR,PGI_ANVENDT,POENG,MAX_UFOREGRAD,VERSJON,DATO_OPPRETTET,OPPRETTET_AV,DATO_ENDRET,ENDRET_AV,KONV_FJERNING_KODE,PI_RAPPDATO,OMSORG_ID) VALUES ('543601293','PPI','22468586',null,'PEN','G','585527616',null,'2018','412526','3,31',null,'0','2020-06-30 08:57:23','srvpensjon','2020-06-30 08:57:23','srvpensjon',null,null,null);
INSERT INTO T_OPPTJN (OPPTJN_ID,K_OPPTJN_T,PERSON_ID_OPPTJN,PERSON_ID_OMSORG,K_KILDE_T,K_OPPTJN_STATUS,INNTEKT_ID,FIL_ID_FK,OPPTJN_AR,PGI_ANVENDT,POENG,MAX_UFOREGRAD,VERSJON,DATO_OPPRETTET,OPPRETTET_AV,DATO_ENDRET,ENDRET_AV,KONV_FJERNING_KODE,PI_RAPPDATO,OMSORG_ID) VALUES ('543601085','PPI','22468586',null,'PEN','G','585527408',null,'1983','96168','3,31',null,'0','2020-06-30 08:56:37','srvpensjon','2020-06-30 08:56:37','srvpensjon',null,null,null);
INSERT INTO T_OPPTJN (OPPTJN_ID,K_OPPTJN_T,PERSON_ID_OPPTJN,PERSON_ID_OMSORG,K_KILDE_T,K_OPPTJN_STATUS,INNTEKT_ID,FIL_ID_FK,OPPTJN_AR,PGI_ANVENDT,POENG,MAX_UFOREGRAD,VERSJON,DATO_OPPRETTET,OPPRETTET_AV,DATO_ENDRET,ENDRET_AV,KONV_FJERNING_KODE,PI_RAPPDATO,OMSORG_ID) VALUES ('543601087','PPI','22468586',null,'PEN','G','585527410',null,'1985','109087','3,31',null,'0','2020-06-30 08:56:40','srvpensjon','2020-06-30 08:56:40','srvpensjon',null,null,null);
INSERT INTO T_OPPTJN (OPPTJN_ID,K_OPPTJN_T,PERSON_ID_OPPTJN,PERSON_ID_OMSORG,K_KILDE_T,K_OPPTJN_STATUS,INNTEKT_ID,FIL_ID_FK,OPPTJN_AR,PGI_ANVENDT,POENG,MAX_UFOREGRAD,VERSJON,DATO_OPPRETTET,OPPRETTET_AV,DATO_ENDRET,ENDRET_AV,KONV_FJERNING_KODE,PI_RAPPDATO,OMSORG_ID) VALUES ('543601091','PPI','22468586',null,'PEN','G','585527414',null,'1989','138980','3,31',null,'0','2020-06-30 08:56:47','srvpensjon','2020-06-30 08:56:47','srvpensjon',null,null,null);
INSERT INTO T_OPPTJN (OPPTJN_ID,K_OPPTJN_T,PERSON_ID_OPPTJN,PERSON_ID_OMSORG,K_KILDE_T,K_OPPTJN_STATUS,INNTEKT_ID,FIL_ID_FK,OPPTJN_AR,PGI_ANVENDT,POENG,MAX_UFOREGRAD,VERSJON,DATO_OPPRETTET,OPPRETTET_AV,DATO_ENDRET,ENDRET_AV,KONV_FJERNING_KODE,PI_RAPPDATO,OMSORG_ID) VALUES ('543601101','PPI','22468586',null,'PEN','G','585527424',null,'1999','199903','3,31',null,'0','2020-06-30 08:57:03','srvpensjon','2020-06-30 08:57:03','srvpensjon',null,null,null);
INSERT INTO T_OPPTJN (OPPTJN_ID,K_OPPTJN_T,PERSON_ID_OPPTJN,PERSON_ID_OMSORG,K_KILDE_T,K_OPPTJN_STATUS,INNTEKT_ID,FIL_ID_FK,OPPTJN_AR,PGI_ANVENDT,POENG,MAX_UFOREGRAD,VERSJON,DATO_OPPRETTET,OPPRETTET_AV,DATO_ENDRET,ENDRET_AV,KONV_FJERNING_KODE,PI_RAPPDATO,OMSORG_ID) VALUES ('543601117','PPI','22468586',null,'PEN','G','585527440',null,'2015','385406','3,31',null,'0','2020-06-30 08:57:22','srvpensjon','2020-06-30 08:57:22','srvpensjon',null,null,null);
INSERT INTO T_OPPTJN (OPPTJN_ID,K_OPPTJN_T,PERSON_ID_OPPTJN,PERSON_ID_OMSORG,K_KILDE_T,K_OPPTJN_STATUS,INNTEKT_ID,FIL_ID_FK,OPPTJN_AR,PGI_ANVENDT,POENG,MAX_UFOREGRAD,VERSJON,DATO_OPPRETTET,OPPRETTET_AV,DATO_ENDRET,ENDRET_AV,KONV_FJERNING_KODE,PI_RAPPDATO,OMSORG_ID) VALUES ('543601259','PPI','22468586',null,'PEN','G','585527582',null,'1984','101913','3,31',null,'0','2020-06-30 08:56:39','srvpensjon','2020-06-30 08:56:39','srvpensjon',null,null,null);
INSERT INTO T_OPPTJN (OPPTJN_ID,K_OPPTJN_T,PERSON_ID_OPPTJN,PERSON_ID_OMSORG,K_KILDE_T,K_OPPTJN_STATUS,INNTEKT_ID,FIL_ID_FK,OPPTJN_AR,PGI_ANVENDT,POENG,MAX_UFOREGRAD,VERSJON,DATO_OPPRETTET,OPPRETTET_AV,DATO_ENDRET,ENDRET_AV,KONV_FJERNING_KODE,PI_RAPPDATO,OMSORG_ID) VALUES ('543601275','PPI','22468586',null,'PEN','G','585527598',null,'2000','208317','3,31',null,'0','2020-06-30 08:57:04','srvpensjon','2020-06-30 08:57:04','srvpensjon',null,null,null);
INSERT INTO T_OPPTJN (OPPTJN_ID,K_OPPTJN_T,PERSON_ID_OPPTJN,PERSON_ID_OMSORG,K_KILDE_T,K_OPPTJN_STATUS,INNTEKT_ID,FIL_ID_FK,OPPTJN_AR,PGI_ANVENDT,POENG,MAX_UFOREGRAD,VERSJON,DATO_OPPRETTET,OPPRETTET_AV,DATO_ENDRET,ENDRET_AV,KONV_FJERNING_KODE,PI_RAPPDATO,OMSORG_ID) VALUES ('543601271','PPI','22468586',null,'PEN','G','585527594',null,'1996','174010','3,31',null,'0','2020-06-30 08:56:58','srvpensjon','2020-06-30 08:56:58','srvpensjon',null,null,null);
INSERT INTO T_OPPTJN (OPPTJN_ID,K_OPPTJN_T,PERSON_ID_OPPTJN,PERSON_ID_OMSORG,K_KILDE_T,K_OPPTJN_STATUS,INNTEKT_ID,FIL_ID_FK,OPPTJN_AR,PGI_ANVENDT,POENG,MAX_UFOREGRAD,VERSJON,DATO_OPPRETTET,OPPRETTET_AV,DATO_ENDRET,ENDRET_AV,KONV_FJERNING_KODE,PI_RAPPDATO,OMSORG_ID) VALUES ('543601287','PPI','22468586',null,'PEN','G','585527610',null,'2012','349454','3,31',null,'0','2020-06-30 08:57:20','srvpensjon','2020-06-30 08:57:20','srvpensjon',null,null,null);
INSERT INTO T_OPPTJN (OPPTJN_ID,K_OPPTJN_T,PERSON_ID_OPPTJN,PERSON_ID_OMSORG,K_KILDE_T,K_OPPTJN_STATUS,INNTEKT_ID,FIL_ID_FK,OPPTJN_AR,PGI_ANVENDT,POENG,MAX_UFOREGRAD,VERSJON,DATO_OPPRETTET,OPPRETTET_AV,DATO_ENDRET,ENDRET_AV,KONV_FJERNING_KODE,PI_RAPPDATO,OMSORG_ID) VALUES ('543601093','PPI','22468586',null,'PEN','G','585527416',null,'1991','150856','3,31',null,'0','2020-06-30 08:56:50','srvpensjon','2020-06-30 08:56:50','srvpensjon',null,null,null);
INSERT INTO T_OPPTJN (OPPTJN_ID,K_OPPTJN_T,PERSON_ID_OPPTJN,PERSON_ID_OMSORG,K_KILDE_T,K_OPPTJN_STATUS,INNTEKT_ID,FIL_ID_FK,OPPTJN_AR,PGI_ANVENDT,POENG,MAX_UFOREGRAD,VERSJON,DATO_OPPRETTET,OPPRETTET_AV,DATO_ENDRET,ENDRET_AV,KONV_FJERNING_KODE,PI_RAPPDATO,OMSORG_ID) VALUES ('543601097','PPI','22468586',null,'PEN','G','585527420',null,'1995','167280','3,31',null,'0','2020-06-30 08:56:57','srvpensjon','2020-06-30 08:56:57','srvpensjon',null,null,null);
INSERT INTO T_OPPTJN (OPPTJN_ID,K_OPPTJN_T,PERSON_ID_OPPTJN,PERSON_ID_OMSORG,K_KILDE_T,K_OPPTJN_STATUS,INNTEKT_ID,FIL_ID_FK,OPPTJN_AR,PGI_ANVENDT,POENG,MAX_UFOREGRAD,VERSJON,DATO_OPPRETTET,OPPRETTET_AV,DATO_ENDRET,ENDRET_AV,KONV_FJERNING_KODE,PI_RAPPDATO,OMSORG_ID) VALUES ('543601099','PPI','22468586',null,'PEN','G','585527422',null,'1997','180857','3,31',null,'0','2020-06-30 08:57:00','srvpensjon','2020-06-30 08:57:00','srvpensjon',null,null,null);
INSERT INTO T_OPPTJN (OPPTJN_ID,K_OPPTJN_T,PERSON_ID_OPPTJN,PERSON_ID_OMSORG,K_KILDE_T,K_OPPTJN_STATUS,INNTEKT_ID,FIL_ID_FK,OPPTJN_AR,PGI_ANVENDT,POENG,MAX_UFOREGRAD,VERSJON,DATO_OPPRETTET,OPPRETTET_AV,DATO_ENDRET,ENDRET_AV,KONV_FJERNING_KODE,PI_RAPPDATO,OMSORG_ID) VALUES ('543601105','PPI','22468586',null,'PEN','G','585527428',null,'2003','240987','3,31',null,'0','2020-06-30 08:57:08','srvpensjon','2020-06-30 08:57:08','srvpensjon',null,null,null);
INSERT INTO T_OPPTJN (OPPTJN_ID,K_OPPTJN_T,PERSON_ID_OPPTJN,PERSON_ID_OMSORG,K_KILDE_T,K_OPPTJN_STATUS,INNTEKT_ID,FIL_ID_FK,OPPTJN_AR,PGI_ANVENDT,POENG,MAX_UFOREGRAD,VERSJON,DATO_OPPRETTET,OPPRETTET_AV,DATO_ENDRET,ENDRET_AV,KONV_FJERNING_KODE,PI_RAPPDATO,OMSORG_ID) VALUES ('543601255','PPI','22468586',null,'PEN','G','585527578',null,'1980','71624','3,31',null,'0','2020-06-30 08:56:32','srvpensjon','2020-06-30 08:56:32','srvpensjon',null,null,null);
INSERT INTO T_OPPTJN (OPPTJN_ID,K_OPPTJN_T,PERSON_ID_OPPTJN,PERSON_ID_OMSORG,K_KILDE_T,K_OPPTJN_STATUS,INNTEKT_ID,FIL_ID_FK,OPPTJN_AR,PGI_ANVENDT,POENG,MAX_UFOREGRAD,VERSJON,DATO_OPPRETTET,OPPRETTET_AV,DATO_ENDRET,ENDRET_AV,KONV_FJERNING_KODE,PI_RAPPDATO,OMSORG_ID) VALUES ('543601267','PPI','22468586',null,'PEN','G','585527590',null,'1992','155739','3,31',null,'0','2020-06-30 08:56:52','srvpensjon','2020-06-30 08:56:52','srvpensjon',null,null,null);
INSERT INTO T_OPPTJN (OPPTJN_ID,K_OPPTJN_T,PERSON_ID_OPPTJN,PERSON_ID_OMSORG,K_KILDE_T,K_OPPTJN_STATUS,INNTEKT_ID,FIL_ID_FK,OPPTJN_AR,PGI_ANVENDT,POENG,MAX_UFOREGRAD,VERSJON,DATO_OPPRETTET,OPPRETTET_AV,DATO_ENDRET,ENDRET_AV,KONV_FJERNING_KODE,PI_RAPPDATO,OMSORG_ID) VALUES ('543601277','PPI','22468586',null,'PEN','G','585527600',null,'2002','229227','3,31',null,'0','2020-06-30 08:57:07','srvpensjon','2020-06-30 08:57:07','srvpensjon',null,null,null);
INSERT INTO T_OPPTJN (OPPTJN_ID,K_OPPTJN_T,PERSON_ID_OPPTJN,PERSON_ID_OMSORG,K_KILDE_T,K_OPPTJN_STATUS,INNTEKT_ID,FIL_ID_FK,OPPTJN_AR,PGI_ANVENDT,POENG,MAX_UFOREGRAD,VERSJON,DATO_OPPRETTET,OPPRETTET_AV,DATO_ENDRET,ENDRET_AV,KONV_FJERNING_KODE,PI_RAPPDATO,OMSORG_ID) VALUES ('543601289','PPI','22468586',null,'PEN','G','585527612',null,'2014','376044','3,31',null,'0','2020-06-30 08:57:21','srvpensjon','2020-06-30 08:57:21','srvpensjon',null,null,null);
INSERT INTO T_OPPTJN (OPPTJN_ID,K_OPPTJN_T,PERSON_ID_OPPTJN,PERSON_ID_OMSORG,K_KILDE_T,K_OPPTJN_STATUS,INNTEKT_ID,FIL_ID_FK,OPPTJN_AR,PGI_ANVENDT,POENG,MAX_UFOREGRAD,VERSJON,DATO_OPPRETTET,OPPRETTET_AV,DATO_ENDRET,ENDRET_AV,KONV_FJERNING_KODE,PI_RAPPDATO,OMSORG_ID) VALUES ('543601075','PPI','22468586',null,'PEN','G','585527398',null,'1973','36602','3,31',null,'0','2020-06-30 08:56:19','srvpensjon','2020-06-30 08:56:19','srvpensjon',null,null,null);
INSERT INTO T_OPPTJN (OPPTJN_ID,K_OPPTJN_T,PERSON_ID_OPPTJN,PERSON_ID_OMSORG,K_KILDE_T,K_OPPTJN_STATUS,INNTEKT_ID,FIL_ID_FK,OPPTJN_AR,PGI_ANVENDT,POENG,MAX_UFOREGRAD,VERSJON,DATO_OPPRETTET,OPPRETTET_AV,DATO_ENDRET,ENDRET_AV,KONV_FJERNING_KODE,PI_RAPPDATO,OMSORG_ID) VALUES ('543601089','PPI','22468586',null,'PEN','G','585527412',null,'1987','126027','3,31',null,'0','2020-06-30 08:56:43','srvpensjon','2020-06-30 08:56:43','srvpensjon',null,null,null);
INSERT INTO T_OPPTJN (OPPTJN_ID,K_OPPTJN_T,PERSON_ID_OPPTJN,PERSON_ID_OMSORG,K_KILDE_T,K_OPPTJN_STATUS,INNTEKT_ID,FIL_ID_FK,OPPTJN_AR,PGI_ANVENDT,POENG,MAX_UFOREGRAD,VERSJON,DATO_OPPRETTET,OPPRETTET_AV,DATO_ENDRET,ENDRET_AV,KONV_FJERNING_KODE,PI_RAPPDATO,OMSORG_ID) VALUES ('543601109','PPI','22468586',null,'PEN','G','585527432',null,'2007','282072','3,31',null,'0','2020-06-30 08:57:14','srvpensjon','2020-06-30 08:57:14','srvpensjon',null,null,null);
INSERT INTO T_OPPTJN (OPPTJN_ID,K_OPPTJN_T,PERSON_ID_OPPTJN,PERSON_ID_OMSORG,K_KILDE_T,K_OPPTJN_STATUS,INNTEKT_ID,FIL_ID_FK,OPPTJN_AR,PGI_ANVENDT,POENG,MAX_UFOREGRAD,VERSJON,DATO_OPPRETTET,OPPRETTET_AV,DATO_ENDRET,ENDRET_AV,KONV_FJERNING_KODE,PI_RAPPDATO,OMSORG_ID) VALUES ('543601253','PPI','22468586',null,'PEN','G','585527576',null,'1978','62654','3,31',null,'0','2020-06-30 08:56:28','srvpensjon','2020-06-30 08:56:28','srvpensjon',null,null,null);
INSERT INTO T_OPPTJN (OPPTJN_ID,K_OPPTJN_T,PERSON_ID_OPPTJN,PERSON_ID_OMSORG,K_KILDE_T,K_OPPTJN_STATUS,INNTEKT_ID,FIL_ID_FK,OPPTJN_AR,PGI_ANVENDT,POENG,MAX_UFOREGRAD,VERSJON,DATO_OPPRETTET,OPPRETTET_AV,DATO_ENDRET,ENDRET_AV,KONV_FJERNING_KODE,PI_RAPPDATO,OMSORG_ID) VALUES ('543601265','PPI','22468586',null,'PEN','G','585527588',null,'1990','144578','3,31',null,'0','2020-06-30 08:56:49','srvpensjon','2020-06-30 08:56:49','srvpensjon',null,null,null);
INSERT INTO T_OPPTJN (OPPTJN_ID,K_OPPTJN_T,PERSON_ID_OPPTJN,PERSON_ID_OMSORG,K_KILDE_T,K_OPPTJN_STATUS,INNTEKT_ID,FIL_ID_FK,OPPTJN_AR,PGI_ANVENDT,POENG,MAX_UFOREGRAD,VERSJON,DATO_OPPRETTET,OPPRETTET_AV,DATO_ENDRET,ENDRET_AV,KONV_FJERNING_KODE,PI_RAPPDATO,OMSORG_ID) VALUES ('543601273','PPI','22468586',null,'PEN','G','585527596',null,'1998','191247','3,31',null,'0','2020-06-30 08:57:01','srvpensjon','2020-06-30 08:57:01','srvpensjon',null,null,null);
INSERT INTO T_OPPTJN (OPPTJN_ID,K_OPPTJN_T,PERSON_ID_OPPTJN,PERSON_ID_OMSORG,K_KILDE_T,K_OPPTJN_STATUS,INNTEKT_ID,FIL_ID_FK,OPPTJN_AR,PGI_ANVENDT,POENG,MAX_UFOREGRAD,VERSJON,DATO_OPPRETTET,OPPRETTET_AV,DATO_ENDRET,ENDRET_AV,KONV_FJERNING_KODE,PI_RAPPDATO,OMSORG_ID) VALUES ('543601113','PPI','22468586',null,'PEN','G','585527436',null,'2011','335980','3,31',null,'0','2020-06-30 08:57:19','srvpensjon','2020-06-30 08:57:19','srvpensjon',null,null,null);
INSERT INTO T_OPPTJN (OPPTJN_ID,K_OPPTJN_T,PERSON_ID_OPPTJN,PERSON_ID_OMSORG,K_KILDE_T,K_OPPTJN_STATUS,INNTEKT_ID,FIL_ID_FK,OPPTJN_AR,PGI_ANVENDT,POENG,MAX_UFOREGRAD,VERSJON,DATO_OPPRETTET,OPPRETTET_AV,DATO_ENDRET,ENDRET_AV,KONV_FJERNING_KODE,PI_RAPPDATO,OMSORG_ID) VALUES ('543601251','PPI','22468586',null,'PEN','G','585527574',null,'1976','51673','3,31',null,'0','2020-06-30 08:56:25','srvpensjon','2020-06-30 08:56:25','srvpensjon',null,null,null);
INSERT INTO T_OPPTJN (OPPTJN_ID,K_OPPTJN_T,PERSON_ID_OPPTJN,PERSON_ID_OMSORG,K_KILDE_T,K_OPPTJN_STATUS,INNTEKT_ID,FIL_ID_FK,OPPTJN_AR,PGI_ANVENDT,POENG,MAX_UFOREGRAD,VERSJON,DATO_OPPRETTET,OPPRETTET_AV,DATO_ENDRET,ENDRET_AV,KONV_FJERNING_KODE,PI_RAPPDATO,OMSORG_ID) VALUES ('543601261','PPI','22468586',null,'PEN','G','585527584',null,'1986','118130','3,31',null,'0','2020-06-30 08:56:42','srvpensjon','2020-06-30 08:56:42','srvpensjon',null,null,null);
INSERT INTO T_OPPTJN (OPPTJN_ID,K_OPPTJN_T,PERSON_ID_OPPTJN,PERSON_ID_OMSORG,K_KILDE_T,K_OPPTJN_STATUS,INNTEKT_ID,FIL_ID_FK,OPPTJN_AR,PGI_ANVENDT,POENG,MAX_UFOREGRAD,VERSJON,DATO_OPPRETTET,OPPRETTET_AV,DATO_ENDRET,ENDRET_AV,KONV_FJERNING_KODE,PI_RAPPDATO,OMSORG_ID) VALUES ('543601263','PPI','22468586',null,'PEN','G','585527586',null,'1988','132844','3,31',null,'0','2020-06-30 08:56:46','srvpensjon','2020-06-30 08:56:46','srvpensjon',null,null,null);
INSERT INTO T_OPPTJN (OPPTJN_ID,K_OPPTJN_T,PERSON_ID_OPPTJN,PERSON_ID_OMSORG,K_KILDE_T,K_OPPTJN_STATUS,INNTEKT_ID,FIL_ID_FK,OPPTJN_AR,PGI_ANVENDT,POENG,MAX_UFOREGRAD,VERSJON,DATO_OPPRETTET,OPPRETTET_AV,DATO_ENDRET,ENDRET_AV,KONV_FJERNING_KODE,PI_RAPPDATO,OMSORG_ID) VALUES ('543601285','PPI','22468586',null,'PEN','G','585527608',null,'2010','321757','3,31',null,'0','2020-06-30 08:57:18','srvpensjon','2020-06-30 08:57:18','srvpensjon',null,null,null);
INSERT INTO T_OPPTJN (OPPTJN_ID,K_OPPTJN_T,PERSON_ID_OPPTJN,PERSON_ID_OMSORG,K_KILDE_T,K_OPPTJN_STATUS,INNTEKT_ID,FIL_ID_FK,OPPTJN_AR,PGI_ANVENDT,POENG,MAX_UFOREGRAD,VERSJON,DATO_OPPRETTET,OPPRETTET_AV,DATO_ENDRET,ENDRET_AV,KONV_FJERNING_KODE,PI_RAPPDATO,OMSORG_ID) VALUES ('543601095','PPI','22468586',null,'PEN','G','585527418',null,'1993','159468','3,31',null,'0','2020-06-30 08:56:54','srvpensjon','2020-06-30 08:56:54','srvpensjon',null,null,null);
INSERT INTO T_OPPTJN (OPPTJN_ID,K_OPPTJN_T,PERSON_ID_OPPTJN,PERSON_ID_OMSORG,K_KILDE_T,K_OPPTJN_STATUS,INNTEKT_ID,FIL_ID_FK,OPPTJN_AR,PGI_ANVENDT,POENG,MAX_UFOREGRAD,VERSJON,DATO_OPPRETTET,OPPRETTET_AV,DATO_ENDRET,ENDRET_AV,KONV_FJERNING_KODE,PI_RAPPDATO,OMSORG_ID) VALUES ('543601107','PPI','22468586',null,'PEN','G','585527430',null,'2005','258621','3,31',null,'0','2020-06-30 08:57:11','srvpensjon','2020-06-30 08:57:11','srvpensjon',null,null,null);
INSERT INTO T_OPPTJN_REL (OPPTJN_REL_ID,OPPTJN_ID_MESTER,OPPTJN_ID_SLAVE,K_OPPTJN_REL_T,VERSJON,DATO_OPPRETTET,OPPRETTET_AV,DATO_ENDRET,ENDRET_AV) VALUES ('503061784','543601121','543600355','ENDR','0','2020-06-30 08:57:24','srvpensjon','2020-06-30 08:57:24','srvpensjon');
INSERT INTO T_OPPTJN_RP_KOMP (OPPTJN_RP_KOMP_ID,OPPTJN_ID,RP_KOMP_ID,VERSJON,DATO_OPPRETTET,OPPRETTET_AV,DATO_ENDRET,ENDRET_AV) VALUES ('580553944','543601249','226626812','0','2020-06-30 09:43:31','z994277','2020-06-30 09:43:31','z994277');
INSERT INTO T_OPPTJN_RP_KOMP (OPPTJN_RP_KOMP_ID,OPPTJN_ID,RP_KOMP_ID,VERSJON,DATO_OPPRETTET,OPPRETTET_AV,DATO_ENDRET,ENDRET_AV) VALUES ('580553925','543601291','226626812','0','2020-06-30 09:43:31','z994277','2020-06-30 09:43:31','z994277');
INSERT INTO T_OPPTJN_RP_KOMP (OPPTJN_RP_KOMP_ID,OPPTJN_ID,RP_KOMP_ID,VERSJON,DATO_OPPRETTET,OPPRETTET_AV,DATO_ENDRET,ENDRET_AV) VALUES ('580553912','543601081','226626812','0','2020-06-30 09:43:31','z994277','2020-06-30 09:43:31','z994277');
INSERT INTO T_OPPTJN_RP_KOMP (OPPTJN_RP_KOMP_ID,OPPTJN_ID,RP_KOMP_ID,VERSJON,DATO_OPPRETTET,OPPRETTET_AV,DATO_ENDRET,ENDRET_AV) VALUES ('580553909','543601083','226626812','0','2020-06-30 09:43:31','z994277','2020-06-30 09:43:31','z994277');
INSERT INTO T_OPPTJN_RP_KOMP (OPPTJN_RP_KOMP_ID,OPPTJN_ID,RP_KOMP_ID,VERSJON,DATO_OPPRETTET,OPPRETTET_AV,DATO_ENDRET,ENDRET_AV) VALUES ('580553939','543601099','226626812','0','2020-06-30 09:43:31','z994277','2020-06-30 09:43:31','z994277');
INSERT INTO T_OPPTJN_RP_KOMP (OPPTJN_RP_KOMP_ID,OPPTJN_ID,RP_KOMP_ID,VERSJON,DATO_OPPRETTET,OPPRETTET_AV,DATO_ENDRET,ENDRET_AV) VALUES ('580553913','543601117','226626812','0','2020-06-30 09:43:31','z994277','2020-06-30 09:43:31','z994277');
INSERT INTO T_OPPTJN_RP_KOMP (OPPTJN_RP_KOMP_ID,OPPTJN_ID,RP_KOMP_ID,VERSJON,DATO_OPPRETTET,OPPRETTET_AV,DATO_ENDRET,ENDRET_AV) VALUES ('580553924','543601277','226626812','0','2020-06-30 09:43:31','z994277','2020-06-30 09:43:31','z994277');
INSERT INTO T_OPPTJN_RP_KOMP (OPPTJN_RP_KOMP_ID,OPPTJN_ID,RP_KOMP_ID,VERSJON,DATO_OPPRETTET,OPPRETTET_AV,DATO_ENDRET,ENDRET_AV) VALUES ('580553951','543601289','226626812','0','2020-06-30 09:43:31','z994277','2020-06-30 09:43:31','z994277');
INSERT INTO T_OPPTJN_RP_KOMP (OPPTJN_RP_KOMP_ID,OPPTJN_ID,RP_KOMP_ID,VERSJON,DATO_OPPRETTET,OPPRETTET_AV,DATO_ENDRET,ENDRET_AV) VALUES ('580553941','543601087','226626812','0','2020-06-30 09:43:31','z994277','2020-06-30 09:43:31','z994277');
INSERT INTO T_OPPTJN_RP_KOMP (OPPTJN_RP_KOMP_ID,OPPTJN_ID,RP_KOMP_ID,VERSJON,DATO_OPPRETTET,OPPRETTET_AV,DATO_ENDRET,ENDRET_AV) VALUES ('580553908','543601097','226626812','0','2020-06-30 09:43:31','z994277','2020-06-30 09:43:31','z994277');
INSERT INTO T_OPPTJN_RP_KOMP (OPPTJN_RP_KOMP_ID,OPPTJN_ID,RP_KOMP_ID,VERSJON,DATO_OPPRETTET,OPPRETTET_AV,DATO_ENDRET,ENDRET_AV) VALUES ('580553943','543601107','226626812','0','2020-06-30 09:43:31','z994277','2020-06-30 09:43:31','z994277');
INSERT INTO T_OPPTJN_RP_KOMP (OPPTJN_RP_KOMP_ID,OPPTJN_ID,RP_KOMP_ID,VERSJON,DATO_OPPRETTET,OPPRETTET_AV,DATO_ENDRET,ENDRET_AV) VALUES ('580553929','543601111','226626812','0','2020-06-30 09:43:31','z994277','2020-06-30 09:43:31','z994277');
INSERT INTO T_OPPTJN_RP_KOMP (OPPTJN_RP_KOMP_ID,OPPTJN_ID,RP_KOMP_ID,VERSJON,DATO_OPPRETTET,OPPRETTET_AV,DATO_ENDRET,ENDRET_AV) VALUES ('580553952','543601115','226626812','0','2020-06-30 09:43:31','z994277','2020-06-30 09:43:31','z994277');
INSERT INTO T_OPPTJN_RP_KOMP (OPPTJN_RP_KOMP_ID,OPPTJN_ID,RP_KOMP_ID,VERSJON,DATO_OPPRETTET,OPPRETTET_AV,DATO_ENDRET,ENDRET_AV) VALUES ('580553919','543601257','226626812','0','2020-06-30 09:43:31','z994277','2020-06-30 09:43:31','z994277');
INSERT INTO T_OPPTJN_RP_KOMP (OPPTJN_RP_KOMP_ID,OPPTJN_ID,RP_KOMP_ID,VERSJON,DATO_OPPRETTET,OPPRETTET_AV,DATO_ENDRET,ENDRET_AV) VALUES ('580553927','543601259','226626812','0','2020-06-30 09:43:31','z994277','2020-06-30 09:43:31','z994277');
INSERT INTO T_OPPTJN_RP_KOMP (OPPTJN_RP_KOMP_ID,OPPTJN_ID,RP_KOMP_ID,VERSJON,DATO_OPPRETTET,OPPRETTET_AV,DATO_ENDRET,ENDRET_AV) VALUES ('580553928','543601267','226626812','0','2020-06-30 09:43:31','z994277','2020-06-30 09:43:31','z994277');
INSERT INTO T_OPPTJN_RP_KOMP (OPPTJN_RP_KOMP_ID,OPPTJN_ID,RP_KOMP_ID,VERSJON,DATO_OPPRETTET,OPPRETTET_AV,DATO_ENDRET,ENDRET_AV) VALUES ('580553920','543601271','226626812','0','2020-06-30 09:43:31','z994277','2020-06-30 09:43:31','z994277');
INSERT INTO T_OPPTJN_RP_KOMP (OPPTJN_RP_KOMP_ID,OPPTJN_ID,RP_KOMP_ID,VERSJON,DATO_OPPRETTET,OPPRETTET_AV,DATO_ENDRET,ENDRET_AV) VALUES ('580553950','543601283','226626812','0','2020-06-30 09:43:31','z994277','2020-06-30 09:43:31','z994277');
INSERT INTO T_OPPTJN_RP_KOMP (OPPTJN_RP_KOMP_ID,OPPTJN_ID,RP_KOMP_ID,VERSJON,DATO_OPPRETTET,OPPRETTET_AV,DATO_ENDRET,ENDRET_AV) VALUES ('580553911','543601075','226626812','0','2020-06-30 09:43:31','z994277','2020-06-30 09:43:31','z994277');
INSERT INTO T_OPPTJN_RP_KOMP (OPPTJN_RP_KOMP_ID,OPPTJN_ID,RP_KOMP_ID,VERSJON,DATO_OPPRETTET,OPPRETTET_AV,DATO_ENDRET,ENDRET_AV) VALUES ('580553907','543601085','226626812','0','2020-06-30 09:43:31','z994277','2020-06-30 09:43:31','z994277');
INSERT INTO T_OPPTJN_RP_KOMP (OPPTJN_RP_KOMP_ID,OPPTJN_ID,RP_KOMP_ID,VERSJON,DATO_OPPRETTET,OPPRETTET_AV,DATO_ENDRET,ENDRET_AV) VALUES ('580553933','543601093','226626812','0','2020-06-30 09:43:31','z994277','2020-06-30 09:43:31','z994277');
INSERT INTO T_OPPTJN_RP_KOMP (OPPTJN_RP_KOMP_ID,OPPTJN_ID,RP_KOMP_ID,VERSJON,DATO_OPPRETTET,OPPRETTET_AV,DATO_ENDRET,ENDRET_AV) VALUES ('580553923','543601101','226626812','0','2020-06-30 09:43:31','z994277','2020-06-30 09:43:31','z994277');
INSERT INTO T_OPPTJN_RP_KOMP (OPPTJN_RP_KOMP_ID,OPPTJN_ID,RP_KOMP_ID,VERSJON,DATO_OPPRETTET,OPPRETTET_AV,DATO_ENDRET,ENDRET_AV) VALUES ('580553918','543601103','226626812','0','2020-06-30 09:43:31','z994277','2020-06-30 09:43:31','z994277');
INSERT INTO T_OPPTJN_RP_KOMP (OPPTJN_RP_KOMP_ID,OPPTJN_ID,RP_KOMP_ID,VERSJON,DATO_OPPRETTET,OPPRETTET_AV,DATO_ENDRET,ENDRET_AV) VALUES ('580553938','543601251','226626812','0','2020-06-30 09:43:31','z994277','2020-06-30 09:43:31','z994277');
INSERT INTO T_OPPTJN_RP_KOMP (OPPTJN_RP_KOMP_ID,OPPTJN_ID,RP_KOMP_ID,VERSJON,DATO_OPPRETTET,OPPRETTET_AV,DATO_ENDRET,ENDRET_AV) VALUES ('580553932','543601261','226626812','0','2020-06-30 09:43:31','z994277','2020-06-30 09:43:31','z994277');
INSERT INTO T_OPPTJN_RP_KOMP (OPPTJN_RP_KOMP_ID,OPPTJN_ID,RP_KOMP_ID,VERSJON,DATO_OPPRETTET,OPPRETTET_AV,DATO_ENDRET,ENDRET_AV) VALUES ('580553926','543601279','226626812','0','2020-06-30 09:43:31','z994277','2020-06-30 09:43:31','z994277');
INSERT INTO T_OPPTJN_RP_KOMP (OPPTJN_RP_KOMP_ID,OPPTJN_ID,RP_KOMP_ID,VERSJON,DATO_OPPRETTET,OPPRETTET_AV,DATO_ENDRET,ENDRET_AV) VALUES ('580553934','543601281','226626812','0','2020-06-30 09:43:31','z994277','2020-06-30 09:43:31','z994277');
INSERT INTO T_OPPTJN_RP_KOMP (OPPTJN_RP_KOMP_ID,OPPTJN_ID,RP_KOMP_ID,VERSJON,DATO_OPPRETTET,OPPRETTET_AV,DATO_ENDRET,ENDRET_AV) VALUES ('580553949','543601089','226626812','0','2020-06-30 09:43:31','z994277','2020-06-30 09:43:31','z994277');
INSERT INTO T_OPPTJN_RP_KOMP (OPPTJN_RP_KOMP_ID,OPPTJN_ID,RP_KOMP_ID,VERSJON,DATO_OPPRETTET,OPPRETTET_AV,DATO_ENDRET,ENDRET_AV) VALUES ('580553921','543601109','226626812','0','2020-06-30 09:43:31','z994277','2020-06-30 09:43:31','z994277');
INSERT INTO T_OPPTJN_RP_KOMP (OPPTJN_RP_KOMP_ID,OPPTJN_ID,RP_KOMP_ID,VERSJON,DATO_OPPRETTET,OPPRETTET_AV,DATO_ENDRET,ENDRET_AV) VALUES ('580553937','543601119','226626812','0','2020-06-30 09:43:31','z994277','2020-06-30 09:43:31','z994277');
INSERT INTO T_OPPTJN_RP_KOMP (OPPTJN_RP_KOMP_ID,OPPTJN_ID,RP_KOMP_ID,VERSJON,DATO_OPPRETTET,OPPRETTET_AV,DATO_ENDRET,ENDRET_AV) VALUES ('580553930','543601253','226626812','0','2020-06-30 09:43:31','z994277','2020-06-30 09:43:31','z994277');
INSERT INTO T_OPPTJN_RP_KOMP (OPPTJN_RP_KOMP_ID,OPPTJN_ID,RP_KOMP_ID,VERSJON,DATO_OPPRETTET,OPPRETTET_AV,DATO_ENDRET,ENDRET_AV) VALUES ('580553935','543601255','226626812','0','2020-06-30 09:43:31','z994277','2020-06-30 09:43:31','z994277');
INSERT INTO T_OPPTJN_RP_KOMP (OPPTJN_RP_KOMP_ID,OPPTJN_ID,RP_KOMP_ID,VERSJON,DATO_OPPRETTET,OPPRETTET_AV,DATO_ENDRET,ENDRET_AV) VALUES ('580553936','543601263','226626812','0','2020-06-30 09:43:31','z994277','2020-06-30 09:43:31','z994277');
INSERT INTO T_OPPTJN_RP_KOMP (OPPTJN_RP_KOMP_ID,OPPTJN_ID,RP_KOMP_ID,VERSJON,DATO_OPPRETTET,OPPRETTET_AV,DATO_ENDRET,ENDRET_AV) VALUES ('580553947','543601293','226626812','0','2020-06-30 09:43:31','z994277','2020-06-30 09:43:31','z994277');
INSERT INTO T_OPPTJN_RP_KOMP (OPPTJN_RP_KOMP_ID,OPPTJN_ID,RP_KOMP_ID,VERSJON,DATO_OPPRETTET,OPPRETTET_AV,DATO_ENDRET,ENDRET_AV) VALUES ('580553931','543601095','226626812','0','2020-06-30 09:43:31','z994277','2020-06-30 09:43:31','z994277');
INSERT INTO T_OPPTJN_RP_KOMP (OPPTJN_RP_KOMP_ID,OPPTJN_ID,RP_KOMP_ID,VERSJON,DATO_OPPRETTET,OPPRETTET_AV,DATO_ENDRET,ENDRET_AV) VALUES ('580553910','543601105','226626812','0','2020-06-30 09:43:31','z994277','2020-06-30 09:43:31','z994277');
INSERT INTO T_OPPTJN_RP_KOMP (OPPTJN_RP_KOMP_ID,OPPTJN_ID,RP_KOMP_ID,VERSJON,DATO_OPPRETTET,OPPRETTET_AV,DATO_ENDRET,ENDRET_AV) VALUES ('580553942','543601265','226626812','0','2020-06-30 09:43:31','z994277','2020-06-30 09:43:31','z994277');
INSERT INTO T_OPPTJN_RP_KOMP (OPPTJN_RP_KOMP_ID,OPPTJN_ID,RP_KOMP_ID,VERSJON,DATO_OPPRETTET,OPPRETTET_AV,DATO_ENDRET,ENDRET_AV) VALUES ('580553917','543601269','226626812','0','2020-06-30 09:43:31','z994277','2020-06-30 09:43:31','z994277');
INSERT INTO T_OPPTJN_RP_KOMP (OPPTJN_RP_KOMP_ID,OPPTJN_ID,RP_KOMP_ID,VERSJON,DATO_OPPRETTET,OPPRETTET_AV,DATO_ENDRET,ENDRET_AV) VALUES ('580553940','543601275','226626812','0','2020-06-30 09:43:31','z994277','2020-06-30 09:43:31','z994277');
INSERT INTO T_OPPTJN_RP_KOMP (OPPTJN_RP_KOMP_ID,OPPTJN_ID,RP_KOMP_ID,VERSJON,DATO_OPPRETTET,OPPRETTET_AV,DATO_ENDRET,ENDRET_AV) VALUES ('580553946','543601079','226626812','0','2020-06-30 09:43:31','z994277','2020-06-30 09:43:31','z994277');
INSERT INTO T_OPPTJN_RP_KOMP (OPPTJN_RP_KOMP_ID,OPPTJN_ID,RP_KOMP_ID,VERSJON,DATO_OPPRETTET,OPPRETTET_AV,DATO_ENDRET,ENDRET_AV) VALUES ('580553915','543601091','226626812','0','2020-06-30 09:43:31','z994277','2020-06-30 09:43:31','z994277');
INSERT INTO T_OPPTJN_RP_KOMP (OPPTJN_RP_KOMP_ID,OPPTJN_ID,RP_KOMP_ID,VERSJON,DATO_OPPRETTET,OPPRETTET_AV,DATO_ENDRET,ENDRET_AV) VALUES ('580553916','543601273','226626812','0','2020-06-30 09:43:31','z994277','2020-06-30 09:43:31','z994277');
INSERT INTO T_OPPTJN_RP_KOMP (OPPTJN_RP_KOMP_ID,OPPTJN_ID,RP_KOMP_ID,VERSJON,DATO_OPPRETTET,OPPRETTET_AV,DATO_ENDRET,ENDRET_AV) VALUES ('580553922','543601285','226626812','0','2020-06-30 09:43:31','z994277','2020-06-30 09:43:31','z994277');
INSERT INTO T_OPPTJN_RP_KOMP (OPPTJN_RP_KOMP_ID,OPPTJN_ID,RP_KOMP_ID,VERSJON,DATO_OPPRETTET,OPPRETTET_AV,DATO_ENDRET,ENDRET_AV) VALUES ('580553914','543601287','226626812','0','2020-06-30 09:43:31','z994277','2020-06-30 09:43:31','z994277');
INSERT INTO T_OPPTJN_RP_KOMP (OPPTJN_RP_KOMP_ID,OPPTJN_ID,RP_KOMP_ID,VERSJON,DATO_OPPRETTET,OPPRETTET_AV,DATO_ENDRET,ENDRET_AV) VALUES ('580553945','543601077','226626812','0','2020-06-30 09:43:31','z994277','2020-06-30 09:43:31','z994277');
INSERT INTO T_OPPTJN_RP_KOMP (OPPTJN_RP_KOMP_ID,OPPTJN_ID,RP_KOMP_ID,VERSJON,DATO_OPPRETTET,OPPRETTET_AV,DATO_ENDRET,ENDRET_AV) VALUES ('580553948','543601113','226626812','0','2020-06-30 09:43:31','z994277','2020-06-30 09:43:31','z994277');
INSERT INTO T_LONN_VEKST_REG (DATO_OPPRETTET,OPPRETTET_AV,DATO_ENDRET,ENDRET_AV,LONNSVEKST_REG_ID,REGULERINGSBELOP,REGULERING_DATO,VERSJON) VALUES ('2020-06-30 08:57:16','srvpensjon','2020-06-30 08:57:16','srvpensjon','318527146','1870,57250412129','1976-12-31 00:00:00','0');
INSERT INTO T_LONN_VEKST_REG (DATO_OPPRETTET,OPPRETTET_AV,DATO_ENDRET,ENDRET_AV,LONNSVEKST_REG_ID,REGULERINGSBELOP,REGULERING_DATO,VERSJON) VALUES ('2020-06-30 08:57:16','srvpensjon','2020-06-30 08:57:16','srvpensjon','318527154','10397,273727763997','1984-12-31 00:00:00','0');
INSERT INTO T_LONN_VEKST_REG (DATO_OPPRETTET,OPPRETTET_AV,DATO_ENDRET,ENDRET_AV,LONNSVEKST_REG_ID,REGULERINGSBELOP,REGULERING_DATO,VERSJON) VALUES ('2020-06-30 08:57:16','srvpensjon','2020-06-30 08:57:16','srvpensjon','318527178','95478,83983778441','2008-12-31 00:00:00','0');
INSERT INTO T_LONN_VEKST_REG (DATO_OPPRETTET,OPPRETTET_AV,DATO_ENDRET,ENDRET_AV,LONNSVEKST_REG_ID,REGULERINGSBELOP,REGULERING_DATO,VERSJON) VALUES ('2020-06-30 08:57:16','srvpensjon','2020-06-30 08:57:16','srvpensjon','318527158','17273,200101359223','1988-12-31 00:00:00','0');
INSERT INTO T_LONN_VEKST_REG (DATO_OPPRETTET,OPPRETTET_AV,DATO_ENDRET,ENDRET_AV,LONNSVEKST_REG_ID,REGULERINGSBELOP,REGULERING_DATO,VERSJON) VALUES ('2020-06-30 08:57:16','srvpensjon','2020-06-30 08:57:16','srvpensjon','318527163','12824,354635007447','1993-12-31 00:00:00','0');
INSERT INTO T_LONN_VEKST_REG (DATO_OPPRETTET,OPPRETTET_AV,DATO_ENDRET,ENDRET_AV,LONNSVEKST_REG_ID,REGULERINGSBELOP,REGULERING_DATO,VERSJON) VALUES ('2020-06-30 08:57:16','srvpensjon','2020-06-30 08:57:16','srvpensjon','318527164','12267,857605469413','1994-12-31 00:00:00','0');
INSERT INTO T_LONN_VEKST_REG (DATO_OPPRETTET,OPPRETTET_AV,DATO_ENDRET,ENDRET_AV,LONNSVEKST_REG_ID,REGULERINGSBELOP,REGULERING_DATO,VERSJON) VALUES ('2020-06-30 08:57:16','srvpensjon','2020-06-30 08:57:16','srvpensjon','318527165','16809,457598692738','1995-12-31 00:00:00','0');
INSERT INTO T_LONN_VEKST_REG (DATO_OPPRETTET,OPPRETTET_AV,DATO_ENDRET,ENDRET_AV,LONNSVEKST_REG_ID,REGULERINGSBELOP,REGULERING_DATO,VERSJON) VALUES ('2020-06-30 08:57:16','srvpensjon','2020-06-30 08:57:16','srvpensjon','318527166','26800,666754412','1996-12-31 00:00:00','0');
INSERT INTO T_LONN_VEKST_REG (DATO_OPPRETTET,OPPRETTET_AV,DATO_ENDRET,ENDRET_AV,LONNSVEKST_REG_ID,REGULERINGSBELOP,REGULERING_DATO,VERSJON) VALUES ('2020-06-30 08:57:16','srvpensjon','2020-06-30 08:57:16','srvpensjon','318527167','28502,893559530145','1997-12-31 00:00:00','0');
INSERT INTO T_LONN_VEKST_REG (DATO_OPPRETTET,OPPRETTET_AV,DATO_ENDRET,ENDRET_AV,LONNSVEKST_REG_ID,REGULERINGSBELOP,REGULERING_DATO,VERSJON) VALUES ('2020-06-30 08:57:16','srvpensjon','2020-06-30 08:57:16','srvpensjon','318527169','39165,17568699829','1999-12-31 00:00:00','0');
INSERT INTO T_LONN_VEKST_REG (DATO_OPPRETTET,OPPRETTET_AV,DATO_ENDRET,ENDRET_AV,LONNSVEKST_REG_ID,REGULERINGSBELOP,REGULERING_DATO,VERSJON) VALUES ('2020-06-30 08:57:16','srvpensjon','2020-06-30 08:57:16','srvpensjon','318527173','61728,21200226201','2003-12-31 00:00:00','0');
INSERT INTO T_LONN_VEKST_REG (DATO_OPPRETTET,OPPRETTET_AV,DATO_ENDRET,ENDRET_AV,LONNSVEKST_REG_ID,REGULERINGSBELOP,REGULERING_DATO,VERSJON) VALUES ('2020-06-30 08:57:16','srvpensjon','2020-06-30 08:57:16','srvpensjon','318527177','86009,05494002998','2007-12-31 00:00:00','0');
INSERT INTO T_LONN_VEKST_REG (DATO_OPPRETTET,OPPRETTET_AV,DATO_ENDRET,ENDRET_AV,LONNSVEKST_REG_ID,REGULERINGSBELOP,REGULERING_DATO,VERSJON) VALUES ('2020-06-30 08:57:16','srvpensjon','2020-06-30 08:57:16','srvpensjon','318527150','6701,331546561298','1980-12-31 00:00:00','0');
INSERT INTO T_LONN_VEKST_REG (DATO_OPPRETTET,OPPRETTET_AV,DATO_ENDRET,ENDRET_AV,LONNSVEKST_REG_ID,REGULERINGSBELOP,REGULERING_DATO,VERSJON) VALUES ('2020-06-30 08:57:16','srvpensjon','2020-06-30 08:57:16','srvpensjon','318527152','12526,624518985249','1982-12-31 00:00:00','0');
INSERT INTO T_LONN_VEKST_REG (DATO_OPPRETTET,OPPRETTET_AV,DATO_ENDRET,ENDRET_AV,LONNSVEKST_REG_ID,REGULERINGSBELOP,REGULERING_DATO,VERSJON) VALUES ('2020-06-30 08:57:21','srvpensjon','2020-06-30 08:57:21','srvpensjon','318527249','97536,59724087128','2014-05-01 00:00:00','0');
INSERT INTO T_LONN_VEKST_REG (DATO_OPPRETTET,OPPRETTET_AV,DATO_ENDRET,ENDRET_AV,LONNSVEKST_REG_ID,REGULERINGSBELOP,REGULERING_DATO,VERSJON) VALUES ('2020-06-30 08:57:21','srvpensjon','2020-06-30 08:57:21','srvpensjon','318527333','54222,48588920664','2015-05-01 00:00:00','0');
INSERT INTO T_LONN_VEKST_REG (DATO_OPPRETTET,OPPRETTET_AV,DATO_ENDRET,ENDRET_AV,LONNSVEKST_REG_ID,REGULERINGSBELOP,REGULERING_DATO,VERSJON) VALUES ('2020-06-30 08:57:16','srvpensjon','2020-06-30 08:57:16','srvpensjon','318527145','987,5090416470593','1975-12-31 00:00:00','0');
INSERT INTO T_LONN_VEKST_REG (DATO_OPPRETTET,OPPRETTET_AV,DATO_ENDRET,ENDRET_AV,LONNSVEKST_REG_ID,REGULERINGSBELOP,REGULERING_DATO,VERSJON) VALUES ('2020-06-30 08:57:16','srvpensjon','2020-06-30 08:57:16','srvpensjon','318527147','3233,753462666453','1977-12-31 00:00:00','0');
INSERT INTO T_LONN_VEKST_REG (DATO_OPPRETTET,OPPRETTET_AV,DATO_ENDRET,ENDRET_AV,LONNSVEKST_REG_ID,REGULERINGSBELOP,REGULERING_DATO,VERSJON) VALUES ('2020-06-30 08:57:16','srvpensjon','2020-06-30 08:57:16','srvpensjon','318527151','11048,081199975277','1981-12-31 00:00:00','0');
INSERT INTO T_LONN_VEKST_REG (DATO_OPPRETTET,OPPRETTET_AV,DATO_ENDRET,ENDRET_AV,LONNSVEKST_REG_ID,REGULERINGSBELOP,REGULERING_DATO,VERSJON) VALUES ('2020-06-30 08:57:16','srvpensjon','2020-06-30 08:57:16','srvpensjon','318527148','3638,259756174615','1978-12-31 00:00:00','0');
INSERT INTO T_LONN_VEKST_REG (DATO_OPPRETTET,OPPRETTET_AV,DATO_ENDRET,ENDRET_AV,LONNSVEKST_REG_ID,REGULERINGSBELOP,REGULERING_DATO,VERSJON) VALUES ('2020-06-30 08:57:16','srvpensjon','2020-06-30 08:57:16','srvpensjon','318527155','14283,386530058051','1985-12-31 00:00:00','0');
INSERT INTO T_LONN_VEKST_REG (DATO_OPPRETTET,OPPRETTET_AV,DATO_ENDRET,ENDRET_AV,LONNSVEKST_REG_ID,REGULERINGSBELOP,REGULERING_DATO,VERSJON) VALUES ('2020-06-30 08:57:16','srvpensjon','2020-06-30 08:57:16','srvpensjon','318527161','19318,36820247263','1991-12-31 00:00:00','0');
INSERT INTO T_LONN_VEKST_REG (DATO_OPPRETTET,OPPRETTET_AV,DATO_ENDRET,ENDRET_AV,LONNSVEKST_REG_ID,REGULERINGSBELOP,REGULERING_DATO,VERSJON) VALUES ('2020-06-30 08:57:16','srvpensjon','2020-06-30 08:57:16','srvpensjon','318527168','45136,98557402659','1998-12-31 00:00:00','0');
INSERT INTO T_LONN_VEKST_REG (DATO_OPPRETTET,OPPRETTET_AV,DATO_ENDRET,ENDRET_AV,LONNSVEKST_REG_ID,REGULERINGSBELOP,REGULERING_DATO,VERSJON) VALUES ('2020-06-30 08:57:16','srvpensjon','2020-06-30 08:57:16','srvpensjon','318527149','2533,068190842918','1979-12-31 00:00:00','0');
INSERT INTO T_LONN_VEKST_REG (DATO_OPPRETTET,OPPRETTET_AV,DATO_ENDRET,ENDRET_AV,LONNSVEKST_REG_ID,REGULERINGSBELOP,REGULERING_DATO,VERSJON) VALUES ('2020-06-30 08:57:16','srvpensjon','2020-06-30 08:57:16','srvpensjon','318527159','16659,807711946312','1989-12-31 00:00:00','0');
INSERT INTO T_LONN_VEKST_REG (DATO_OPPRETTET,OPPRETTET_AV,DATO_ENDRET,ENDRET_AV,LONNSVEKST_REG_ID,REGULERINGSBELOP,REGULERING_DATO,VERSJON) VALUES ('2020-06-30 08:57:16','srvpensjon','2020-06-30 08:57:16','srvpensjon','318527170','39596,9636634998','2000-12-31 00:00:00','0');
INSERT INTO T_LONN_VEKST_REG (DATO_OPPRETTET,OPPRETTET_AV,DATO_ENDRET,ENDRET_AV,LONNSVEKST_REG_ID,REGULERINGSBELOP,REGULERING_DATO,VERSJON) VALUES ('2020-06-30 08:57:16','srvpensjon','2020-06-30 08:57:16','srvpensjon','318527171','46843,8873607649','2001-12-31 00:00:00','0');
INSERT INTO T_LONN_VEKST_REG (DATO_OPPRETTET,OPPRETTET_AV,DATO_ENDRET,ENDRET_AV,LONNSVEKST_REG_ID,REGULERINGSBELOP,REGULERING_DATO,VERSJON) VALUES ('2020-06-30 08:57:16','srvpensjon','2020-06-30 08:57:16','srvpensjon','318527175','46390,26835767971','2005-12-31 00:00:00','0');
INSERT INTO T_LONN_VEKST_REG (DATO_OPPRETTET,OPPRETTET_AV,DATO_ENDRET,ENDRET_AV,LONNSVEKST_REG_ID,REGULERINGSBELOP,REGULERING_DATO,VERSJON) VALUES ('2020-06-30 08:57:16','srvpensjon','2020-06-30 08:57:16','srvpensjon','318527176','52425,99089796492','2006-12-31 00:00:00','0');
INSERT INTO T_LONN_VEKST_REG (DATO_OPPRETTET,OPPRETTET_AV,DATO_ENDRET,ENDRET_AV,LONNSVEKST_REG_ID,REGULERINGSBELOP,REGULERING_DATO,VERSJON) VALUES ('2020-06-30 08:57:16','srvpensjon','2020-06-30 08:57:16','srvpensjon','318527180','77441,81946793292','2010-12-31 00:00:00','0');
INSERT INTO T_LONN_VEKST_REG (DATO_OPPRETTET,OPPRETTET_AV,DATO_ENDRET,ENDRET_AV,LONNSVEKST_REG_ID,REGULERINGSBELOP,REGULERING_DATO,VERSJON) VALUES ('2020-06-30 08:57:23','srvpensjon','2020-06-30 08:57:23','srvpensjon','318527265','111420,82174888533','2018-05-01 00:00:00','0');
INSERT INTO T_LONN_VEKST_REG (DATO_OPPRETTET,OPPRETTET_AV,DATO_ENDRET,ENDRET_AV,LONNSVEKST_REG_ID,REGULERINGSBELOP,REGULERING_DATO,VERSJON) VALUES ('2020-06-30 09:43:31','z994277','2020-06-30 09:43:31','z994277','318527267','111420,82174888533','2018-05-01 00:00:00','0');
INSERT INTO T_LONN_VEKST_REG (DATO_OPPRETTET,OPPRETTET_AV,DATO_ENDRET,ENDRET_AV,LONNSVEKST_REG_ID,REGULERINGSBELOP,REGULERING_DATO,VERSJON) VALUES ('2020-06-30 08:57:16','srvpensjon','2020-06-30 08:57:16','srvpensjon','318527153','11686,41630315606','1983-12-31 00:00:00','0');
INSERT INTO T_LONN_VEKST_REG (DATO_OPPRETTET,OPPRETTET_AV,DATO_ENDRET,ENDRET_AV,LONNSVEKST_REG_ID,REGULERINGSBELOP,REGULERING_DATO,VERSJON) VALUES ('2020-06-30 08:57:16','srvpensjon','2020-06-30 08:57:16','srvpensjon','318527156','19641,025878224435','1986-12-31 00:00:00','0');
INSERT INTO T_LONN_VEKST_REG (DATO_OPPRETTET,OPPRETTET_AV,DATO_ENDRET,ENDRET_AV,LONNSVEKST_REG_ID,REGULERINGSBELOP,REGULERING_DATO,VERSJON) VALUES ('2020-06-30 08:57:16','srvpensjon','2020-06-30 08:57:16','srvpensjon','318527172','57395,49373918446','2002-12-31 00:00:00','0');
INSERT INTO T_LONN_VEKST_REG (DATO_OPPRETTET,OPPRETTET_AV,DATO_ENDRET,ENDRET_AV,LONNSVEKST_REG_ID,REGULERINGSBELOP,REGULERING_DATO,VERSJON) VALUES ('2020-06-30 08:57:19','srvpensjon','2020-06-30 08:57:19','srvpensjon','318527235','86107,61984767485','2012-05-01 00:00:00','0');
INSERT INTO T_LONN_VEKST_REG (DATO_OPPRETTET,OPPRETTET_AV,DATO_ENDRET,ENDRET_AV,LONNSVEKST_REG_ID,REGULERINGSBELOP,REGULERING_DATO,VERSJON) VALUES ('2020-06-30 08:57:20','srvpensjon','2020-06-30 08:57:20','srvpensjon','318527321','94862,13967555901','2013-05-01 00:00:00','0');
INSERT INTO T_LONN_VEKST_REG (DATO_OPPRETTET,OPPRETTET_AV,DATO_ENDRET,ENDRET_AV,LONNSVEKST_REG_ID,REGULERINGSBELOP,REGULERING_DATO,VERSJON) VALUES ('2020-06-30 08:57:22','srvpensjon','2020-06-30 08:57:22','srvpensjon','318527259','81968,56280264165','2016-05-01 00:00:00','0');
INSERT INTO T_LONN_VEKST_REG (DATO_OPPRETTET,OPPRETTET_AV,DATO_ENDRET,ENDRET_AV,LONNSVEKST_REG_ID,REGULERINGSBELOP,REGULERING_DATO,VERSJON) VALUES ('2020-06-30 08:57:16','srvpensjon','2020-06-30 08:57:16','srvpensjon','318527157','18582,597171744565','1987-12-31 00:00:00','0');
INSERT INTO T_LONN_VEKST_REG (DATO_OPPRETTET,OPPRETTET_AV,DATO_ENDRET,ENDRET_AV,LONNSVEKST_REG_ID,REGULERINGSBELOP,REGULERING_DATO,VERSJON) VALUES ('2020-06-30 08:57:16','srvpensjon','2020-06-30 08:57:16','srvpensjon','318527160','16211,652616738807','1990-12-31 00:00:00','0');
INSERT INTO T_LONN_VEKST_REG (DATO_OPPRETTET,OPPRETTET_AV,DATO_ENDRET,ENDRET_AV,LONNSVEKST_REG_ID,REGULERINGSBELOP,REGULERING_DATO,VERSJON) VALUES ('2020-06-30 08:57:16','srvpensjon','2020-06-30 08:57:16','srvpensjon','318527162','15909,245973671379','1992-12-31 00:00:00','0');
INSERT INTO T_LONN_VEKST_REG (DATO_OPPRETTET,OPPRETTET_AV,DATO_ENDRET,ENDRET_AV,LONNSVEKST_REG_ID,REGULERINGSBELOP,REGULERING_DATO,VERSJON) VALUES ('2020-06-30 08:57:16','srvpensjon','2020-06-30 08:57:16','srvpensjon','318527174','50856,26900478592','2004-12-31 00:00:00','0');
INSERT INTO T_LONN_VEKST_REG (DATO_OPPRETTET,OPPRETTET_AV,DATO_ENDRET,ENDRET_AV,LONNSVEKST_REG_ID,REGULERINGSBELOP,REGULERING_DATO,VERSJON) VALUES ('2020-06-30 08:57:16','srvpensjon','2020-06-30 08:57:16','srvpensjon','318527179','102924,50994482986','2009-12-31 00:00:00','0');
INSERT INTO T_LONN_VEKST_REG (DATO_OPPRETTET,OPPRETTET_AV,DATO_ENDRET,ENDRET_AV,LONNSVEKST_REG_ID,REGULERINGSBELOP,REGULERING_DATO,VERSJON) VALUES ('2020-06-30 08:57:18','srvpensjon','2020-06-30 08:57:18','srvpensjon','318527305','103177,28450721595','2011-05-01 00:00:00','0');
INSERT INTO T_LONN_VEKST_REG (DATO_OPPRETTET,OPPRETTET_AV,DATO_ENDRET,ENDRET_AV,LONNSVEKST_REG_ID,REGULERINGSBELOP,REGULERING_DATO,VERSJON) VALUES ('2020-06-30 08:57:22','srvpensjon','2020-06-30 08:57:22','srvpensjon','318527341','35369,96894169971','2017-05-01 00:00:00','0');
INSERT INTO T_INNTEKT_OPPTJ (VERSJON,DATO_OPPRETTET,OPPRETTET_AV,DATO_ENDRET,ENDRET_AV,INNTEKT_OPPTJ_ID,INNTEKT_ID,AR,BELOP) VALUES ('0','2020-06-30 08:57:16','srvpensjon','2020-06-30 08:57:16','srvpensjon','302386541','585527412','1987','126027');
INSERT INTO T_INNTEKT_OPPTJ (VERSJON,DATO_OPPRETTET,OPPRETTET_AV,DATO_ENDRET,ENDRET_AV,INNTEKT_OPPTJ_ID,INNTEKT_ID,AR,BELOP) VALUES ('0','2020-06-30 08:57:16','srvpensjon','2020-06-30 08:57:16','srvpensjon','302386549','585527420','1995','167280');
INSERT INTO T_INNTEKT_OPPTJ (VERSJON,DATO_OPPRETTET,OPPRETTET_AV,DATO_ENDRET,ENDRET_AV,INNTEKT_OPPTJ_ID,INNTEKT_ID,AR,BELOP) VALUES ('0','2020-06-30 08:57:16','srvpensjon','2020-06-30 08:57:16','srvpensjon','302386533','585527404','1979','65453');
INSERT INTO T_INNTEKT_OPPTJ (VERSJON,DATO_OPPRETTET,OPPRETTET_AV,DATO_ENDRET,ENDRET_AV,INNTEKT_OPPTJ_ID,INNTEKT_ID,AR,BELOP) VALUES ('0','2020-06-30 08:57:16','srvpensjon','2020-06-30 08:57:16','srvpensjon','302386535','585527406','1981','80343');
INSERT INTO T_INNTEKT_OPPTJ (VERSJON,DATO_OPPRETTET,OPPRETTET_AV,DATO_ENDRET,ENDRET_AV,INNTEKT_OPPTJ_ID,INNTEKT_ID,AR,BELOP) VALUES ('0','2020-06-30 08:57:16','srvpensjon','2020-06-30 08:57:16','srvpensjon','302386540','585527584','1986','118130');
INSERT INTO T_INNTEKT_OPPTJ (VERSJON,DATO_OPPRETTET,OPPRETTET_AV,DATO_ENDRET,ENDRET_AV,INNTEKT_OPPTJ_ID,INNTEKT_ID,AR,BELOP) VALUES ('0','2020-06-30 08:57:16','srvpensjon','2020-06-30 08:57:16','srvpensjon','302386545','585527416','1991','150856');
INSERT INTO T_INNTEKT_OPPTJ (VERSJON,DATO_OPPRETTET,OPPRETTET_AV,DATO_ENDRET,ENDRET_AV,INNTEKT_OPPTJ_ID,INNTEKT_ID,AR,BELOP) VALUES ('0','2020-06-30 08:57:16','srvpensjon','2020-06-30 08:57:16','srvpensjon','302386752','585527596','1998','191247');
INSERT INTO T_INNTEKT_OPPTJ (VERSJON,DATO_OPPRETTET,OPPRETTET_AV,DATO_ENDRET,ENDRET_AV,INNTEKT_OPPTJ_ID,INNTEKT_ID,AR,BELOP) VALUES ('0','2020-06-30 08:57:16','srvpensjon','2020-06-30 08:57:16','srvpensjon','302386754','585527598','2000','208317');
INSERT INTO T_INNTEKT_OPPTJ (VERSJON,DATO_OPPRETTET,OPPRETTET_AV,DATO_ENDRET,ENDRET_AV,INNTEKT_OPPTJ_ID,INNTEKT_ID,AR,BELOP) VALUES ('0','2020-06-30 08:57:16','srvpensjon','2020-06-30 08:57:16','srvpensjon','302386758','585527602','2004','250353');
INSERT INTO T_INNTEKT_OPPTJ (VERSJON,DATO_OPPRETTET,OPPRETTET_AV,DATO_ENDRET,ENDRET_AV,INNTEKT_OPPTJ_ID,INNTEKT_ID,AR,BELOP) VALUES ('0','2020-06-30 08:57:16','srvpensjon','2020-06-30 08:57:16','srvpensjon','302386759','585527430','2005','258621');
INSERT INTO T_INNTEKT_OPPTJ (VERSJON,DATO_OPPRETTET,OPPRETTET_AV,DATO_ENDRET,ENDRET_AV,INNTEKT_OPPTJ_ID,INNTEKT_ID,AR,BELOP) VALUES ('0','2020-06-30 08:57:16','srvpensjon','2020-06-30 08:57:16','srvpensjon','302386761','585527432','2007','282072');
INSERT INTO T_INNTEKT_OPPTJ (VERSJON,DATO_OPPRETTET,OPPRETTET_AV,DATO_ENDRET,ENDRET_AV,INNTEKT_OPPTJ_ID,INNTEKT_ID,AR,BELOP) VALUES ('0','2020-06-30 08:57:20','srvpensjon','2020-06-30 08:57:20','srvpensjon','302386562','585527436','2011','335980');
INSERT INTO T_INNTEKT_OPPTJ (VERSJON,DATO_OPPRETTET,OPPRETTET_AV,DATO_ENDRET,ENDRET_AV,INNTEKT_OPPTJ_ID,INNTEKT_ID,AR,BELOP) VALUES ('0','2020-06-30 08:57:16','srvpensjon','2020-06-30 08:57:16','srvpensjon','302386527','585527398','1973','36602');
INSERT INTO T_INNTEKT_OPPTJ (VERSJON,DATO_OPPRETTET,OPPRETTET_AV,DATO_ENDRET,ENDRET_AV,INNTEKT_OPPTJ_ID,INNTEKT_ID,AR,BELOP) VALUES ('0','2020-06-30 08:57:16','srvpensjon','2020-06-30 08:57:16','srvpensjon','302386537','585527408','1983','96168');
INSERT INTO T_INNTEKT_OPPTJ (VERSJON,DATO_OPPRETTET,OPPRETTET_AV,DATO_ENDRET,ENDRET_AV,INNTEKT_OPPTJ_ID,INNTEKT_ID,AR,BELOP) VALUES ('0','2020-06-30 08:57:16','srvpensjon','2020-06-30 08:57:16','srvpensjon','302386538','585527582','1984','101913');
INSERT INTO T_INNTEKT_OPPTJ (VERSJON,DATO_OPPRETTET,OPPRETTET_AV,DATO_ENDRET,ENDRET_AV,INNTEKT_OPPTJ_ID,INNTEKT_ID,AR,BELOP) VALUES ('0','2020-06-30 08:57:16','srvpensjon','2020-06-30 08:57:16','srvpensjon','302386757','585527428','2003','240987');
INSERT INTO T_INNTEKT_OPPTJ (VERSJON,DATO_OPPRETTET,OPPRETTET_AV,DATO_ENDRET,ENDRET_AV,INNTEKT_OPPTJ_ID,INNTEKT_ID,AR,BELOP) VALUES ('0','2020-06-30 08:57:16','srvpensjon','2020-06-30 08:57:16','srvpensjon','302386762','585527606','2008','297587');
INSERT INTO T_INNTEKT_OPPTJ (VERSJON,DATO_OPPRETTET,OPPRETTET_AV,DATO_ENDRET,ENDRET_AV,INNTEKT_OPPTJ_ID,INNTEKT_ID,AR,BELOP) VALUES ('0','2020-06-30 08:57:21','srvpensjon','2020-06-30 08:57:21','srvpensjon','302386805','585527610','2012','349454');
INSERT INTO T_INNTEKT_OPPTJ (VERSJON,DATO_OPPRETTET,OPPRETTET_AV,DATO_ENDRET,ENDRET_AV,INNTEKT_OPPTJ_ID,INNTEKT_ID,AR,BELOP) VALUES ('0','2020-06-30 08:57:22','srvpensjon','2020-06-30 08:57:22','srvpensjon','302386810','585527612','2014','376044');
INSERT INTO T_INNTEKT_OPPTJ (VERSJON,DATO_OPPRETTET,OPPRETTET_AV,DATO_ENDRET,ENDRET_AV,INNTEKT_OPPTJ_ID,INNTEKT_ID,AR,BELOP) VALUES ('0','2020-06-30 08:57:18','srvpensjon','2020-06-30 08:57:18','srvpensjon','302386557','585527434','2009','310066');
INSERT INTO T_INNTEKT_OPPTJ (VERSJON,DATO_OPPRETTET,OPPRETTET_AV,DATO_ENDRET,ENDRET_AV,INNTEKT_OPPTJ_ID,INNTEKT_ID,AR,BELOP) VALUES ('0','2020-06-30 08:57:18','srvpensjon','2020-06-30 08:57:18','srvpensjon','302386558','585527434','2009','310066');
INSERT INTO T_INNTEKT_OPPTJ (VERSJON,DATO_OPPRETTET,OPPRETTET_AV,DATO_ENDRET,ENDRET_AV,INNTEKT_OPPTJ_ID,INNTEKT_ID,AR,BELOP) VALUES ('0','2020-06-30 08:57:16','srvpensjon','2020-06-30 08:57:16','srvpensjon','302386751','585527422','1997','180857');
INSERT INTO T_INNTEKT_OPPTJ (VERSJON,DATO_OPPRETTET,OPPRETTET_AV,DATO_ENDRET,ENDRET_AV,INNTEKT_OPPTJ_ID,INNTEKT_ID,AR,BELOP) VALUES ('0','2020-06-30 08:57:16','srvpensjon','2020-06-30 08:57:16','srvpensjon','302386753','585527424','1999','199903');
INSERT INTO T_INNTEKT_OPPTJ (VERSJON,DATO_OPPRETTET,OPPRETTET_AV,DATO_ENDRET,ENDRET_AV,INNTEKT_OPPTJ_ID,INNTEKT_ID,AR,BELOP) VALUES ('0','2020-06-30 08:57:19','srvpensjon','2020-06-30 08:57:19','srvpensjon','302386801','585527608','2010','321757');
INSERT INTO T_INNTEKT_OPPTJ (VERSJON,DATO_OPPRETTET,OPPRETTET_AV,DATO_ENDRET,ENDRET_AV,INNTEKT_OPPTJ_ID,INNTEKT_ID,AR,BELOP) VALUES ('0','2020-06-30 08:57:22','srvpensjon','2020-06-30 08:57:22','srvpensjon','302386570','585527440','2015','385406');
INSERT INTO T_INNTEKT_OPPTJ (VERSJON,DATO_OPPRETTET,OPPRETTET_AV,DATO_ENDRET,ENDRET_AV,INNTEKT_OPPTJ_ID,INNTEKT_ID,AR,BELOP) VALUES ('0','2020-06-30 08:57:16','srvpensjon','2020-06-30 08:57:16','srvpensjon','302386532','585527576','1978','62654');
INSERT INTO T_INNTEKT_OPPTJ (VERSJON,DATO_OPPRETTET,OPPRETTET_AV,DATO_ENDRET,ENDRET_AV,INNTEKT_OPPTJ_ID,INNTEKT_ID,AR,BELOP) VALUES ('0','2020-06-30 08:57:16','srvpensjon','2020-06-30 08:57:16','srvpensjon','302386536','585527580','1982','88994');
INSERT INTO T_INNTEKT_OPPTJ (VERSJON,DATO_OPPRETTET,OPPRETTET_AV,DATO_ENDRET,ENDRET_AV,INNTEKT_OPPTJ_ID,INNTEKT_ID,AR,BELOP) VALUES ('0','2020-06-30 08:57:16','srvpensjon','2020-06-30 08:57:16','srvpensjon','302386539','585527410','1985','109087');
INSERT INTO T_INNTEKT_OPPTJ (VERSJON,DATO_OPPRETTET,OPPRETTET_AV,DATO_ENDRET,ENDRET_AV,INNTEKT_OPPTJ_ID,INNTEKT_ID,AR,BELOP) VALUES ('0','2020-06-30 08:57:16','srvpensjon','2020-06-30 08:57:16','srvpensjon','302386546','585527590','1992','155739');
INSERT INTO T_INNTEKT_OPPTJ (VERSJON,DATO_OPPRETTET,OPPRETTET_AV,DATO_ENDRET,ENDRET_AV,INNTEKT_OPPTJ_ID,INNTEKT_ID,AR,BELOP) VALUES ('0','2020-06-30 08:57:16','srvpensjon','2020-06-30 08:57:16','srvpensjon','302386548','585527592','1994','162857');
INSERT INTO T_INNTEKT_OPPTJ (VERSJON,DATO_OPPRETTET,OPPRETTET_AV,DATO_ENDRET,ENDRET_AV,INNTEKT_OPPTJ_ID,INNTEKT_ID,AR,BELOP) VALUES ('0','2020-06-30 08:57:16','srvpensjon','2020-06-30 08:57:16','srvpensjon','302386756','585527600','2002','229227');
INSERT INTO T_INNTEKT_OPPTJ (VERSJON,DATO_OPPRETTET,OPPRETTET_AV,DATO_ENDRET,ENDRET_AV,INNTEKT_OPPTJ_ID,INNTEKT_ID,AR,BELOP) VALUES ('0','2020-06-30 08:57:16','srvpensjon','2020-06-30 08:57:16','srvpensjon','302386760','585527604','2006','267672');
INSERT INTO T_INNTEKT_OPPTJ (VERSJON,DATO_OPPRETTET,OPPRETTET_AV,DATO_ENDRET,ENDRET_AV,INNTEKT_OPPTJ_ID,INNTEKT_ID,AR,BELOP) VALUES ('0','2020-06-30 08:57:23','srvpensjon','2020-06-30 08:57:23','srvpensjon','302386813','585527614','2016','395043');
INSERT INTO T_INNTEKT_OPPTJ (VERSJON,DATO_OPPRETTET,OPPRETTET_AV,DATO_ENDRET,ENDRET_AV,INNTEKT_OPPTJ_ID,INNTEKT_ID,AR,BELOP) VALUES ('0','2020-06-30 08:57:23','srvpensjon','2020-06-30 08:57:23','srvpensjon','302386814','585527614','2016','395043');
INSERT INTO T_INNTEKT_OPPTJ (VERSJON,DATO_OPPRETTET,OPPRETTET_AV,DATO_ENDRET,ENDRET_AV,INNTEKT_OPPTJ_ID,INNTEKT_ID,AR,BELOP) VALUES ('0','2020-06-30 08:57:21','srvpensjon','2020-06-30 08:57:21','srvpensjon','302386565','585527438','2013','362592');
INSERT INTO T_INNTEKT_OPPTJ (VERSJON,DATO_OPPRETTET,OPPRETTET_AV,DATO_ENDRET,ENDRET_AV,INNTEKT_OPPTJ_ID,INNTEKT_ID,AR,BELOP) VALUES ('0','2020-06-30 08:57:21','srvpensjon','2020-06-30 08:57:21','srvpensjon','302386566','585527438','2013','362592');
INSERT INTO T_INNTEKT_OPPTJ (VERSJON,DATO_OPPRETTET,OPPRETTET_AV,DATO_ENDRET,ENDRET_AV,INNTEKT_OPPTJ_ID,INNTEKT_ID,AR,BELOP) VALUES ('0','2020-06-30 08:57:16','srvpensjon','2020-06-30 08:57:16','srvpensjon','302386763','585527606','2008','297587');
INSERT INTO T_INNTEKT_OPPTJ (VERSJON,DATO_OPPRETTET,OPPRETTET_AV,DATO_ENDRET,ENDRET_AV,INNTEKT_OPPTJ_ID,INNTEKT_ID,AR,BELOP) VALUES ('0','2020-06-30 08:57:21','srvpensjon','2020-06-30 08:57:21','srvpensjon','302386806','585527610','2012','349454');
INSERT INTO T_INNTEKT_OPPTJ (VERSJON,DATO_OPPRETTET,OPPRETTET_AV,DATO_ENDRET,ENDRET_AV,INNTEKT_OPPTJ_ID,INNTEKT_ID,AR,BELOP) VALUES ('0','2020-06-30 08:57:16','srvpensjon','2020-06-30 08:57:16','srvpensjon','302386528','585527572','1974','41050');
INSERT INTO T_INNTEKT_OPPTJ (VERSJON,DATO_OPPRETTET,OPPRETTET_AV,DATO_ENDRET,ENDRET_AV,INNTEKT_OPPTJ_ID,INNTEKT_ID,AR,BELOP) VALUES ('0','2020-06-30 08:57:16','srvpensjon','2020-06-30 08:57:16','srvpensjon','302386542','585527586','1988','132844');
INSERT INTO T_INNTEKT_OPPTJ (VERSJON,DATO_OPPRETTET,OPPRETTET_AV,DATO_ENDRET,ENDRET_AV,INNTEKT_OPPTJ_ID,INNTEKT_ID,AR,BELOP) VALUES ('0','2020-06-30 08:57:16','srvpensjon','2020-06-30 08:57:16','srvpensjon','302386543','585527414','1989','138980');
INSERT INTO T_INNTEKT_OPPTJ (VERSJON,DATO_OPPRETTET,OPPRETTET_AV,DATO_ENDRET,ENDRET_AV,INNTEKT_OPPTJ_ID,INNTEKT_ID,AR,BELOP) VALUES ('0','2020-06-30 08:57:16','srvpensjon','2020-06-30 08:57:16','srvpensjon','302386544','585527588','1990','144578');
INSERT INTO T_INNTEKT_OPPTJ (VERSJON,DATO_OPPRETTET,OPPRETTET_AV,DATO_ENDRET,ENDRET_AV,INNTEKT_OPPTJ_ID,INNTEKT_ID,AR,BELOP) VALUES ('0','2020-06-30 08:57:16','srvpensjon','2020-06-30 08:57:16','srvpensjon','302386755','585527426','2001','217902');
INSERT INTO T_INNTEKT_OPPTJ (VERSJON,DATO_OPPRETTET,OPPRETTET_AV,DATO_ENDRET,ENDRET_AV,INNTEKT_OPPTJ_ID,INNTEKT_ID,AR,BELOP) VALUES ('0','2020-06-30 08:57:20','srvpensjon','2020-06-30 08:57:20','srvpensjon','302386561','585527436','2011','335980');
INSERT INTO T_INNTEKT_OPPTJ (VERSJON,DATO_OPPRETTET,OPPRETTET_AV,DATO_ENDRET,ENDRET_AV,INNTEKT_OPPTJ_ID,INNTEKT_ID,AR,BELOP) VALUES ('0','2020-06-30 08:57:16','srvpensjon','2020-06-30 08:57:16','srvpensjon','302386529','585527400','1975','46506');
INSERT INTO T_INNTEKT_OPPTJ (VERSJON,DATO_OPPRETTET,OPPRETTET_AV,DATO_ENDRET,ENDRET_AV,INNTEKT_OPPTJ_ID,INNTEKT_ID,AR,BELOP) VALUES ('0','2020-06-30 08:57:16','srvpensjon','2020-06-30 08:57:16','srvpensjon','302386530','585527574','1976','51673');
INSERT INTO T_INNTEKT_OPPTJ (VERSJON,DATO_OPPRETTET,OPPRETTET_AV,DATO_ENDRET,ENDRET_AV,INNTEKT_OPPTJ_ID,INNTEKT_ID,AR,BELOP) VALUES ('0','2020-06-30 08:57:16','srvpensjon','2020-06-30 08:57:16','srvpensjon','302386531','585527402','1977','57629');
INSERT INTO T_INNTEKT_OPPTJ (VERSJON,DATO_OPPRETTET,OPPRETTET_AV,DATO_ENDRET,ENDRET_AV,INNTEKT_OPPTJ_ID,INNTEKT_ID,AR,BELOP) VALUES ('0','2020-06-30 08:57:16','srvpensjon','2020-06-30 08:57:16','srvpensjon','302386534','585527578','1980','71624');
INSERT INTO T_INNTEKT_OPPTJ (VERSJON,DATO_OPPRETTET,OPPRETTET_AV,DATO_ENDRET,ENDRET_AV,INNTEKT_OPPTJ_ID,INNTEKT_ID,AR,BELOP) VALUES ('0','2020-06-30 08:57:16','srvpensjon','2020-06-30 08:57:16','srvpensjon','302386547','585527418','1993','159468');
INSERT INTO T_INNTEKT_OPPTJ (VERSJON,DATO_OPPRETTET,OPPRETTET_AV,DATO_ENDRET,ENDRET_AV,INNTEKT_OPPTJ_ID,INNTEKT_ID,AR,BELOP) VALUES ('0','2020-06-30 08:57:16','srvpensjon','2020-06-30 08:57:16','srvpensjon','302386550','585527594','1996','174010');
INSERT INTO T_INNTEKT_OPPTJ (VERSJON,DATO_OPPRETTET,OPPRETTET_AV,DATO_ENDRET,ENDRET_AV,INNTEKT_OPPTJ_ID,INNTEKT_ID,AR,BELOP) VALUES ('0','2020-06-30 08:57:19','srvpensjon','2020-06-30 08:57:19','srvpensjon','302386802','585527608','2010','321757');
INSERT INTO T_INNTEKT_OPPTJ (VERSJON,DATO_OPPRETTET,OPPRETTET_AV,DATO_ENDRET,ENDRET_AV,INNTEKT_OPPTJ_ID,INNTEKT_ID,AR,BELOP) VALUES ('0','2020-06-30 08:57:22','srvpensjon','2020-06-30 08:57:22','srvpensjon','302386809','585527612','2014','376044');
INSERT INTO T_INNTEKT_OPPTJ (VERSJON,DATO_OPPRETTET,OPPRETTET_AV,DATO_ENDRET,ENDRET_AV,INNTEKT_OPPTJ_ID,INNTEKT_ID,AR,BELOP) VALUES ('0','2020-06-30 08:57:22','srvpensjon','2020-06-30 08:57:22','srvpensjon','302386569','585527440','2015','385406');
INSERT INTO T_ENDR_OPPTJN_GRL (ENDR_OPPTJN_GRL_ID,OPPTJN_AR,NY_GRL_ID,UGYLDIG_GRL_ID,STATUS,K_GRUNNLAG_T,PERSON_ID,VERSJON,DATO_OPPRETTET,OPPRETTET_AV,DATO_ENDRET,ENDRET_AV) VALUES ('232587398','1993','585527418',null,null,'INNTEKT','22468586','0','2020-06-30 08:56:55','srvpensjon','2020-06-30 08:56:55','srvpensjon');
INSERT INTO T_ENDR_OPPTJN_GRL (ENDR_OPPTJN_GRL_ID,OPPTJN_AR,NY_GRL_ID,UGYLDIG_GRL_ID,STATUS,K_GRUNNLAG_T,PERSON_ID,VERSJON,DATO_OPPRETTET,OPPRETTET_AV,DATO_ENDRET,ENDRET_AV) VALUES ('232587418','2013','585527438',null,null,'INNTEKT','22468586','0','2020-06-30 08:57:21','srvpensjon','2020-06-30 08:57:21','srvpensjon');
INSERT INTO T_ENDR_OPPTJN_GRL (ENDR_OPPTJN_GRL_ID,OPPTJN_AR,NY_GRL_ID,UGYLDIG_GRL_ID,STATUS,K_GRUNNLAG_T,PERSON_ID,VERSJON,DATO_OPPRETTET,OPPRETTET_AV,DATO_ENDRET,ENDRET_AV) VALUES ('232587568','1980','585527578',null,null,'INNTEKT','22468586','0','2020-06-30 08:56:33','srvpensjon','2020-06-30 08:56:33','srvpensjon');
INSERT INTO T_ENDR_OPPTJN_GRL (ENDR_OPPTJN_GRL_ID,OPPTJN_AR,NY_GRL_ID,UGYLDIG_GRL_ID,STATUS,K_GRUNNLAG_T,PERSON_ID,VERSJON,DATO_OPPRETTET,OPPRETTET_AV,DATO_ENDRET,ENDRET_AV) VALUES ('232587606','2018','585527616',null,null,'INNTEKT','22468586','0','2020-06-30 08:57:23','srvpensjon','2020-06-30 08:57:23','srvpensjon');
INSERT INTO T_ENDR_OPPTJN_GRL (ENDR_OPPTJN_GRL_ID,OPPTJN_AR,NY_GRL_ID,UGYLDIG_GRL_ID,STATUS,K_GRUNNLAG_T,PERSON_ID,VERSJON,DATO_OPPRETTET,OPPRETTET_AV,DATO_ENDRET,ENDRET_AV) VALUES ('232587406','2001','585527426',null,null,'INNTEKT','22468586','0','2020-06-30 08:57:06','srvpensjon','2020-06-30 08:57:06','srvpensjon');
INSERT INTO T_ENDR_OPPTJN_GRL (ENDR_OPPTJN_GRL_ID,OPPTJN_AR,NY_GRL_ID,UGYLDIG_GRL_ID,STATUS,K_GRUNNLAG_T,PERSON_ID,VERSJON,DATO_OPPRETTET,OPPRETTET_AV,DATO_ENDRET,ENDRET_AV) VALUES ('232587408','2003','585527428',null,null,'INNTEKT','22468586','0','2020-06-30 08:57:09','srvpensjon','2020-06-30 08:57:09','srvpensjon');
INSERT INTO T_ENDR_OPPTJN_GRL (ENDR_OPPTJN_GRL_ID,OPPTJN_AR,NY_GRL_ID,UGYLDIG_GRL_ID,STATUS,K_GRUNNLAG_T,PERSON_ID,VERSJON,DATO_OPPRETTET,OPPRETTET_AV,DATO_ENDRET,ENDRET_AV) VALUES ('232587564','1976','585527574',null,null,'INNTEKT','22468586','0','2020-06-30 08:56:26','srvpensjon','2020-06-30 08:56:26','srvpensjon');
INSERT INTO T_ENDR_OPPTJN_GRL (ENDR_OPPTJN_GRL_ID,OPPTJN_AR,NY_GRL_ID,UGYLDIG_GRL_ID,STATUS,K_GRUNNLAG_T,PERSON_ID,VERSJON,DATO_OPPRETTET,OPPRETTET_AV,DATO_ENDRET,ENDRET_AV) VALUES ('232587574','1986','585527584',null,null,'INNTEKT','22468586','0','2020-06-30 08:56:43','srvpensjon','2020-06-30 08:56:43','srvpensjon');
INSERT INTO T_ENDR_OPPTJN_GRL (ENDR_OPPTJN_GRL_ID,OPPTJN_AR,NY_GRL_ID,UGYLDIG_GRL_ID,STATUS,K_GRUNNLAG_T,PERSON_ID,VERSJON,DATO_OPPRETTET,OPPRETTET_AV,DATO_ENDRET,ENDRET_AV) VALUES ('232587578','1990','585527588',null,null,'INNTEKT','22468586','0','2020-06-30 08:56:50','srvpensjon','2020-06-30 08:56:50','srvpensjon');
INSERT INTO T_ENDR_OPPTJN_GRL (ENDR_OPPTJN_GRL_ID,OPPTJN_AR,NY_GRL_ID,UGYLDIG_GRL_ID,STATUS,K_GRUNNLAG_T,PERSON_ID,VERSJON,DATO_OPPRETTET,OPPRETTET_AV,DATO_ENDRET,ENDRET_AV) VALUES ('232587590','2002','585527600',null,null,'INNTEKT','22468586','0','2020-06-30 08:57:08','srvpensjon','2020-06-30 08:57:08','srvpensjon');
INSERT INTO T_ENDR_OPPTJN_GRL (ENDR_OPPTJN_GRL_ID,OPPTJN_AR,NY_GRL_ID,UGYLDIG_GRL_ID,STATUS,K_GRUNNLAG_T,PERSON_ID,VERSJON,DATO_OPPRETTET,OPPRETTET_AV,DATO_ENDRET,ENDRET_AV) VALUES ('232586676','2019','585527444',null,null,'INNTEKT','22468586','1','2020-06-29 16:15:09','srvpensjon','2020-06-30 08:57:24','srvpensjon');
INSERT INTO T_ENDR_OPPTJN_GRL (ENDR_OPPTJN_GRL_ID,OPPTJN_AR,NY_GRL_ID,UGYLDIG_GRL_ID,STATUS,K_GRUNNLAG_T,PERSON_ID,VERSJON,DATO_OPPRETTET,OPPRETTET_AV,DATO_ENDRET,ENDRET_AV) VALUES ('232587382','1977','585527402',null,null,'INNTEKT','22468586','0','2020-06-30 08:56:28','srvpensjon','2020-06-30 08:56:28','srvpensjon');
INSERT INTO T_ENDR_OPPTJN_GRL (ENDR_OPPTJN_GRL_ID,OPPTJN_AR,NY_GRL_ID,UGYLDIG_GRL_ID,STATUS,K_GRUNNLAG_T,PERSON_ID,VERSJON,DATO_OPPRETTET,OPPRETTET_AV,DATO_ENDRET,ENDRET_AV) VALUES ('232587396','1991','585527416',null,null,'INNTEKT','22468586','0','2020-06-30 08:56:52','srvpensjon','2020-06-30 08:56:52','srvpensjon');
INSERT INTO T_ENDR_OPPTJN_GRL (ENDR_OPPTJN_GRL_ID,OPPTJN_AR,NY_GRL_ID,UGYLDIG_GRL_ID,STATUS,K_GRUNNLAG_T,PERSON_ID,VERSJON,DATO_OPPRETTET,OPPRETTET_AV,DATO_ENDRET,ENDRET_AV) VALUES ('232587570','1982','585527580',null,null,'INNTEKT','22468586','0','2020-06-30 08:56:37','srvpensjon','2020-06-30 08:56:37','srvpensjon');
INSERT INTO T_ENDR_OPPTJN_GRL (ENDR_OPPTJN_GRL_ID,OPPTJN_AR,NY_GRL_ID,UGYLDIG_GRL_ID,STATUS,K_GRUNNLAG_T,PERSON_ID,VERSJON,DATO_OPPRETTET,OPPRETTET_AV,DATO_ENDRET,ENDRET_AV) VALUES ('232587576','1988','585527586',null,null,'INNTEKT','22468586','0','2020-06-30 08:56:47','srvpensjon','2020-06-30 08:56:47','srvpensjon');
INSERT INTO T_ENDR_OPPTJN_GRL (ENDR_OPPTJN_GRL_ID,OPPTJN_AR,NY_GRL_ID,UGYLDIG_GRL_ID,STATUS,K_GRUNNLAG_T,PERSON_ID,VERSJON,DATO_OPPRETTET,OPPRETTET_AV,DATO_ENDRET,ENDRET_AV) VALUES ('232587580','1992','585527590',null,null,'INNTEKT','22468586','0','2020-06-30 08:56:53','srvpensjon','2020-06-30 08:56:53','srvpensjon');
INSERT INTO T_ENDR_OPPTJN_GRL (ENDR_OPPTJN_GRL_ID,OPPTJN_AR,NY_GRL_ID,UGYLDIG_GRL_ID,STATUS,K_GRUNNLAG_T,PERSON_ID,VERSJON,DATO_OPPRETTET,OPPRETTET_AV,DATO_ENDRET,ENDRET_AV) VALUES ('232587586','1998','585527596',null,null,'INNTEKT','22468586','0','2020-06-30 08:57:02','srvpensjon','2020-06-30 08:57:02','srvpensjon');
INSERT INTO T_ENDR_OPPTJN_GRL (ENDR_OPPTJN_GRL_ID,OPPTJN_AR,NY_GRL_ID,UGYLDIG_GRL_ID,STATUS,K_GRUNNLAG_T,PERSON_ID,VERSJON,DATO_OPPRETTET,OPPRETTET_AV,DATO_ENDRET,ENDRET_AV) VALUES ('232587600','2012','585527610',null,null,'INNTEKT','22468586','0','2020-06-30 08:57:21','srvpensjon','2020-06-30 08:57:21','srvpensjon');
INSERT INTO T_ENDR_OPPTJN_GRL (ENDR_OPPTJN_GRL_ID,OPPTJN_AR,NY_GRL_ID,UGYLDIG_GRL_ID,STATUS,K_GRUNNLAG_T,PERSON_ID,VERSJON,DATO_OPPRETTET,OPPRETTET_AV,DATO_ENDRET,ENDRET_AV) VALUES ('232587390','1985','585527410',null,null,'INNTEKT','22468586','0','2020-06-30 08:56:41','srvpensjon','2020-06-30 08:56:41','srvpensjon');
INSERT INTO T_ENDR_OPPTJN_GRL (ENDR_OPPTJN_GRL_ID,OPPTJN_AR,NY_GRL_ID,UGYLDIG_GRL_ID,STATUS,K_GRUNNLAG_T,PERSON_ID,VERSJON,DATO_OPPRETTET,OPPRETTET_AV,DATO_ENDRET,ENDRET_AV) VALUES ('232587412','2007','585527432',null,null,'INNTEKT','22468586','0','2020-06-30 08:57:15','srvpensjon','2020-06-30 08:57:15','srvpensjon');
INSERT INTO T_ENDR_OPPTJN_GRL (ENDR_OPPTJN_GRL_ID,OPPTJN_AR,NY_GRL_ID,UGYLDIG_GRL_ID,STATUS,K_GRUNNLAG_T,PERSON_ID,VERSJON,DATO_OPPRETTET,OPPRETTET_AV,DATO_ENDRET,ENDRET_AV) VALUES ('232587422','2017','585527442',null,null,'INNTEKT','22468586','0','2020-06-30 08:57:23','srvpensjon','2020-06-30 08:57:23','srvpensjon');
INSERT INTO T_ENDR_OPPTJN_GRL (ENDR_OPPTJN_GRL_ID,OPPTJN_AR,NY_GRL_ID,UGYLDIG_GRL_ID,STATUS,K_GRUNNLAG_T,PERSON_ID,VERSJON,DATO_OPPRETTET,OPPRETTET_AV,DATO_ENDRET,ENDRET_AV) VALUES ('232587566','1978','585527576',null,null,'INNTEKT','22468586','0','2020-06-30 08:56:29','srvpensjon','2020-06-30 08:56:29','srvpensjon');
INSERT INTO T_ENDR_OPPTJN_GRL (ENDR_OPPTJN_GRL_ID,OPPTJN_AR,NY_GRL_ID,UGYLDIG_GRL_ID,STATUS,K_GRUNNLAG_T,PERSON_ID,VERSJON,DATO_OPPRETTET,OPPRETTET_AV,DATO_ENDRET,ENDRET_AV) VALUES ('232587400','1995','585527420',null,null,'INNTEKT','22468586','0','2020-06-30 08:56:58','srvpensjon','2020-06-30 08:56:58','srvpensjon');
INSERT INTO T_ENDR_OPPTJN_GRL (ENDR_OPPTJN_GRL_ID,OPPTJN_AR,NY_GRL_ID,UGYLDIG_GRL_ID,STATUS,K_GRUNNLAG_T,PERSON_ID,VERSJON,DATO_OPPRETTET,OPPRETTET_AV,DATO_ENDRET,ENDRET_AV) VALUES ('232587414','2009','585527434',null,null,'INNTEKT','22468586','0','2020-06-30 08:57:18','srvpensjon','2020-06-30 08:57:18','srvpensjon');
INSERT INTO T_ENDR_OPPTJN_GRL (ENDR_OPPTJN_GRL_ID,OPPTJN_AR,NY_GRL_ID,UGYLDIG_GRL_ID,STATUS,K_GRUNNLAG_T,PERSON_ID,VERSJON,DATO_OPPRETTET,OPPRETTET_AV,DATO_ENDRET,ENDRET_AV) VALUES ('232587416','2011','585527436',null,null,'INNTEKT','22468586','0','2020-06-30 08:57:20','srvpensjon','2020-06-30 08:57:20','srvpensjon');
INSERT INTO T_ENDR_OPPTJN_GRL (ENDR_OPPTJN_GRL_ID,OPPTJN_AR,NY_GRL_ID,UGYLDIG_GRL_ID,STATUS,K_GRUNNLAG_T,PERSON_ID,VERSJON,DATO_OPPRETTET,OPPRETTET_AV,DATO_ENDRET,ENDRET_AV) VALUES ('232587420','2015','585527440',null,null,'INNTEKT','22468586','0','2020-06-30 08:57:22','srvpensjon','2020-06-30 08:57:22','srvpensjon');
INSERT INTO T_ENDR_OPPTJN_GRL (ENDR_OPPTJN_GRL_ID,OPPTJN_AR,NY_GRL_ID,UGYLDIG_GRL_ID,STATUS,K_GRUNNLAG_T,PERSON_ID,VERSJON,DATO_OPPRETTET,OPPRETTET_AV,DATO_ENDRET,ENDRET_AV) VALUES ('232587584','1996','585527594',null,null,'INNTEKT','22468586','0','2020-06-30 08:56:59','srvpensjon','2020-06-30 08:56:59','srvpensjon');
INSERT INTO T_ENDR_OPPTJN_GRL (ENDR_OPPTJN_GRL_ID,OPPTJN_AR,NY_GRL_ID,UGYLDIG_GRL_ID,STATUS,K_GRUNNLAG_T,PERSON_ID,VERSJON,DATO_OPPRETTET,OPPRETTET_AV,DATO_ENDRET,ENDRET_AV) VALUES ('232587588','2000','585527598',null,null,'INNTEKT','22468586','0','2020-06-30 08:57:05','srvpensjon','2020-06-30 08:57:05','srvpensjon');
INSERT INTO T_ENDR_OPPTJN_GRL (ENDR_OPPTJN_GRL_ID,OPPTJN_AR,NY_GRL_ID,UGYLDIG_GRL_ID,STATUS,K_GRUNNLAG_T,PERSON_ID,VERSJON,DATO_OPPRETTET,OPPRETTET_AV,DATO_ENDRET,ENDRET_AV) VALUES ('232587592','2004','585527602',null,null,'INNTEKT','22468586','0','2020-06-30 08:57:10','srvpensjon','2020-06-30 08:57:10','srvpensjon');
INSERT INTO T_ENDR_OPPTJN_GRL (ENDR_OPPTJN_GRL_ID,OPPTJN_AR,NY_GRL_ID,UGYLDIG_GRL_ID,STATUS,K_GRUNNLAG_T,PERSON_ID,VERSJON,DATO_OPPRETTET,OPPRETTET_AV,DATO_ENDRET,ENDRET_AV) VALUES ('232587386','1981','585527406',null,null,'INNTEKT','22468586','0','2020-06-30 08:56:35','srvpensjon','2020-06-30 08:56:35','srvpensjon');
INSERT INTO T_ENDR_OPPTJN_GRL (ENDR_OPPTJN_GRL_ID,OPPTJN_AR,NY_GRL_ID,UGYLDIG_GRL_ID,STATUS,K_GRUNNLAG_T,PERSON_ID,VERSJON,DATO_OPPRETTET,OPPRETTET_AV,DATO_ENDRET,ENDRET_AV) VALUES ('232587562','1974','585527572',null,null,'INNTEKT','22468586','0','2020-06-30 08:56:23','srvpensjon','2020-06-30 08:56:23','srvpensjon');
INSERT INTO T_ENDR_OPPTJN_GRL (ENDR_OPPTJN_GRL_ID,OPPTJN_AR,NY_GRL_ID,UGYLDIG_GRL_ID,STATUS,K_GRUNNLAG_T,PERSON_ID,VERSJON,DATO_OPPRETTET,OPPRETTET_AV,DATO_ENDRET,ENDRET_AV) VALUES ('232587572','1984','585527582',null,null,'INNTEKT','22468586','0','2020-06-30 08:56:40','srvpensjon','2020-06-30 08:56:40','srvpensjon');
INSERT INTO T_ENDR_OPPTJN_GRL (ENDR_OPPTJN_GRL_ID,OPPTJN_AR,NY_GRL_ID,UGYLDIG_GRL_ID,STATUS,K_GRUNNLAG_T,PERSON_ID,VERSJON,DATO_OPPRETTET,OPPRETTET_AV,DATO_ENDRET,ENDRET_AV) VALUES ('232587596','2008','585527606',null,null,'INNTEKT','22468586','0','2020-06-30 08:57:16','srvpensjon','2020-06-30 08:57:16','srvpensjon');
INSERT INTO T_ENDR_OPPTJN_GRL (ENDR_OPPTJN_GRL_ID,OPPTJN_AR,NY_GRL_ID,UGYLDIG_GRL_ID,STATUS,K_GRUNNLAG_T,PERSON_ID,VERSJON,DATO_OPPRETTET,OPPRETTET_AV,DATO_ENDRET,ENDRET_AV) VALUES ('232587378','1973','585527398',null,null,'INNTEKT','22468586','0','2020-06-30 08:56:20','srvpensjon','2020-06-30 08:56:20','srvpensjon');
INSERT INTO T_ENDR_OPPTJN_GRL (ENDR_OPPTJN_GRL_ID,OPPTJN_AR,NY_GRL_ID,UGYLDIG_GRL_ID,STATUS,K_GRUNNLAG_T,PERSON_ID,VERSJON,DATO_OPPRETTET,OPPRETTET_AV,DATO_ENDRET,ENDRET_AV) VALUES ('232587384','1979','585527404',null,null,'INNTEKT','22468586','0','2020-06-30 08:56:31','srvpensjon','2020-06-30 08:56:31','srvpensjon');
INSERT INTO T_ENDR_OPPTJN_GRL (ENDR_OPPTJN_GRL_ID,OPPTJN_AR,NY_GRL_ID,UGYLDIG_GRL_ID,STATUS,K_GRUNNLAG_T,PERSON_ID,VERSJON,DATO_OPPRETTET,OPPRETTET_AV,DATO_ENDRET,ENDRET_AV) VALUES ('232587388','1983','585527408',null,null,'INNTEKT','22468586','0','2020-06-30 08:56:38','srvpensjon','2020-06-30 08:56:38','srvpensjon');
INSERT INTO T_ENDR_OPPTJN_GRL (ENDR_OPPTJN_GRL_ID,OPPTJN_AR,NY_GRL_ID,UGYLDIG_GRL_ID,STATUS,K_GRUNNLAG_T,PERSON_ID,VERSJON,DATO_OPPRETTET,OPPRETTET_AV,DATO_ENDRET,ENDRET_AV) VALUES ('232587402','1997','585527422',null,null,'INNTEKT','22468586','0','2020-06-30 08:57:01','srvpensjon','2020-06-30 08:57:01','srvpensjon');
INSERT INTO T_ENDR_OPPTJN_GRL (ENDR_OPPTJN_GRL_ID,OPPTJN_AR,NY_GRL_ID,UGYLDIG_GRL_ID,STATUS,K_GRUNNLAG_T,PERSON_ID,VERSJON,DATO_OPPRETTET,OPPRETTET_AV,DATO_ENDRET,ENDRET_AV) VALUES ('232587404','1999','585527424',null,null,'INNTEKT','22468586','0','2020-06-30 08:57:03','srvpensjon','2020-06-30 08:57:03','srvpensjon');
INSERT INTO T_ENDR_OPPTJN_GRL (ENDR_OPPTJN_GRL_ID,OPPTJN_AR,NY_GRL_ID,UGYLDIG_GRL_ID,STATUS,K_GRUNNLAG_T,PERSON_ID,VERSJON,DATO_OPPRETTET,OPPRETTET_AV,DATO_ENDRET,ENDRET_AV) VALUES ('232587582','1994','585527592',null,null,'INNTEKT','22468586','0','2020-06-30 08:56:56','srvpensjon','2020-06-30 08:56:56','srvpensjon');
INSERT INTO T_ENDR_OPPTJN_GRL (ENDR_OPPTJN_GRL_ID,OPPTJN_AR,NY_GRL_ID,UGYLDIG_GRL_ID,STATUS,K_GRUNNLAG_T,PERSON_ID,VERSJON,DATO_OPPRETTET,OPPRETTET_AV,DATO_ENDRET,ENDRET_AV) VALUES ('232587594','2006','585527604',null,null,'INNTEKT','22468586','0','2020-06-30 08:57:13','srvpensjon','2020-06-30 08:57:13','srvpensjon');
INSERT INTO T_ENDR_OPPTJN_GRL (ENDR_OPPTJN_GRL_ID,OPPTJN_AR,NY_GRL_ID,UGYLDIG_GRL_ID,STATUS,K_GRUNNLAG_T,PERSON_ID,VERSJON,DATO_OPPRETTET,OPPRETTET_AV,DATO_ENDRET,ENDRET_AV) VALUES ('232587598','2010','585527608',null,null,'INNTEKT','22468586','0','2020-06-30 08:57:19','srvpensjon','2020-06-30 08:57:19','srvpensjon');
INSERT INTO T_ENDR_OPPTJN_GRL (ENDR_OPPTJN_GRL_ID,OPPTJN_AR,NY_GRL_ID,UGYLDIG_GRL_ID,STATUS,K_GRUNNLAG_T,PERSON_ID,VERSJON,DATO_OPPRETTET,OPPRETTET_AV,DATO_ENDRET,ENDRET_AV) VALUES ('232587602','2014','585527612',null,null,'INNTEKT','22468586','0','2020-06-30 08:57:22','srvpensjon','2020-06-30 08:57:22','srvpensjon');
INSERT INTO T_ENDR_OPPTJN_GRL (ENDR_OPPTJN_GRL_ID,OPPTJN_AR,NY_GRL_ID,UGYLDIG_GRL_ID,STATUS,K_GRUNNLAG_T,PERSON_ID,VERSJON,DATO_OPPRETTET,OPPRETTET_AV,DATO_ENDRET,ENDRET_AV) VALUES ('232587604','2016','585527614',null,null,'INNTEKT','22468586','0','2020-06-30 08:57:23','srvpensjon','2020-06-30 08:57:23','srvpensjon');
INSERT INTO T_ENDR_OPPTJN_GRL (ENDR_OPPTJN_GRL_ID,OPPTJN_AR,NY_GRL_ID,UGYLDIG_GRL_ID,STATUS,K_GRUNNLAG_T,PERSON_ID,VERSJON,DATO_OPPRETTET,OPPRETTET_AV,DATO_ENDRET,ENDRET_AV) VALUES ('232587380','1975','585527400',null,null,'INNTEKT','22468586','0','2020-06-30 08:56:24','srvpensjon','2020-06-30 08:56:24','srvpensjon');
INSERT INTO T_ENDR_OPPTJN_GRL (ENDR_OPPTJN_GRL_ID,OPPTJN_AR,NY_GRL_ID,UGYLDIG_GRL_ID,STATUS,K_GRUNNLAG_T,PERSON_ID,VERSJON,DATO_OPPRETTET,OPPRETTET_AV,DATO_ENDRET,ENDRET_AV) VALUES ('232587392','1987','585527412',null,null,'INNTEKT','22468586','0','2020-06-30 08:56:45','srvpensjon','2020-06-30 08:56:45','srvpensjon');
INSERT INTO T_ENDR_OPPTJN_GRL (ENDR_OPPTJN_GRL_ID,OPPTJN_AR,NY_GRL_ID,UGYLDIG_GRL_ID,STATUS,K_GRUNNLAG_T,PERSON_ID,VERSJON,DATO_OPPRETTET,OPPRETTET_AV,DATO_ENDRET,ENDRET_AV) VALUES ('232587394','1989','585527414',null,null,'INNTEKT','22468586','0','2020-06-30 08:56:48','srvpensjon','2020-06-30 08:56:48','srvpensjon');
INSERT INTO T_ENDR_OPPTJN_GRL (ENDR_OPPTJN_GRL_ID,OPPTJN_AR,NY_GRL_ID,UGYLDIG_GRL_ID,STATUS,K_GRUNNLAG_T,PERSON_ID,VERSJON,DATO_OPPRETTET,OPPRETTET_AV,DATO_ENDRET,ENDRET_AV) VALUES ('232587410','2005','585527430',null,null,'INNTEKT','22468586','0','2020-06-30 08:57:12','srvpensjon','2020-06-30 08:57:12','srvpensjon');
INSERT INTO T_BEHOLDNING (BEHOLDNING_ID,FORRIGE_BEH_ID,BELOP,VEDTAK_ID_FK,DATO_FOM,DATO_TOM,VERSJON,DATO_OPPRETTET,OPPRETTET_AV,DATO_ENDRET,ENDRET_AV,K_BEHOLDNING_T,K_BEHOLDNING_S,K_RESTP_BEH_ARSAK,PERSON_ID,BEH_GRLAG,BEH_GRLAG_AVKORTET,BEH_INNSKUDD,BEH_INNSKUDD_U_OMS,F_TJEN_OPPTJ_ID,UFORE_OPPTJ_ID,OMSORG_OPPTJ_ID,INNTEKT_OPPTJ_ID,DAGPENGER_OPPTJ_ID,LONNSVEKST_REG_ID) VALUES ('430630703','430630833','2181337,9388417806',null,'2011-01-01 00:00:00','2011-04-30 00:00:00','0','2020-06-30 08:57:18','srvpensjon','2020-06-30 08:57:18','srvpensjon','PEN_B','G','NY_OPPTJENING','22468586','310066','310066','58955,08870630226','56121,946',null,null,null,'302386557',null,'318527180');
INSERT INTO T_BEHOLDNING (BEHOLDNING_ID,FORRIGE_BEH_ID,BELOP,VEDTAK_ID_FK,DATO_FOM,DATO_TOM,VERSJON,DATO_OPPRETTET,OPPRETTET_AV,DATO_ENDRET,ENDRET_AV,K_BEHOLDNING_T,K_BEHOLDNING_S,K_RESTP_BEH_ARSAK,PERSON_ID,BEH_GRLAG,BEH_GRLAG_AVKORTET,BEH_INNSKUDD,BEH_INNSKUDD_U_OMS,F_TJEN_OPPTJ_ID,UFORE_OPPTJ_ID,OMSORG_OPPTJ_ID,INNTEKT_OPPTJ_ID,DAGPENGER_OPPTJ_ID,LONNSVEKST_REG_ID) VALUES ('430630704','430630703','2284515,2233489966',null,'2011-05-01 00:00:00','2011-12-31 00:00:00','0','2020-06-30 08:57:18','srvpensjon','2020-06-30 08:57:18','srvpensjon','PEN_B','G','REGULERING','22468586','310066','310066','58955,08870630226','56121,946',null,null,null,'302386558',null,'318527305');
INSERT INTO T_BEHOLDNING (BEHOLDNING_ID,FORRIGE_BEH_ID,BELOP,VEDTAK_ID_FK,DATO_FOM,DATO_TOM,VERSJON,DATO_OPPRETTET,OPPRETTET_AV,DATO_ENDRET,ENDRET_AV,K_BEHOLDNING_T,K_BEHOLDNING_S,K_RESTP_BEH_ARSAK,PERSON_ID,BEH_GRLAG,BEH_GRLAG_AVKORTET,BEH_INNSKUDD,BEH_INNSKUDD_U_OMS,F_TJEN_OPPTJ_ID,UFORE_OPPTJ_ID,OMSORG_OPPTJ_ID,INNTEKT_OPPTJ_ID,DAGPENGER_OPPTJ_ID,LONNSVEKST_REG_ID) VALUES ('430630735','430630904','2496372,096725229',null,'2013-01-01 00:00:00','2013-04-30 00:00:00','0','2020-06-30 08:57:20','srvpensjon','2020-06-30 08:57:20','srvpensjon','PEN_B','G','NY_OPPTJENING','22468586','335980','335980','64007,80527877509','60812,380000000005',null,null,null,'302386561',null,'318527235');
INSERT INTO T_BEHOLDNING (BEHOLDNING_ID,FORRIGE_BEH_ID,BELOP,VEDTAK_ID_FK,DATO_FOM,DATO_TOM,VERSJON,DATO_OPPRETTET,OPPRETTET_AV,DATO_ENDRET,ENDRET_AV,K_BEHOLDNING_T,K_BEHOLDNING_S,K_RESTP_BEH_ARSAK,PERSON_ID,BEH_GRLAG,BEH_GRLAG_AVKORTET,BEH_INNSKUDD,BEH_INNSKUDD_U_OMS,F_TJEN_OPPTJ_ID,UFORE_OPPTJ_ID,OMSORG_OPPTJ_ID,INNTEKT_OPPTJ_ID,DAGPENGER_OPPTJ_ID,LONNSVEKST_REG_ID) VALUES ('430630736','430630735','2591234,236400788',null,'2013-05-01 00:00:00','2013-12-31 00:00:00','0','2020-06-30 08:57:20','srvpensjon','2020-06-30 08:57:20','srvpensjon','PEN_B','G','REGULERING','22468586','335980','335980','64007,80527877509','60812,380000000005',null,null,null,'302386562',null,'318527321');
INSERT INTO T_BEHOLDNING (BEHOLDNING_ID,FORRIGE_BEH_ID,BELOP,VEDTAK_ID_FK,DATO_FOM,DATO_TOM,VERSJON,DATO_OPPRETTET,OPPRETTET_AV,DATO_ENDRET,ENDRET_AV,K_BEHOLDNING_T,K_BEHOLDNING_S,K_RESTP_BEH_ARSAK,PERSON_ID,BEH_GRLAG,BEH_GRLAG_AVKORTET,BEH_INNSKUDD,BEH_INNSKUDD_U_OMS,F_TJEN_OPPTJ_ID,UFORE_OPPTJ_ID,OMSORG_OPPTJ_ID,INNTEKT_OPPTJ_ID,DAGPENGER_OPPTJ_ID,LONNSVEKST_REG_ID) VALUES ('430630759','430630932','2824087,8067294904',null,'2015-01-01 00:00:00','2015-04-30 00:00:00','0','2020-06-30 08:57:21','srvpensjon','2020-06-30 08:57:21','srvpensjon','PEN_B','G','NY_OPPTJENING','22468586','362592','362592','68878,26014607857','65629,152',null,null,null,'302386565',null,'318527249');
INSERT INTO T_BEHOLDNING (BEHOLDNING_ID,FORRIGE_BEH_ID,BELOP,VEDTAK_ID_FK,DATO_FOM,DATO_TOM,VERSJON,DATO_OPPRETTET,OPPRETTET_AV,DATO_ENDRET,ENDRET_AV,K_BEHOLDNING_T,K_BEHOLDNING_S,K_RESTP_BEH_ARSAK,PERSON_ID,BEH_GRLAG,BEH_GRLAG_AVKORTET,BEH_INNSKUDD,BEH_INNSKUDD_U_OMS,F_TJEN_OPPTJ_ID,UFORE_OPPTJ_ID,OMSORG_OPPTJ_ID,INNTEKT_OPPTJ_ID,DAGPENGER_OPPTJ_ID,LONNSVEKST_REG_ID) VALUES ('430630760','430630759','2878310,292618697',null,'2015-05-01 00:00:00','2015-12-31 00:00:00','0','2020-06-30 08:57:21','srvpensjon','2020-06-30 08:57:21','srvpensjon','PEN_B','G','REGULERING','22468586','362592','362592','68878,26014607857','65629,152',null,null,null,'302386566',null,'318527333');
INSERT INTO T_BEHOLDNING (BEHOLDNING_ID,FORRIGE_BEH_ID,BELOP,VEDTAK_ID_FK,DATO_FOM,DATO_TOM,VERSJON,DATO_OPPRETTET,OPPRETTET_AV,DATO_ENDRET,ENDRET_AV,K_BEHOLDNING_T,K_BEHOLDNING_S,K_RESTP_BEH_ARSAK,PERSON_ID,BEH_GRLAG,BEH_GRLAG_AVKORTET,BEH_INNSKUDD,BEH_INNSKUDD_U_OMS,F_TJEN_OPPTJ_ID,UFORE_OPPTJ_ID,OMSORG_OPPTJ_ID,INNTEKT_OPPTJ_ID,DAGPENGER_OPPTJ_ID,LONNSVEKST_REG_ID) VALUES ('430630797',null,'7430,08973482353',null,'1975-01-01 00:00:00','1975-12-31 00:00:00','0','2020-06-30 08:57:16','srvpensjon','2020-06-30 08:57:16','srvpensjon','PEN_B','G','NY_OPPTJENING','22468586','36602','36602','7430,08973482353','6624,962',null,null,null,'302386527',null,null);
INSERT INTO T_BEHOLDNING (BEHOLDNING_ID,FORRIGE_BEH_ID,BELOP,VEDTAK_ID_FK,DATO_FOM,DATO_TOM,VERSJON,DATO_OPPRETTET,OPPRETTET_AV,DATO_ENDRET,ENDRET_AV,K_BEHOLDNING_T,K_BEHOLDNING_S,K_RESTP_BEH_ARSAK,PERSON_ID,BEH_GRLAG,BEH_GRLAG_AVKORTET,BEH_INNSKUDD,BEH_INNSKUDD_U_OMS,F_TJEN_OPPTJ_ID,UFORE_OPPTJ_ID,OMSORG_OPPTJ_ID,INNTEKT_OPPTJ_ID,DAGPENGER_OPPTJ_ID,LONNSVEKST_REG_ID) VALUES ('430630798','430630797','16835,15253709159',null,'1976-01-01 00:00:00','1976-12-31 00:00:00','0','2020-06-30 08:57:16','srvpensjon','2020-06-30 08:57:16','srvpensjon','PEN_B','G','NY_OPPTJENING','22468586','41050','41050','8417,553760621002','7430,050000000001',null,null,null,'302386528',null,'318527145');
INSERT INTO T_BEHOLDNING (BEHOLDNING_ID,FORRIGE_BEH_ID,BELOP,VEDTAK_ID_FK,DATO_FOM,DATO_TOM,VERSJON,DATO_OPPRETTET,OPPRETTET_AV,DATO_ENDRET,ENDRET_AV,K_BEHOLDNING_T,K_BEHOLDNING_S,K_RESTP_BEH_ARSAK,PERSON_ID,BEH_GRLAG,BEH_GRLAG_AVKORTET,BEH_INNSKUDD,BEH_INNSKUDD_U_OMS,F_TJEN_OPPTJ_ID,UFORE_OPPTJ_ID,OMSORG_OPPTJ_ID,INNTEKT_OPPTJ_ID,DAGPENGER_OPPTJ_ID,LONNSVEKST_REG_ID) VALUES ('430630799','430630798','28058,598374546214',null,'1977-01-01 00:00:00','1977-12-31 00:00:00','0','2020-06-30 08:57:16','srvpensjon','2020-06-30 08:57:16','srvpensjon','PEN_B','G','NY_OPPTJENING','22468586','46506','46506','9352,873333333335','8417,586000000001',null,null,null,'302386529',null,'318527146');
INSERT INTO T_BEHOLDNING (BEHOLDNING_ID,FORRIGE_BEH_ID,BELOP,VEDTAK_ID_FK,DATO_FOM,DATO_TOM,VERSJON,DATO_OPPRETTET,OPPRETTET_AV,DATO_ENDRET,ENDRET_AV,K_BEHOLDNING_T,K_BEHOLDNING_S,K_RESTP_BEH_ARSAK,PERSON_ID,BEH_GRLAG,BEH_GRLAG_AVKORTET,BEH_INNSKUDD,BEH_INNSKUDD_U_OMS,F_TJEN_OPPTJ_ID,UFORE_OPPTJ_ID,OMSORG_OPPTJ_ID,INNTEKT_OPPTJ_ID,DAGPENGER_OPPTJ_ID,LONNSVEKST_REG_ID) VALUES ('430630800','430630799','41723,07653546267',null,'1978-01-01 00:00:00','1978-12-31 00:00:00','0','2020-06-30 08:57:16','srvpensjon','2020-06-30 08:57:16','srvpensjon','PEN_B','G','NY_OPPTJENING','22468586','51673','51673','10430,724698250004','9352,813000000002',null,null,null,'302386530',null,'318527147');
INSERT INTO T_BEHOLDNING (BEHOLDNING_ID,FORRIGE_BEH_ID,BELOP,VEDTAK_ID_FK,DATO_FOM,DATO_TOM,VERSJON,DATO_OPPRETTET,OPPRETTET_AV,DATO_ENDRET,ENDRET_AV,K_BEHOLDNING_T,K_BEHOLDNING_S,K_RESTP_BEH_ARSAK,PERSON_ID,BEH_GRLAG,BEH_GRLAG_AVKORTET,BEH_INNSKUDD,BEH_INNSKUDD_U_OMS,F_TJEN_OPPTJ_ID,UFORE_OPPTJ_ID,OMSORG_OPPTJ_ID,INNTEKT_OPPTJ_ID,DAGPENGER_OPPTJ_ID,LONNSVEKST_REG_ID) VALUES ('430630801','430630800','56701,757195022175',null,'1979-01-01 00:00:00','1979-12-31 00:00:00','0','2020-06-30 08:57:16','srvpensjon','2020-06-30 08:57:16','srvpensjon','PEN_B','G','NY_OPPTJENING','22468586','57629','57629','11340,420903384893','10430,849000000002',null,null,null,'302386531',null,'318527148');
INSERT INTO T_BEHOLDNING (BEHOLDNING_ID,FORRIGE_BEH_ID,BELOP,VEDTAK_ID_FK,DATO_FOM,DATO_TOM,VERSJON,DATO_OPPRETTET,OPPRETTET_AV,DATO_ENDRET,ENDRET_AV,K_BEHOLDNING_T,K_BEHOLDNING_S,K_RESTP_BEH_ARSAK,PERSON_ID,BEH_GRLAG,BEH_GRLAG_AVKORTET,BEH_INNSKUDD,BEH_INNSKUDD_U_OMS,F_TJEN_OPPTJ_ID,UFORE_OPPTJ_ID,OMSORG_OPPTJ_ID,INNTEKT_OPPTJ_ID,DAGPENGER_OPPTJ_ID,LONNSVEKST_REG_ID) VALUES ('430630802','430630801','71081,8140319132',null,'1980-01-01 00:00:00','1980-12-31 00:00:00','0','2020-06-30 08:57:16','srvpensjon','2020-06-30 08:57:16','srvpensjon','PEN_B','G','NY_OPPTJENING','22468586','62654','62654','11846,988646048112','11340,374000000002',null,null,null,'302386532',null,'318527149');
INSERT INTO T_BEHOLDNING (BEHOLDNING_ID,FORRIGE_BEH_ID,BELOP,VEDTAK_ID_FK,DATO_FOM,DATO_TOM,VERSJON,DATO_OPPRETTET,OPPRETTET_AV,DATO_ENDRET,ENDRET_AV,K_BEHOLDNING_T,K_BEHOLDNING_S,K_RESTP_BEH_ARSAK,PERSON_ID,BEH_GRLAG,BEH_GRLAG_AVKORTET,BEH_INNSKUDD,BEH_INNSKUDD_U_OMS,F_TJEN_OPPTJ_ID,UFORE_OPPTJ_ID,OMSORG_OPPTJ_ID,INNTEKT_OPPTJ_ID,DAGPENGER_OPPTJ_ID,LONNSVEKST_REG_ID) VALUES ('430630803','430630802','90747,02943169819',null,'1981-01-01 00:00:00','1981-12-31 00:00:00','0','2020-06-30 08:57:16','srvpensjon','2020-06-30 08:57:16','srvpensjon','PEN_B','G','NY_OPPTJENING','22468586','65453','65453','12963,883853223688','11846,993000000002',null,null,null,'302386533',null,'318527150');
INSERT INTO T_BEHOLDNING (BEHOLDNING_ID,FORRIGE_BEH_ID,BELOP,VEDTAK_ID_FK,DATO_FOM,DATO_TOM,VERSJON,DATO_OPPRETTET,OPPRETTET_AV,DATO_ENDRET,ENDRET_AV,K_BEHOLDNING_T,K_BEHOLDNING_S,K_RESTP_BEH_ARSAK,PERSON_ID,BEH_GRLAG,BEH_GRLAG_AVKORTET,BEH_INNSKUDD,BEH_INNSKUDD_U_OMS,F_TJEN_OPPTJ_ID,UFORE_OPPTJ_ID,OMSORG_OPPTJ_ID,INNTEKT_OPPTJ_ID,DAGPENGER_OPPTJ_ID,LONNSVEKST_REG_ID) VALUES ('430630804','430630803','116337,36200857481',null,'1982-01-01 00:00:00','1982-12-31 00:00:00','0','2020-06-30 08:57:16','srvpensjon','2020-06-30 08:57:16','srvpensjon','PEN_B','G','NY_OPPTJENING','22468586','71624','71624','14542,25137690134','12963,944000000001',null,null,null,'302386534',null,'318527151');
INSERT INTO T_BEHOLDNING (BEHOLDNING_ID,FORRIGE_BEH_ID,BELOP,VEDTAK_ID_FK,DATO_FOM,DATO_TOM,VERSJON,DATO_OPPRETTET,OPPRETTET_AV,DATO_ENDRET,ENDRET_AV,K_BEHOLDNING_T,K_BEHOLDNING_S,K_RESTP_BEH_ARSAK,PERSON_ID,BEH_GRLAG,BEH_GRLAG_AVKORTET,BEH_INNSKUDD,BEH_INNSKUDD_U_OMS,F_TJEN_OPPTJ_ID,UFORE_OPPTJ_ID,OMSORG_OPPTJ_ID,INNTEKT_OPPTJ_ID,DAGPENGER_OPPTJ_ID,LONNSVEKST_REG_ID) VALUES ('430630805','430630804','144971,88819767477',null,'1983-01-01 00:00:00','1983-12-31 00:00:00','0','2020-06-30 08:57:16','srvpensjon','2020-06-30 08:57:16','srvpensjon','PEN_B','G','NY_OPPTJENING','22468586','80343','80343','16107,901670114697','14542,083000000002',null,null,null,'302386535',null,'318527152');
INSERT INTO T_BEHOLDNING (BEHOLDNING_ID,FORRIGE_BEH_ID,BELOP,VEDTAK_ID_FK,DATO_FOM,DATO_TOM,VERSJON,DATO_OPPRETTET,OPPRETTET_AV,DATO_ENDRET,ENDRET_AV,K_BEHOLDNING_T,K_BEHOLDNING_S,K_RESTP_BEH_ARSAK,PERSON_ID,BEH_GRLAG,BEH_GRLAG_AVKORTET,BEH_INNSKUDD,BEH_INNSKUDD_U_OMS,F_TJEN_OPPTJ_ID,UFORE_OPPTJ_ID,OMSORG_OPPTJ_ID,INNTEKT_OPPTJ_ID,DAGPENGER_OPPTJ_ID,LONNSVEKST_REG_ID) VALUES ('430630806','430630805','174064,7032699797',null,'1984-01-01 00:00:00','1984-12-31 00:00:00','0','2020-06-30 08:57:16','srvpensjon','2020-06-30 08:57:16','srvpensjon','PEN_B','G','NY_OPPTJENING','22468586','88994','88994','17406,398769148887','16107,914000000002',null,null,null,'302386536',null,'318527153');
INSERT INTO T_BEHOLDNING (BEHOLDNING_ID,FORRIGE_BEH_ID,BELOP,VEDTAK_ID_FK,DATO_FOM,DATO_TOM,VERSJON,DATO_OPPRETTET,OPPRETTET_AV,DATO_ENDRET,ENDRET_AV,K_BEHOLDNING_T,K_BEHOLDNING_S,K_RESTP_BEH_ARSAK,PERSON_ID,BEH_GRLAG,BEH_GRLAG_AVKORTET,BEH_INNSKUDD,BEH_INNSKUDD_U_OMS,F_TJEN_OPPTJ_ID,UFORE_OPPTJ_ID,OMSORG_OPPTJ_ID,INNTEKT_OPPTJ_ID,DAGPENGER_OPPTJ_ID,LONNSVEKST_REG_ID) VALUES ('430630807','430630806','202908,10864758922',null,'1985-01-01 00:00:00','1985-12-31 00:00:00','0','2020-06-30 08:57:16','srvpensjon','2020-06-30 08:57:16','srvpensjon','PEN_B','G','NY_OPPTJENING','22468586','96168','96168','18446,131649845523','17406,408000000003',null,null,null,'302386537',null,'318527154');
INSERT INTO T_BEHOLDNING (BEHOLDNING_ID,FORRIGE_BEH_ID,BELOP,VEDTAK_ID_FK,DATO_FOM,DATO_TOM,VERSJON,DATO_OPPRETTET,OPPRETTET_AV,DATO_ENDRET,ENDRET_AV,K_BEHOLDNING_T,K_BEHOLDNING_S,K_RESTP_BEH_ARSAK,PERSON_ID,BEH_GRLAG,BEH_GRLAG_AVKORTET,BEH_INNSKUDD,BEH_INNSKUDD_U_OMS,F_TJEN_OPPTJ_ID,UFORE_OPPTJ_ID,OMSORG_OPPTJ_ID,INNTEKT_OPPTJ_ID,DAGPENGER_OPPTJ_ID,LONNSVEKST_REG_ID) VALUES ('430630808','430630807','236936,24217764728',null,'1986-01-01 00:00:00','1986-12-31 00:00:00','0','2020-06-30 08:57:16','srvpensjon','2020-06-30 08:57:16','srvpensjon','PEN_B','G','NY_OPPTJENING','22468586','101913','101913','19744,747000000003','18446,253',null,null,null,'302386538',null,'318527155');
INSERT INTO T_BEHOLDNING (BEHOLDNING_ID,FORRIGE_BEH_ID,BELOP,VEDTAK_ID_FK,DATO_FOM,DATO_TOM,VERSJON,DATO_OPPRETTET,OPPRETTET_AV,DATO_ENDRET,ENDRET_AV,K_BEHOLDNING_T,K_BEHOLDNING_S,K_RESTP_BEH_ARSAK,PERSON_ID,BEH_GRLAG,BEH_GRLAG_AVKORTET,BEH_INNSKUDD,BEH_INNSKUDD_U_OMS,F_TJEN_OPPTJ_ID,UFORE_OPPTJ_ID,OMSORG_OPPTJ_ID,INNTEKT_OPPTJ_ID,DAGPENGER_OPPTJ_ID,LONNSVEKST_REG_ID) VALUES ('430630809','430630808','277958,77219872887',null,'1987-01-01 00:00:00','1987-12-31 00:00:00','0','2020-06-30 08:57:16','srvpensjon','2020-06-30 08:57:16','srvpensjon','PEN_B','G','NY_OPPTJENING','22468586','109087','109087','21381,504142857146','19744,747000000003',null,null,null,'302386539',null,'318527156');
INSERT INTO T_BEHOLDNING (BEHOLDNING_ID,FORRIGE_BEH_ID,BELOP,VEDTAK_ID_FK,DATO_FOM,DATO_TOM,VERSJON,DATO_OPPRETTET,OPPRETTET_AV,DATO_ENDRET,ENDRET_AV,K_BEHOLDNING_T,K_BEHOLDNING_S,K_RESTP_BEH_ARSAK,PERSON_ID,BEH_GRLAG,BEH_GRLAG_AVKORTET,BEH_INNSKUDD,BEH_INNSKUDD_U_OMS,F_TJEN_OPPTJ_ID,UFORE_OPPTJ_ID,OMSORG_OPPTJ_ID,INNTEKT_OPPTJ_ID,DAGPENGER_OPPTJ_ID,LONNSVEKST_REG_ID) VALUES ('430630810','430630809','319352,33567055',null,'1988-01-01 00:00:00','1988-12-31 00:00:00','0','2020-06-30 08:57:16','srvpensjon','2020-06-30 08:57:16','srvpensjon','PEN_B','G','NY_OPPTJENING','22468586','118130','118130','22810,966300076554','21381,530000000002',null,null,null,'302386540',null,'318527157');
INSERT INTO T_BEHOLDNING (BEHOLDNING_ID,FORRIGE_BEH_ID,BELOP,VEDTAK_ID_FK,DATO_FOM,DATO_TOM,VERSJON,DATO_OPPRETTET,OPPRETTET_AV,DATO_ENDRET,ENDRET_AV,K_BEHOLDNING_T,K_BEHOLDNING_S,K_RESTP_BEH_ARSAK,PERSON_ID,BEH_GRLAG,BEH_GRLAG_AVKORTET,BEH_INNSKUDD,BEH_INNSKUDD_U_OMS,F_TJEN_OPPTJ_ID,UFORE_OPPTJ_ID,OMSORG_OPPTJ_ID,INNTEKT_OPPTJ_ID,DAGPENGER_OPPTJ_ID,LONNSVEKST_REG_ID) VALUES ('430630811','430630810','360670,2230972244',null,'1989-01-01 00:00:00','1989-12-31 00:00:00','0','2020-06-30 08:57:16','srvpensjon','2020-06-30 08:57:16','srvpensjon','PEN_B','G','NY_OPPTJENING','22468586','126027','126027','24044,687325315204','22810,887000000002',null,null,null,'302386541',null,'318527158');
INSERT INTO T_BEHOLDNING (BEHOLDNING_ID,FORRIGE_BEH_ID,BELOP,VEDTAK_ID_FK,DATO_FOM,DATO_TOM,VERSJON,DATO_OPPRETTET,OPPRETTET_AV,DATO_ENDRET,ENDRET_AV,K_BEHOLDNING_T,K_BEHOLDNING_S,K_RESTP_BEH_ARSAK,PERSON_ID,BEH_GRLAG,BEH_GRLAG_AVKORTET,BEH_INNSKUDD,BEH_INNSKUDD_U_OMS,F_TJEN_OPPTJ_ID,UFORE_OPPTJ_ID,OMSORG_OPPTJ_ID,INNTEKT_OPPTJ_ID,DAGPENGER_OPPTJ_ID,LONNSVEKST_REG_ID) VALUES ('430630812','430630811','402485,4524655727',null,'1990-01-01 00:00:00','1990-12-31 00:00:00','0','2020-06-30 08:57:16','srvpensjon','2020-06-30 08:57:16','srvpensjon','PEN_B','G','NY_OPPTJENING','22468586','132844','132844','25155,421656401948','24044,764000000003',null,null,null,'302386542',null,'318527159');
INSERT INTO T_BEHOLDNING (BEHOLDNING_ID,FORRIGE_BEH_ID,BELOP,VEDTAK_ID_FK,DATO_FOM,DATO_TOM,VERSJON,DATO_OPPRETTET,OPPRETTET_AV,DATO_ENDRET,ENDRET_AV,K_BEHOLDNING_T,K_BEHOLDNING_S,K_RESTP_BEH_ARSAK,PERSON_ID,BEH_GRLAG,BEH_GRLAG_AVKORTET,BEH_INNSKUDD,BEH_INNSKUDD_U_OMS,F_TJEN_OPPTJ_ID,UFORE_OPPTJ_ID,OMSORG_OPPTJ_ID,INNTEKT_OPPTJ_ID,DAGPENGER_OPPTJ_ID,LONNSVEKST_REG_ID) VALUES ('430630813','430630812','444865,7149506306',null,'1991-01-01 00:00:00','1991-12-31 00:00:00','0','2020-06-30 08:57:16','srvpensjon','2020-06-30 08:57:16','srvpensjon','PEN_B','G','NY_OPPTJENING','22468586','138980','138980','26168,609868319138','25155,380000000005',null,null,null,'302386543',null,'318527160');
INSERT INTO T_BEHOLDNING (BEHOLDNING_ID,FORRIGE_BEH_ID,BELOP,VEDTAK_ID_FK,DATO_FOM,DATO_TOM,VERSJON,DATO_OPPRETTET,OPPRETTET_AV,DATO_ENDRET,ENDRET_AV,K_BEHOLDNING_T,K_BEHOLDNING_S,K_RESTP_BEH_ARSAK,PERSON_ID,BEH_GRLAG,BEH_GRLAG_AVKORTET,BEH_INNSKUDD,BEH_INNSKUDD_U_OMS,F_TJEN_OPPTJ_ID,UFORE_OPPTJ_ID,OMSORG_OPPTJ_ID,INNTEKT_OPPTJ_ID,DAGPENGER_OPPTJ_ID,LONNSVEKST_REG_ID) VALUES ('430630814','430630813','491489,0777739223',null,'1992-01-01 00:00:00','1992-12-31 00:00:00','0','2020-06-30 08:57:16','srvpensjon','2020-06-30 08:57:16','srvpensjon','PEN_B','G','NY_OPPTJENING','22468586','144578','144578','27304,994620819063','26168,618000000002',null,null,null,'302386544',null,'318527161');
INSERT INTO T_BEHOLDNING (BEHOLDNING_ID,FORRIGE_BEH_ID,BELOP,VEDTAK_ID_FK,DATO_FOM,DATO_TOM,VERSJON,DATO_OPPRETTET,OPPRETTET_AV,DATO_ENDRET,ENDRET_AV,K_BEHOLDNING_T,K_BEHOLDNING_S,K_RESTP_BEH_ARSAK,PERSON_ID,BEH_GRLAG,BEH_GRLAG_AVKORTET,BEH_INNSKUDD,BEH_INNSKUDD_U_OMS,F_TJEN_OPPTJ_ID,UFORE_OPPTJ_ID,OMSORG_OPPTJ_ID,INNTEKT_OPPTJ_ID,DAGPENGER_OPPTJ_ID,LONNSVEKST_REG_ID) VALUES ('430630815','430630814','535587,1063329275',null,'1993-01-01 00:00:00','1993-12-31 00:00:00','0','2020-06-30 08:57:16','srvpensjon','2020-06-30 08:57:16','srvpensjon','PEN_B','G','NY_OPPTJENING','22468586','150856','150856','28188,782585333833','27304,936',null,null,null,'302386545',null,'318527162');
INSERT INTO T_BEHOLDNING (BEHOLDNING_ID,FORRIGE_BEH_ID,BELOP,VEDTAK_ID_FK,DATO_FOM,DATO_TOM,VERSJON,DATO_OPPRETTET,OPPRETTET_AV,DATO_ENDRET,ENDRET_AV,K_BEHOLDNING_T,K_BEHOLDNING_S,K_RESTP_BEH_ARSAK,PERSON_ID,BEH_GRLAG,BEH_GRLAG_AVKORTET,BEH_INNSKUDD,BEH_INNSKUDD_U_OMS,F_TJEN_OPPTJ_ID,UFORE_OPPTJ_ID,OMSORG_OPPTJ_ID,INNTEKT_OPPTJ_ID,DAGPENGER_OPPTJ_ID,LONNSVEKST_REG_ID) VALUES ('430630816','430630815','577275,1851376753',null,'1994-01-01 00:00:00','1994-12-31 00:00:00','0','2020-06-30 08:57:16','srvpensjon','2020-06-30 08:57:16','srvpensjon','PEN_B','G','NY_OPPTJENING','22468586','155739','155739','28863,724169740373','28188,759000000002',null,null,null,'302386546',null,'318527163');
INSERT INTO T_BEHOLDNING (BEHOLDNING_ID,FORRIGE_BEH_ID,BELOP,VEDTAK_ID_FK,DATO_FOM,DATO_TOM,VERSJON,DATO_OPPRETTET,OPPRETTET_AV,DATO_ENDRET,ENDRET_AV,K_BEHOLDNING_T,K_BEHOLDNING_S,K_RESTP_BEH_ARSAK,PERSON_ID,BEH_GRLAG,BEH_GRLAG_AVKORTET,BEH_INNSKUDD,BEH_INNSKUDD_U_OMS,F_TJEN_OPPTJ_ID,UFORE_OPPTJ_ID,OMSORG_OPPTJ_ID,INNTEKT_OPPTJ_ID,DAGPENGER_OPPTJ_ID,LONNSVEKST_REG_ID) VALUES ('430630817','430630816','619020,1425341419',null,'1995-01-01 00:00:00','1995-12-31 00:00:00','0','2020-06-30 08:57:16','srvpensjon','2020-06-30 08:57:16','srvpensjon','PEN_B','G','NY_OPPTJENING','22468586','159468','159468','29477,09979099722','28863,708000000002',null,null,null,'302386547',null,'318527164');
INSERT INTO T_BEHOLDNING (BEHOLDNING_ID,FORRIGE_BEH_ID,BELOP,VEDTAK_ID_FK,DATO_FOM,DATO_TOM,VERSJON,DATO_OPPRETTET,OPPRETTET_AV,DATO_ENDRET,ENDRET_AV,K_BEHOLDNING_T,K_BEHOLDNING_S,K_RESTP_BEH_ARSAK,PERSON_ID,BEH_GRLAG,BEH_GRLAG_AVKORTET,BEH_INNSKUDD,BEH_INNSKUDD_U_OMS,F_TJEN_OPPTJ_ID,UFORE_OPPTJ_ID,OMSORG_OPPTJ_ID,INNTEKT_OPPTJ_ID,DAGPENGER_OPPTJ_ID,LONNSVEKST_REG_ID) VALUES ('430630818','430630817','666107,166608218',null,'1996-01-01 00:00:00','1996-12-31 00:00:00','0','2020-06-30 08:57:16','srvpensjon','2020-06-30 08:57:16','srvpensjon','PEN_B','G','NY_OPPTJENING','22468586','162857','162857','30277,566475383395','29477,117000000002',null,null,null,'302386548',null,'318527165');
INSERT INTO T_BEHOLDNING (BEHOLDNING_ID,FORRIGE_BEH_ID,BELOP,VEDTAK_ID_FK,DATO_FOM,DATO_TOM,VERSJON,DATO_OPPRETTET,OPPRETTET_AV,DATO_ENDRET,ENDRET_AV,K_BEHOLDNING_T,K_BEHOLDNING_S,K_RESTP_BEH_ARSAK,PERSON_ID,BEH_GRLAG,BEH_GRLAG_AVKORTET,BEH_INNSKUDD,BEH_INNSKUDD_U_OMS,F_TJEN_OPPTJ_ID,UFORE_OPPTJ_ID,OMSORG_OPPTJ_ID,INNTEKT_OPPTJ_ID,DAGPENGER_OPPTJ_ID,LONNSVEKST_REG_ID) VALUES ('430630819','430630818','724403,7287676806',null,'1997-01-01 00:00:00','1997-12-31 00:00:00','0','2020-06-30 08:57:16','srvpensjon','2020-06-30 08:57:16','srvpensjon','PEN_B','G','NY_OPPTJENING','22468586','167280','167280','31495,895405050585','30277,680000000004',null,null,null,'302386549',null,'318527166');
INSERT INTO T_BEHOLDNING (BEHOLDNING_ID,FORRIGE_BEH_ID,BELOP,VEDTAK_ID_FK,DATO_FOM,DATO_TOM,VERSJON,DATO_OPPRETTET,OPPRETTET_AV,DATO_ENDRET,ENDRET_AV,K_BEHOLDNING_T,K_BEHOLDNING_S,K_RESTP_BEH_ARSAK,PERSON_ID,BEH_GRLAG,BEH_GRLAG_AVKORTET,BEH_INNSKUDD,BEH_INNSKUDD_U_OMS,F_TJEN_OPPTJ_ID,UFORE_OPPTJ_ID,OMSORG_OPPTJ_ID,INNTEKT_OPPTJ_ID,DAGPENGER_OPPTJ_ID,LONNSVEKST_REG_ID) VALUES ('430630820','430630819','785641,6883999651',null,'1998-01-01 00:00:00','1998-12-31 00:00:00','0','2020-06-30 08:57:16','srvpensjon','2020-06-30 08:57:16','srvpensjon','PEN_B','G','NY_OPPTJENING','22468586','174010','174010','32735,066072754275','31495,810000000005',null,null,null,'302386550',null,'318527167');
INSERT INTO T_BEHOLDNING (BEHOLDNING_ID,FORRIGE_BEH_ID,BELOP,VEDTAK_ID_FK,DATO_FOM,DATO_TOM,VERSJON,DATO_OPPRETTET,OPPRETTET_AV,DATO_ENDRET,ENDRET_AV,K_BEHOLDNING_T,K_BEHOLDNING_S,K_RESTP_BEH_ARSAK,PERSON_ID,BEH_GRLAG,BEH_GRLAG_AVKORTET,BEH_INNSKUDD,BEH_INNSKUDD_U_OMS,F_TJEN_OPPTJ_ID,UFORE_OPPTJ_ID,OMSORG_OPPTJ_ID,INNTEKT_OPPTJ_ID,DAGPENGER_OPPTJ_ID,LONNSVEKST_REG_ID) VALUES ('430630821','430630820','865394,5013863965',null,'1999-01-01 00:00:00','1999-12-31 00:00:00','0','2020-06-30 08:57:16','srvpensjon','2020-06-30 08:57:16','srvpensjon','PEN_B','G','NY_OPPTJENING','22468586','180857','180857','34615,82741240477','32735,117000000006',null,null,null,'302386751',null,'318527168');
INSERT INTO T_BEHOLDNING (BEHOLDNING_ID,FORRIGE_BEH_ID,BELOP,VEDTAK_ID_FK,DATO_FOM,DATO_TOM,VERSJON,DATO_OPPRETTET,OPPRETTET_AV,DATO_ENDRET,ENDRET_AV,K_BEHOLDNING_T,K_BEHOLDNING_S,K_RESTP_BEH_ARSAK,PERSON_ID,BEH_GRLAG,BEH_GRLAG_AVKORTET,BEH_INNSKUDD,BEH_INNSKUDD_U_OMS,F_TJEN_OPPTJ_ID,UFORE_OPPTJ_ID,OMSORG_OPPTJ_ID,INNTEKT_OPPTJ_ID,DAGPENGER_OPPTJ_ID,LONNSVEKST_REG_ID) VALUES ('430630822','430630821','940741,9877946025',null,'2000-01-01 00:00:00','2000-12-31 00:00:00','0','2020-06-30 08:57:16','srvpensjon','2020-06-30 08:57:16','srvpensjon','PEN_B','G','NY_OPPTJENING','22468586','191247','191247','36182,31072120776','34615,707',null,null,null,'302386752',null,'318527169');
INSERT INTO T_BEHOLDNING (BEHOLDNING_ID,FORRIGE_BEH_ID,BELOP,VEDTAK_ID_FK,DATO_FOM,DATO_TOM,VERSJON,DATO_OPPRETTET,OPPRETTET_AV,DATO_ENDRET,ENDRET_AV,K_BEHOLDNING_T,K_BEHOLDNING_S,K_RESTP_BEH_ARSAK,PERSON_ID,BEH_GRLAG,BEH_GRLAG_AVKORTET,BEH_INNSKUDD,BEH_INNSKUDD_U_OMS,F_TJEN_OPPTJ_ID,UFORE_OPPTJ_ID,OMSORG_OPPTJ_ID,INNTEKT_OPPTJ_ID,DAGPENGER_OPPTJ_ID,LONNSVEKST_REG_ID) VALUES ('430630823','430630822','1018044,3570762442',null,'2001-01-01 00:00:00','2001-12-31 00:00:00','0','2020-06-30 08:57:16','srvpensjon','2020-06-30 08:57:16','srvpensjon','PEN_B','G','NY_OPPTJENING','22468586','199903','199903','37705,40561814188','36182,44300000001',null,null,null,'302386753',null,'318527170');
INSERT INTO T_BEHOLDNING (BEHOLDNING_ID,FORRIGE_BEH_ID,BELOP,VEDTAK_ID_FK,DATO_FOM,DATO_TOM,VERSJON,DATO_OPPRETTET,OPPRETTET_AV,DATO_ENDRET,ENDRET_AV,K_BEHOLDNING_T,K_BEHOLDNING_S,K_RESTP_BEH_ARSAK,PERSON_ID,BEH_GRLAG,BEH_GRLAG_AVKORTET,BEH_INNSKUDD,BEH_INNSKUDD_U_OMS,F_TJEN_OPPTJ_ID,UFORE_OPPTJ_ID,OMSORG_OPPTJ_ID,INNTEKT_OPPTJ_ID,DAGPENGER_OPPTJ_ID,LONNSVEKST_REG_ID) VALUES ('430630824','430630823','1104328,5816288772',null,'2002-01-01 00:00:00','2002-12-31 00:00:00','0','2020-06-30 08:57:16','srvpensjon','2020-06-30 08:57:16','srvpensjon','PEN_B','G','NY_OPPTJENING','22468586','208317','208317','39440,33719186804','37705,37700000001',null,null,null,'302386754',null,'318527171');
INSERT INTO T_BEHOLDNING (BEHOLDNING_ID,FORRIGE_BEH_ID,BELOP,VEDTAK_ID_FK,DATO_FOM,DATO_TOM,VERSJON,DATO_OPPRETTET,OPPRETTET_AV,DATO_ENDRET,ENDRET_AV,K_BEHOLDNING_T,K_BEHOLDNING_S,K_RESTP_BEH_ARSAK,PERSON_ID,BEH_GRLAG,BEH_GRLAG_AVKORTET,BEH_INNSKUDD,BEH_INNSKUDD_U_OMS,F_TJEN_OPPTJ_ID,UFORE_OPPTJ_ID,OMSORG_OPPTJ_ID,INNTEKT_OPPTJ_ID,DAGPENGER_OPPTJ_ID,LONNSVEKST_REG_ID) VALUES ('430630825','430630824','1203214,1741180567',null,'2003-01-01 00:00:00','2003-12-31 00:00:00','0','2020-06-30 08:57:16','srvpensjon','2020-06-30 08:57:16','srvpensjon','PEN_B','G','NY_OPPTJENING','22468586','217902','217902','41490,098749995064','39440,262',null,null,null,'302386755',null,'318527172');
INSERT INTO T_BEHOLDNING (BEHOLDNING_ID,FORRIGE_BEH_ID,BELOP,VEDTAK_ID_FK,DATO_FOM,DATO_TOM,VERSJON,DATO_OPPRETTET,OPPRETTET_AV,DATO_ENDRET,ENDRET_AV,K_BEHOLDNING_T,K_BEHOLDNING_S,K_RESTP_BEH_ARSAK,PERSON_ID,BEH_GRLAG,BEH_GRLAG_AVKORTET,BEH_INNSKUDD,BEH_INNSKUDD_U_OMS,F_TJEN_OPPTJ_ID,UFORE_OPPTJ_ID,OMSORG_OPPTJ_ID,INNTEKT_OPPTJ_ID,DAGPENGER_OPPTJ_ID,LONNSVEKST_REG_ID) VALUES ('430630826','430630825','1308561,0292339511',null,'2004-01-01 00:00:00','2004-12-31 00:00:00','0','2020-06-30 08:57:16','srvpensjon','2020-06-30 08:57:16','srvpensjon','PEN_B','G','NY_OPPTJENING','22468586','229227','229227','43618,64311363253','41490,08700000001',null,null,null,'302386756',null,'318527173');
INSERT INTO T_BEHOLDNING (BEHOLDNING_ID,FORRIGE_BEH_ID,BELOP,VEDTAK_ID_FK,DATO_FOM,DATO_TOM,VERSJON,DATO_OPPRETTET,OPPRETTET_AV,DATO_ENDRET,ENDRET_AV,K_BEHOLDNING_T,K_BEHOLDNING_S,K_RESTP_BEH_ARSAK,PERSON_ID,BEH_GRLAG,BEH_GRLAG_AVKORTET,BEH_INNSKUDD,BEH_INNSKUDD_U_OMS,F_TJEN_OPPTJ_ID,UFORE_OPPTJ_ID,OMSORG_OPPTJ_ID,INNTEKT_OPPTJ_ID,DAGPENGER_OPPTJ_ID,LONNSVEKST_REG_ID) VALUES ('430630827','430630826','1404731,152107885',null,'2005-01-01 00:00:00','2005-12-31 00:00:00','0','2020-06-30 08:57:16','srvpensjon','2020-06-30 08:57:16','srvpensjon','PEN_B','G','NY_OPPTJENING','22468586','240987','240987','45313,85386914803','43618,647000000004',null,null,null,'302386757',null,'318527174');
INSERT INTO T_BEHOLDNING (BEHOLDNING_ID,FORRIGE_BEH_ID,BELOP,VEDTAK_ID_FK,DATO_FOM,DATO_TOM,VERSJON,DATO_OPPRETTET,OPPRETTET_AV,DATO_ENDRET,ENDRET_AV,K_BEHOLDNING_T,K_BEHOLDNING_S,K_RESTP_BEH_ARSAK,PERSON_ID,BEH_GRLAG,BEH_GRLAG_AVKORTET,BEH_INNSKUDD,BEH_INNSKUDD_U_OMS,F_TJEN_OPPTJ_ID,UFORE_OPPTJ_ID,OMSORG_OPPTJ_ID,INNTEKT_OPPTJ_ID,DAGPENGER_OPPTJ_ID,LONNSVEKST_REG_ID) VALUES ('430630828','430630827','1497931,7732354268',null,'2006-01-01 00:00:00','2006-12-31 00:00:00','0','2020-06-30 08:57:16','srvpensjon','2020-06-30 08:57:16','srvpensjon','PEN_B','G','NY_OPPTJENING','22468586','250353','250353','46810,352769861885','45313,893000000004',null,null,null,'302386758',null,'318527175');
INSERT INTO T_BEHOLDNING (BEHOLDNING_ID,FORRIGE_BEH_ID,BELOP,VEDTAK_ID_FK,DATO_FOM,DATO_TOM,VERSJON,DATO_OPPRETTET,OPPRETTET_AV,DATO_ENDRET,ENDRET_AV,K_BEHOLDNING_T,K_BEHOLDNING_S,K_RESTP_BEH_ARSAK,PERSON_ID,BEH_GRLAG,BEH_GRLAG_AVKORTET,BEH_INNSKUDD,BEH_INNSKUDD_U_OMS,F_TJEN_OPPTJ_ID,UFORE_OPPTJ_ID,OMSORG_OPPTJ_ID,INNTEKT_OPPTJ_ID,DAGPENGER_OPPTJ_ID,LONNSVEKST_REG_ID) VALUES ('430630829','430630828','1598806,478506941',null,'2007-01-01 00:00:00','2007-12-31 00:00:00','0','2020-06-30 08:57:16','srvpensjon','2020-06-30 08:57:16','srvpensjon','PEN_B','G','NY_OPPTJENING','22468586','258621','258621','48448,71437354935','46810,401000000005',null,null,null,'302386759',null,'318527176');
INSERT INTO T_BEHOLDNING (BEHOLDNING_ID,FORRIGE_BEH_ID,BELOP,VEDTAK_ID_FK,DATO_FOM,DATO_TOM,VERSJON,DATO_OPPRETTET,OPPRETTET_AV,DATO_ENDRET,ENDRET_AV,K_BEHOLDNING_T,K_BEHOLDNING_S,K_RESTP_BEH_ARSAK,PERSON_ID,BEH_GRLAG,BEH_GRLAG_AVKORTET,BEH_INNSKUDD,BEH_INNSKUDD_U_OMS,F_TJEN_OPPTJ_ID,UFORE_OPPTJ_ID,OMSORG_OPPTJ_ID,INNTEKT_OPPTJ_ID,DAGPENGER_OPPTJ_ID,LONNSVEKST_REG_ID) VALUES ('430630830','430630829','1735870,497800183',null,'2008-01-01 00:00:00','2008-12-31 00:00:00','0','2020-06-30 08:57:16','srvpensjon','2020-06-30 08:57:16','srvpensjon','PEN_B','G','NY_OPPTJENING','22468586','267672','267672','51054,96435321183','48448,632000000005',null,null,null,'302386760',null,'318527177');
INSERT INTO T_BEHOLDNING (BEHOLDNING_ID,FORRIGE_BEH_ID,BELOP,VEDTAK_ID_FK,DATO_FOM,DATO_TOM,VERSJON,DATO_OPPRETTET,OPPRETTET_AV,DATO_ENDRET,ENDRET_AV,K_BEHOLDNING_T,K_BEHOLDNING_S,K_RESTP_BEH_ARSAK,PERSON_ID,BEH_GRLAG,BEH_GRLAG_AVKORTET,BEH_INNSKUDD,BEH_INNSKUDD_U_OMS,F_TJEN_OPPTJ_ID,UFORE_OPPTJ_ID,OMSORG_OPPTJ_ID,INNTEKT_OPPTJ_ID,DAGPENGER_OPPTJ_ID,LONNSVEKST_REG_ID) VALUES ('430630831','430630830','1885212,5717644617',null,'2009-01-01 00:00:00','2009-12-31 00:00:00','0','2020-06-30 08:57:16','srvpensjon','2020-06-30 08:57:16','srvpensjon','PEN_B','G','NY_OPPTJENING','22468586','282072','282072','53863,23412649417','51055,03200000001',null,null,null,'302386761',null,'318527178');
INSERT INTO T_BEHOLDNING (BEHOLDNING_ID,FORRIGE_BEH_ID,BELOP,VEDTAK_ID_FK,DATO_FOM,DATO_TOM,VERSJON,DATO_OPPRETTET,OPPRETTET_AV,DATO_ENDRET,ENDRET_AV,K_BEHOLDNING_T,K_BEHOLDNING_S,K_RESTP_BEH_ARSAK,PERSON_ID,BEH_GRLAG,BEH_GRLAG_AVKORTET,BEH_INNSKUDD,BEH_INNSKUDD_U_OMS,F_TJEN_OPPTJ_ID,UFORE_OPPTJ_ID,OMSORG_OPPTJ_ID,INNTEKT_OPPTJ_ID,DAGPENGER_OPPTJ_ID,LONNSVEKST_REG_ID) VALUES ('430630832','430630831','2044941,0306675453',null,'2010-01-01 00:00:00','2010-04-30 00:00:00','0','2020-06-30 08:57:16','srvpensjon','2020-06-30 08:57:16','srvpensjon','PEN_B','G','NY_OPPTJENING','22468586','297587','297587','56803,94895825374','53863,247',null,null,null,'302386762',null,'318527179');
INSERT INTO T_BEHOLDNING (BEHOLDNING_ID,FORRIGE_BEH_ID,BELOP,VEDTAK_ID_FK,DATO_FOM,DATO_TOM,VERSJON,DATO_OPPRETTET,OPPRETTET_AV,DATO_ENDRET,ENDRET_AV,K_BEHOLDNING_T,K_BEHOLDNING_S,K_RESTP_BEH_ARSAK,PERSON_ID,BEH_GRLAG,BEH_GRLAG_AVKORTET,BEH_INNSKUDD,BEH_INNSKUDD_U_OMS,F_TJEN_OPPTJ_ID,UFORE_OPPTJ_ID,OMSORG_OPPTJ_ID,INNTEKT_OPPTJ_ID,DAGPENGER_OPPTJ_ID,LONNSVEKST_REG_ID) VALUES ('430630833','430630832','2122382,850135478',null,'2010-05-01 00:00:00','2010-12-31 00:00:00','0','2020-06-30 08:57:16','srvpensjon','2020-06-30 08:57:16','srvpensjon','PEN_B','G','REGULERING','22468586','297587','297587','56803,94895825374','53863,247',null,null,null,'302386763',null,'318527180');
INSERT INTO T_BEHOLDNING (BEHOLDNING_ID,FORRIGE_BEH_ID,BELOP,VEDTAK_ID_FK,DATO_FOM,DATO_TOM,VERSJON,DATO_OPPRETTET,OPPRETTET_AV,DATO_ENDRET,ENDRET_AV,K_BEHOLDNING_T,K_BEHOLDNING_S,K_RESTP_BEH_ARSAK,PERSON_ID,BEH_GRLAG,BEH_GRLAG_AVKORTET,BEH_INNSKUDD,BEH_INNSKUDD_U_OMS,F_TJEN_OPPTJ_ID,UFORE_OPPTJ_ID,OMSORG_OPPTJ_ID,INNTEKT_OPPTJ_ID,DAGPENGER_OPPTJ_ID,LONNSVEKST_REG_ID) VALUES ('430630903','430630704','2346256,671598779',null,'2012-01-01 00:00:00','2012-04-30 00:00:00','0','2020-06-30 08:57:19','srvpensjon','2020-06-30 08:57:19','srvpensjon','PEN_B','G','NY_OPPTJENING','22468586','321757','321757','61741,44824978254','58238,01700000001',null,null,null,'302386801',null,'318527305');
INSERT INTO T_BEHOLDNING (BEHOLDNING_ID,FORRIGE_BEH_ID,BELOP,VEDTAK_ID_FK,DATO_FOM,DATO_TOM,VERSJON,DATO_OPPRETTET,OPPRETTET_AV,DATO_ENDRET,ENDRET_AV,K_BEHOLDNING_T,K_BEHOLDNING_S,K_RESTP_BEH_ARSAK,PERSON_ID,BEH_GRLAG,BEH_GRLAG_AVKORTET,BEH_INNSKUDD,BEH_INNSKUDD_U_OMS,F_TJEN_OPPTJ_ID,UFORE_OPPTJ_ID,OMSORG_OPPTJ_ID,INNTEKT_OPPTJ_ID,DAGPENGER_OPPTJ_ID,LONNSVEKST_REG_ID) VALUES ('430630904','430630903','2432364,291446454',null,'2012-05-01 00:00:00','2012-12-31 00:00:00','0','2020-06-30 08:57:19','srvpensjon','2020-06-30 08:57:19','srvpensjon','PEN_B','G','REGULERING','22468586','321757','321757','61741,44824978254','58238,01700000001',null,null,null,'302386802',null,'318527235');
INSERT INTO T_BEHOLDNING (BEHOLDNING_ID,FORRIGE_BEH_ID,BELOP,VEDTAK_ID_FK,DATO_FOM,DATO_TOM,VERSJON,DATO_OPPRETTET,OPPRETTET_AV,DATO_ENDRET,ENDRET_AV,K_BEHOLDNING_T,K_BEHOLDNING_S,K_RESTP_BEH_ARSAK,PERSON_ID,BEH_GRLAG,BEH_GRLAG_AVKORTET,BEH_INNSKUDD,BEH_INNSKUDD_U_OMS,F_TJEN_OPPTJ_ID,UFORE_OPPTJ_ID,OMSORG_OPPTJ_ID,INNTEKT_OPPTJ_ID,DAGPENGER_OPPTJ_ID,LONNSVEKST_REG_ID) VALUES ('430630931','430630736','2657672,9493425405',null,'2014-01-01 00:00:00','2014-04-30 00:00:00','0','2020-06-30 08:57:21','srvpensjon','2020-06-30 08:57:21','srvpensjon','PEN_B','G','NY_OPPTJENING','22468586','349454','349454','66438,71294175221','63251,174000000006',null,null,null,'302386805',null,'318527321');
INSERT INTO T_BEHOLDNING (BEHOLDNING_ID,FORRIGE_BEH_ID,BELOP,VEDTAK_ID_FK,DATO_FOM,DATO_TOM,VERSJON,DATO_OPPRETTET,OPPRETTET_AV,DATO_ENDRET,ENDRET_AV,K_BEHOLDNING_T,K_BEHOLDNING_S,K_RESTP_BEH_ARSAK,PERSON_ID,BEH_GRLAG,BEH_GRLAG_AVKORTET,BEH_INNSKUDD,BEH_INNSKUDD_U_OMS,F_TJEN_OPPTJ_ID,UFORE_OPPTJ_ID,OMSORG_OPPTJ_ID,INNTEKT_OPPTJ_ID,DAGPENGER_OPPTJ_ID,LONNSVEKST_REG_ID) VALUES ('430630932','430630931','2755209,5465834117',null,'2014-05-01 00:00:00','2014-12-31 00:00:00','0','2020-06-30 08:57:21','srvpensjon','2020-06-30 08:57:21','srvpensjon','PEN_B','G','REGULERING','22468586','349454','349454','66438,71294175221','63251,174000000006',null,null,null,'302386806',null,'318527249');
INSERT INTO T_BEHOLDNING (BEHOLDNING_ID,FORRIGE_BEH_ID,BELOP,VEDTAK_ID_FK,DATO_FOM,DATO_TOM,VERSJON,DATO_OPPRETTET,OPPRETTET_AV,DATO_ENDRET,ENDRET_AV,K_BEHOLDNING_T,K_BEHOLDNING_S,K_RESTP_BEH_ARSAK,PERSON_ID,BEH_GRLAG,BEH_GRLAG_AVKORTET,BEH_INNSKUDD,BEH_INNSKUDD_U_OMS,F_TJEN_OPPTJ_ID,UFORE_OPPTJ_ID,OMSORG_OPPTJ_ID,INNTEKT_OPPTJ_ID,DAGPENGER_OPPTJ_ID,LONNSVEKST_REG_ID) VALUES ('430630951','430630760','2948509,4533324274',null,'2016-01-01 00:00:00','2016-04-30 00:00:00','0','2020-06-30 08:57:22','srvpensjon','2020-06-30 08:57:22','srvpensjon','PEN_B','G','NY_OPPTJENING','22468586','376044','376044','70199,16071373037','68063,964',null,null,null,'302386809',null,'318527333');
INSERT INTO T_BEHOLDNING (BEHOLDNING_ID,FORRIGE_BEH_ID,BELOP,VEDTAK_ID_FK,DATO_FOM,DATO_TOM,VERSJON,DATO_OPPRETTET,OPPRETTET_AV,DATO_ENDRET,ENDRET_AV,K_BEHOLDNING_T,K_BEHOLDNING_S,K_RESTP_BEH_ARSAK,PERSON_ID,BEH_GRLAG,BEH_GRLAG_AVKORTET,BEH_INNSKUDD,BEH_INNSKUDD_U_OMS,F_TJEN_OPPTJ_ID,UFORE_OPPTJ_ID,OMSORG_OPPTJ_ID,INNTEKT_OPPTJ_ID,DAGPENGER_OPPTJ_ID,LONNSVEKST_REG_ID) VALUES ('430630952','430630951','3030478,016135069',null,'2016-05-01 00:00:00','2016-12-31 00:00:00','0','2020-06-30 08:57:22','srvpensjon','2020-06-30 08:57:22','srvpensjon','PEN_B','G','REGULERING','22468586','376044','376044','70199,16071373037','68063,964',null,null,null,'302386810',null,'318527259');
INSERT INTO T_BEHOLDNING (BEHOLDNING_ID,FORRIGE_BEH_ID,BELOP,VEDTAK_ID_FK,DATO_FOM,DATO_TOM,VERSJON,DATO_OPPRETTET,OPPRETTET_AV,DATO_ENDRET,ENDRET_AV,K_BEHOLDNING_T,K_BEHOLDNING_S,K_RESTP_BEH_ARSAK,PERSON_ID,BEH_GRLAG,BEH_GRLAG_AVKORTET,BEH_INNSKUDD,BEH_INNSKUDD_U_OMS,F_TJEN_OPPTJ_ID,UFORE_OPPTJ_ID,OMSORG_OPPTJ_ID,INNTEKT_OPPTJ_ID,DAGPENGER_OPPTJ_ID,LONNSVEKST_REG_ID) VALUES ('430630963','430630976','3210974,6901696166',null,'2018-01-01 00:00:00','2018-04-30 00:00:00','0','2020-06-30 08:57:23','srvpensjon','2020-06-30 08:57:23','srvpensjon','PEN_B','G','NY_OPPTJENING','22468586','395043','395043','72975,86669288033','71502,78300000001',null,null,null,'302386813',null,'318527341');
INSERT INTO T_BEHOLDNING (BEHOLDNING_ID,FORRIGE_BEH_ID,BELOP,VEDTAK_ID_FK,DATO_FOM,DATO_TOM,VERSJON,DATO_OPPRETTET,OPPRETTET_AV,DATO_ENDRET,ENDRET_AV,K_BEHOLDNING_T,K_BEHOLDNING_S,K_RESTP_BEH_ARSAK,PERSON_ID,BEH_GRLAG,BEH_GRLAG_AVKORTET,BEH_INNSKUDD,BEH_INNSKUDD_U_OMS,F_TJEN_OPPTJ_ID,UFORE_OPPTJ_ID,OMSORG_OPPTJ_ID,INNTEKT_OPPTJ_ID,DAGPENGER_OPPTJ_ID,LONNSVEKST_REG_ID) VALUES ('430630975','430630952','3102628,8545350367',null,'2017-01-01 00:00:00','2017-04-30 00:00:00','0','2020-06-30 08:57:22','srvpensjon','2020-06-30 08:57:22','srvpensjon','PEN_B','G','NY_OPPTJENING','22468586','385406','385406','72150,83839996779','69758,486',null,null,null,'302386569',null,'318527259');
INSERT INTO T_BEHOLDNING (BEHOLDNING_ID,FORRIGE_BEH_ID,BELOP,VEDTAK_ID_FK,DATO_FOM,DATO_TOM,VERSJON,DATO_OPPRETTET,OPPRETTET_AV,DATO_ENDRET,ENDRET_AV,K_BEHOLDNING_T,K_BEHOLDNING_S,K_RESTP_BEH_ARSAK,PERSON_ID,BEH_GRLAG,BEH_GRLAG_AVKORTET,BEH_INNSKUDD,BEH_INNSKUDD_U_OMS,F_TJEN_OPPTJ_ID,UFORE_OPPTJ_ID,OMSORG_OPPTJ_ID,INNTEKT_OPPTJ_ID,DAGPENGER_OPPTJ_ID,LONNSVEKST_REG_ID) VALUES ('430630976','430630975','3137998,8234767364',null,'2017-05-01 00:00:00','2017-12-31 00:00:00','0','2020-06-30 08:57:22','srvpensjon','2020-06-30 08:57:22','srvpensjon','PEN_B','G','REGULERING','22468586','385406','385406','72150,83839996779','69758,486',null,null,null,'302386570',null,'318527341');
INSERT INTO T_BEHOLDNING (BEHOLDNING_ID,FORRIGE_BEH_ID,BELOP,VEDTAK_ID_FK,DATO_FOM,DATO_TOM,VERSJON,DATO_OPPRETTET,OPPRETTET_AV,DATO_ENDRET,ENDRET_AV,K_BEHOLDNING_T,K_BEHOLDNING_S,K_RESTP_BEH_ARSAK,PERSON_ID,BEH_GRLAG,BEH_GRLAG_AVKORTET,BEH_INNSKUDD,BEH_INNSKUDD_U_OMS,F_TJEN_OPPTJ_ID,UFORE_OPPTJ_ID,OMSORG_OPPTJ_ID,INNTEKT_OPPTJ_ID,DAGPENGER_OPPTJ_ID,LONNSVEKST_REG_ID) VALUES ('430631167','430630963','3322395,511918502',null,'2018-05-01 00:00:00','2020-06-30 00:00:00','0','2020-06-30 09:43:31','z994277','2020-06-30 09:43:31','z994277','PEN_B','G','REGULERING','22468586','395043','395043','72975,86669288033','71502,78300000001',null,null,null,'302386814',null,'318527265');
INSERT INTO T_BEHOLDNING (BEHOLDNING_ID,FORRIGE_BEH_ID,BELOP,VEDTAK_ID_FK,DATO_FOM,DATO_TOM,VERSJON,DATO_OPPRETTET,OPPRETTET_AV,DATO_ENDRET,ENDRET_AV,K_BEHOLDNING_T,K_BEHOLDNING_S,K_RESTP_BEH_ARSAK,PERSON_ID,BEH_GRLAG,BEH_GRLAG_AVKORTET,BEH_INNSKUDD,BEH_INNSKUDD_U_OMS,F_TJEN_OPPTJ_ID,UFORE_OPPTJ_ID,OMSORG_OPPTJ_ID,INNTEKT_OPPTJ_ID,DAGPENGER_OPPTJ_ID,LONNSVEKST_REG_ID) VALUES ('430631168','430631167','0','42750256','2020-07-01 00:00:00',null,'0','2020-06-30 09:43:31','z994277','2020-06-30 09:43:31','z994277','PEN_B','G','VEDTAK','22468586',null,null,null,null,null,null,null,null,null,'318527267');
INSERT INTO T_BEHOLDNING (BEHOLDNING_ID,FORRIGE_BEH_ID,BELOP,VEDTAK_ID_FK,DATO_FOM,DATO_TOM,VERSJON,DATO_OPPRETTET,OPPRETTET_AV,DATO_ENDRET,ENDRET_AV,K_BEHOLDNING_T,K_BEHOLDNING_S,K_RESTP_BEH_ARSAK,PERSON_ID,BEH_GRLAG,BEH_GRLAG_AVKORTET,BEH_INNSKUDD,BEH_INNSKUDD_U_OMS,F_TJEN_OPPTJ_ID,UFORE_OPPTJ_ID,OMSORG_OPPTJ_ID,INNTEKT_OPPTJ_ID,DAGPENGER_OPPTJ_ID,LONNSVEKST_REG_ID) VALUES ('430631169',null,'0','42750256','2020-07-01 00:00:00',null,'0','2020-06-30 09:43:31','z994277','2020-06-30 09:43:31','z994277','GAR_PEN_B','G','VEDTAK','22468586',null,null,null,null,null,null,null,null,null,null);
INSERT INTO T_NY_OPPTJN_GRL (NY_OPPTJN_GRL_ID,OPPTJN_AR,INNTEKT_ID,DAGPENGER_ID,DAGPENGER_GFF_ID,PERSON_ID,VERSJON,DATO_OPPRETTET,OPPRETTET_AV,DATO_ENDRET,ENDRET_AV,STATUS,FNR,UFORE_FIL_INFO_ID,F_TJEN_TOT_ID,OMSORG_OBU_ID,OMSORG_OBOH_ID,OMSORG_OSFE_ID) VALUES ('231970346','2017','585527442',null,null,'22468586','0','2020-06-30 08:57:23','srvpensjon','2020-06-30 08:57:23','srvpensjon',null,null,null,null,null,null,null);
INSERT INTO T_NY_OPPTJN_GRL (NY_OPPTJN_GRL_ID,OPPTJN_AR,INNTEKT_ID,DAGPENGER_ID,DAGPENGER_GFF_ID,PERSON_ID,VERSJON,DATO_OPPRETTET,OPPRETTET_AV,DATO_ENDRET,ENDRET_AV,STATUS,FNR,UFORE_FIL_INFO_ID,F_TJEN_TOT_ID,OMSORG_OBU_ID,OMSORG_OBOH_ID,OMSORG_OSFE_ID) VALUES ('231970002','2019','585527444',null,null,'22468586','1','2020-06-29 16:15:09','srvpensjon','2020-06-30 08:57:24','srvpensjon',null,null,null,null,null,null,null);
INSERT INTO T_NY_OPPTJN_GRL (NY_OPPTJN_GRL_ID,OPPTJN_AR,INNTEKT_ID,DAGPENGER_ID,DAGPENGER_GFF_ID,PERSON_ID,VERSJON,DATO_OPPRETTET,OPPRETTET_AV,DATO_ENDRET,ENDRET_AV,STATUS,FNR,UFORE_FIL_INFO_ID,F_TJEN_TOT_ID,OMSORG_OBU_ID,OMSORG_OBOH_ID,OMSORG_OSFE_ID) VALUES ('231970502','2018','585527616',null,null,'22468586','0','2020-06-30 08:57:23','srvpensjon','2020-06-30 08:57:23','srvpensjon',null,null,null,null,null,null,null);