insert into "PEN"."T_PERSON"("PERSON_ID","FNR_FK","DATO_FODSEL","DATO_OPPRETTET","DATO_DOD","DATO_UTVANDRET","OPPRETTET_AV","DATO_ENDRET","ENDRET_AV","VERSJON","BOSTEDSLAND") values ('20000800','{fnr}',TO_DATE('1952-10-21 00:00:00', 'YYYY-MM-DD HH24:MI:SS'),TO_TIMESTAMP('2008-12-04 00:13:58'),NULL,NULL,'KF37/T_PERSON',TO_TIMESTAMP('2008-12-04 00:13:58'),'KF37/T_PERSON','1',NULL)
insert into "PEN"."T_SAK"("SAK_ID","K_SAK_T","DATO_OPPRETTET","INHABIL","OPPRETTET_AV","DATO_ENDRET","ENDRET_AV","PERSON_ID","VERSJON","K_SAK_S","OS_ID_FK","K_UTLANDSTILKNYTNING","BREV_INFO_LISTE_ID") values ('20000600','UFOREP',TO_TIMESTAMP('2019-10-02 08:47:01'),'0','Z990192',TO_TIMESTAMP('2019-10-02 08:47:01'),'Z990192','20000800','0','OPPRETTET',NULL,NULL,NULL)
insert into "PEN"."T_PEN_ORG_ENHET"("PEN_ORG_ENHET_ID","ORG_ENHET_ID_FK","DATO_OPPRETTET","OPPRETTET_AV","DATO_ENDRET","ENDRET_AV","VERSJON") values ('20000400','4415',TO_TIMESTAMP('2019-10-02 08:47:01'),'Z990192',TO_TIMESTAMP('2019-10-02 08:47:01'),'Z990192','0')
insert into "PEN"."T_SAK_TILGANG"("SAK_TILGANG_ID","DATO_FOM","DATO_TOM","DATO_OPPRETTET","OPPRETTET_AV","DATO_ENDRET","ENDRET_AV","SAK_ID","PEN_ORG_ENHET_ID","K_TILGANG_ARSAK","K_TILGANG_T","VERSJON") values ('20000600',TO_DATE('2019-10-02 00:00:00', 'YYYY-MM-DD HH24:MI:SS'),NULL,TO_TIMESTAMP('2019-10-02 08:47:01'),'Z990192',TO_TIMESTAMP('2019-10-02 08:47:01'),'Z990192','20000600','20000400','NYOPP','PERM','0')
insert into "PEN"."T_HENDELSE"("HENDELSE_ID","KRAVHODE_ID","K_HENDELSE_T","DATO_OPPRETTET","DATO_ENDRET","OPPRETTET_AV","ENDRET_AV","SAK_ID","VERSJON","PEN_ORG_ENHET_ID","VEDTAK_ID","K_VILKAR_RESUL_T","HENDELSESINFO") values ('20000600',NULL,'SAK_OPPRETTET',TO_TIMESTAMP('2019-10-02 08:47:01'),TO_TIMESTAMP('2019-10-02 08:47:01'),'Z990192','Z990192','20000600','0','20000400',NULL,NULL,NULL)
insert into "PEN"."T_KRAVHODE"("KRAVHODE_ID","FORRIGE_IVERKSATTE_KRAV","KRAVHODE_ID_FOR","DATO_OPPRETTET","DATO_ENDRET","ENDRET_AV","OPPRETTET_AV","SAK_ID","DATO_MOTTATT_KRAV","K_KRAV_GJELDER","K_AFP_T","K_KRAV_S","VERSJON","K_BEHANDLING_T","ORGANISASJON_NR","GRUNNLAG_LAST","GYLDIG_VILKAR_PROV","K_INITIERT_AV","DATO_KOMPLETT","K_FLYT_KRAVLINJE","BODD_ARB_UTL","KRAV_LAST","PERSON_DOD_ID","BODD_ARB_UTL_FAR","DATO_ONSKET_VIRK","KOLLEKTIVE_VILKAR","AFP_TILLEGG","ER_BEREGNET","VUR_TRYGDEAV_FAR","TSS_ID_AFP","HENTET_TPS","NORGE_BEHAND_LAND","K_KRAV_VELG_T","TILBAKEKREVING","FAR_DOD_ID","SOKT_AFP_PRIVAT","MOR_DOD_ID","BODD_ARB_UTL_MOR","BODD_ARB_UTL_AVDOD","VUR_TRYGDEAV_MOR","REV_PGA_RED_OPPTJ","DATO_VERSJONERING","VUR_TRYGDEAV_AVDOD","OVERF_OMS_POENG","BR_OPP_FR_65_I_66","VUR_TRYGDEAV","PEN_ORG_ENHET_ID","K_REGELVERK_T","ER_SAMSTOT_VURDERT","AFP_PRIV_RES_FK_ID","SIST_AP_BER_2011_ID","FORRIGE_VEDTAK_TID","UKJENT_AVDOD","UKJENT_FAR","UKJENT_MOR","BODD_ARB_UTL_EPS","SISTE_SAKTYPE_FOR_AP","MOTTATT_TT_OPPL_EPS","HENTET_FEIL_UTBET_GR","SAKSBEH_DEL_AUTO","ANTALL_DAGER_ANNEN_YTELSE","DAGSATS_ANNEN_YTELSE","STARTET_VILKVURD_UT","KONVERTERINGSGRUNNLAG_UT_ID","HJEMMEBEREGNING_UT_ID","SISTE_UFORE_BER_ID","DATO_VURDERT_ONSKET_VIRK","SVAR_MOTTATT_UTLAND","BT_VURDERING_PERIODE_BENYTTET","BERORT_SAK_BEGRUNNELSE","MERKNAD_LISTE","K_UTLANDSTILKNYTNING","DATO_REGISTRERT","BREV_INFO_LISTE_ID","BUC_ID") values ('20000800',NULL,NULL,TO_TIMESTAMP('2019-10-02 08:47:35'),TO_TIMESTAMP('2019-10-02 08:47:35'),'Z990192','Z990192','20000600',TO_DATE('2019-10-02 00:00:00', 'YYYY-MM-DD HH24:MI:SS'),'FORSTEG_BH',NULL,'TIL_BEHANDLING','0','MAN',NULL,'0','0','ANNET',TO_DATE('2019-10-02 00:00:00', 'YYYY-MM-DD HH24:MI:SS'),NULL,'0','0',NULL,NULL,TO_DATE('2019-08-01 00:00:00', 'YYYY-MM-DD HH24:MI:SS'),'0','0','0',NULL,NULL,'0','0','VARIG','0',NULL,NULL,NULL,NULL,NULL,NULL,NULL,NULL,NULL,'0','0','0','20000400',NULL,'0',NULL,NULL,NULL,'0','0','0',NULL,NULL,NULL,'0',NULL,NULL,NULL,'0',NULL,NULL,NULL,NULL,NULL,'1',NULL,EMPTY_CLOB(),NULL,TO_TIMESTAMP('2019-10-02 08:47:35'),NULL,NULL)
update "PEN"."T_KRAVHODE" set "MERKNAD_LISTE" = NULL where "KRAVHODE_ID" = '20000800' and "FORRIGE_IVERKSATTE_KRAV" IS NULL and "KRAVHODE_ID_FOR" IS NULL and "DATO_OPPRETTET" = TO_TIMESTAMP('2019-10-02 08:47:35') and "DATO_ENDRET" = TO_TIMESTAMP('2019-10-02 08:47:35') and "ENDRET_AV" = 'Z990192' and "OPPRETTET_AV" = 'Z990192' and "SAK_ID" = '20000600' and "DATO_MOTTATT_KRAV" = TO_DATE('2019-10-02 00:00:00', 'YYYY-MM-DD HH24:MI:SS') and "K_KRAV_GJELDER" = 'FORSTEG_BH' and "K_AFP_T" IS NULL and "K_KRAV_S" = 'TIL_BEHANDLING' and "VERSJON" = '0' and "K_BEHANDLING_T" = 'MAN' and "ORGANISASJON_NR" IS NULL and "GRUNNLAG_LAST" = '0' and "GYLDIG_VILKAR_PROV" = '0' and "K_INITIERT_AV" = 'ANNET' and "DATO_KOMPLETT" = TO_DATE('2019-10-02 00:00:00', 'YYYY-MM-DD HH24:MI:SS') and "K_FLYT_KRAVLINJE" IS NULL and "BODD_ARB_UTL" = '0' and "KRAV_LAST" = '0' and "PERSON_DOD_ID" IS NULL and "BODD_ARB_UTL_FAR" IS NULL and "DATO_ONSKET_VIRK" = TO_DATE('2019-08-01 00:00:00', 'YYYY-MM-DD HH24:MI:SS') and "KOLLEKTIVE_VILKAR" = '0' and "AFP_TILLEGG" = '0' and "ER_BEREGNET" = '0' and "VUR_TRYGDEAV_FAR" IS NULL and "TSS_ID_AFP" IS NULL and "HENTET_TPS" = '0' and "NORGE_BEHAND_LAND" = '0' and "K_KRAV_VELG_T" = 'VARIG' and "TILBAKEKREVING" = '0' and "FAR_DOD_ID" IS NULL and "SOKT_AFP_PRIVAT" IS NULL and "MOR_DOD_ID" IS NULL and "BODD_ARB_UTL_MOR" IS NULL and "BODD_ARB_UTL_AVDOD" IS NULL and "VUR_TRYGDEAV_MOR" IS NULL and "REV_PGA_RED_OPPTJ" IS NULL and "DATO_VERSJONERING" IS NULL and "VUR_TRYGDEAV_AVDOD" IS NULL and "OVERF_OMS_POENG" = '0' and "BR_OPP_FR_65_I_66" = '0' and "VUR_TRYGDEAV" = '0' and "PEN_ORG_ENHET_ID" = '20000400' and "K_REGELVERK_T" IS NULL and "ER_SAMSTOT_VURDERT" = '0' and "AFP_PRIV_RES_FK_ID" IS NULL and "SIST_AP_BER_2011_ID" IS NULL and "FORRIGE_VEDTAK_TID" IS NULL and "UKJENT_AVDOD" = '0' and "UKJENT_FAR" = '0' and "UKJENT_MOR" = '0' and "BODD_ARB_UTL_EPS" IS NULL and "SISTE_SAKTYPE_FOR_AP" IS NULL and "MOTTATT_TT_OPPL_EPS" IS NULL and "HENTET_FEIL_UTBET_GR" = '0' and "SAKSBEH_DEL_AUTO" IS NULL and "ANTALL_DAGER_ANNEN_YTELSE" IS NULL and "DAGSATS_ANNEN_YTELSE" IS NULL and "STARTET_VILKVURD_UT" = '0' and "KONVERTERINGSGRUNNLAG_UT_ID" IS NULL and "HJEMMEBEREGNING_UT_ID" IS NULL and "SISTE_UFORE_BER_ID" IS NULL and "DATO_VURDERT_ONSKET_VIRK" IS NULL and "SVAR_MOTTATT_UTLAND" IS NULL and "BT_VURDERING_PERIODE_BENYTTET" = '1' and "BERORT_SAK_BEGRUNNELSE" IS NULL and "K_UTLANDSTILKNYTNING" IS NULL and "DATO_REGISTRERT" = TO_TIMESTAMP('2019-10-02 08:47:35') and "BREV_INFO_LISTE_ID" IS NULL and "BUC_ID" IS NULL
insert into "PEN"."T_KRAV_ARSAK"("KRAV_ARSAK_ID","K_KRAV_ARSAK_T","KRAVHODE_ID","PERSON_ID","DATO_OPPRETTET","OPPRETTET_AV","DATO_ENDRET","ENDRET_AV","VERSJON") values ('20000800','NY_SOKNAD','20000800','20000800',TO_TIMESTAMP('2019-10-02 08:47:35'),'Z990192',TO_TIMESTAMP('2019-10-02 08:47:35'),'Z990192','0')
insert into "PEN"."T_KRAVLINJE_S"("KRAVLINJE_S_ID","DATO_OPPRETTET","OPPRETTET_AV","DATO_ENDRET","ENDRET_AV","K_KRAVLINJE_S","KRAVLINJE_ID","VERSJON") values ('20000408',TO_TIMESTAMP('2019-10-02 08:47:35'),'Z990192',TO_TIMESTAMP('2019-10-02 08:47:35'),'Z990192','TIL_BEHANDLING',NULL,'0')
insert into "PEN"."T_KRAVLINJE"("KRAVLINJE_ID","KRAVHODE_ID","K_KRAVLINJE_T","PERSON_ID","KRAVLINJE_S_ID","K_LAND_3_TEGN_ID","DATO_OPPRETTET","OPPRETTET_AV","DATO_ENDRET","ENDRET_AV","VERSJON","K_UTLAND_S") values ('20000800','20000800','UT','20000800','20000408','161',TO_TIMESTAMP('2019-10-02 08:47:35'),'Z990192',TO_TIMESTAMP('2019-10-02 08:47:35'),'Z990192','0',NULL)
insert into "PEN"."T_HENDELSE"("HENDELSE_ID","KRAVHODE_ID","K_HENDELSE_T","DATO_OPPRETTET","DATO_ENDRET","OPPRETTET_AV","ENDRET_AV","SAK_ID","VERSJON","PEN_ORG_ENHET_ID","VEDTAK_ID","K_VILKAR_RESUL_T","HENDELSESINFO") values ('20000602','20000800','FORSTEG_BH',TO_TIMESTAMP('2019-10-02 08:47:35'),TO_TIMESTAMP('2019-10-02 08:47:35'),'{saksbehandler}','Z990192','20000600','0','20000400',NULL,NULL,NULL)
update "PEN"."T_KRAVLINJE_S" set "DATO_OPPRETTET" = TO_TIMESTAMP('2019-10-02 08:47:35'), "OPPRETTET_AV" = 'Z990192', "DATO_ENDRET" = TO_TIMESTAMP('2019-10-02 08:47:35'), "ENDRET_AV" = 'Z990192', "K_KRAVLINJE_S" = 'TIL_BEHANDLING', "KRAVLINJE_ID" = '20000800', "VERSJON" = '1' where "DATO_OPPRETTET" = TO_TIMESTAMP('2019-10-02 08:47:35') and "OPPRETTET_AV" = 'Z990192' and "DATO_ENDRET" = TO_TIMESTAMP('2019-10-02 08:47:35') and "ENDRET_AV" = 'Z990192' and "K_KRAVLINJE_S" = 'TIL_BEHANDLING' and "KRAVLINJE_ID" IS NULL and "VERSJON" = '0'
update "PEN"."T_SAK" set "K_SAK_T" = 'UFOREP', "DATO_OPPRETTET" = TO_TIMESTAMP('2019-10-02 08:47:01'), "INHABIL" = '0', "OPPRETTET_AV" = 'Z990192', "DATO_ENDRET" = TO_TIMESTAMP('2019-10-02 08:47:35'), "ENDRET_AV" = 'Z990192', "PERSON_ID" = '20000800', "VERSJON" = '1', "K_SAK_S" = 'TIL_BEHANDLING' where "K_SAK_T" = 'UFOREP' and "DATO_OPPRETTET" = TO_TIMESTAMP('2019-10-02 08:47:01') and "INHABIL" = '0' and "OPPRETTET_AV" = 'Z990192' and "DATO_ENDRET" = TO_TIMESTAMP('2019-10-02 08:47:01') and "ENDRET_AV" = 'Z990192' and "PERSON_ID" = '20000800' and "VERSJON" = '0' and "K_SAK_S" = 'OPPRETTET'
insert into "PEN"."T_PERSON_GRUNNLAG"("PERSON_GRUNNLAG_ID","DATO_OPPRETTET","OPPRETTET_AV","DATO_ENDRET","ENDRET_AV","PERSON_ID","DATO_DOD","FNR_FK","FLYKTNING","VERSJON","KRAVHODE_ID","HENTET_INST","SIMULERING_ID","HENTET_ARBEID","DATO_VEDTAK_UDI","HENTET_POPP","HENTET_INNT","HENTET_TT","ANTALL_AR_UTLAND","DATO_FODSEL","STATSBORGERSKAP","FASTSATT_TRYGDETID","DOD_AV_YRKESSKADE","MEDL_FT_SISTE_3_AR","OVER_60AR_IKKE_FS","OVERKOMP_UTL","ARTIKKEL_10","OVERF_OMS_POENG","SIST_MEDL_I_T","GODSK_OMS_POENG","ARLIG_PGI_M_1_G","SKILTES_DEL_AVD_TP","BOSTEDSLAND","AFP_HISTORIK_ID","UFORE_HISTORIK_ID","HISTORISK_UFORE_HISTORIK_ID","GEN_HISTORIK_ID","SIST_GYLD_OPPTJ_AR","VILKVEDTAK_UFORETRYGD_GRNL_ID","OVERGANGSINFO_UP_TIL_UT_ID","TRYGDETIDALTERNATIV_ID","UFORE_OPPTJENING_GRUNNLAG_ID") values ('20000800',TO_TIMESTAMP('2019-10-02 08:47:35'),'Z990192',TO_TIMESTAMP('2019-10-02 08:47:35'),'Z990192','20000800',NULL,'{fnr}','0','0','20000800','0',NULL,'0',NULL,'0','0','0',NULL,TO_DATE('1952-10-21 00:00:00', 'YYYY-MM-DD HH24:MI:SS'),'161','0','0',NULL,NULL,NULL,NULL,'0',NULL,'0',NULL,NULL,NULL,NULL,NULL,NULL,NULL,NULL,NULL,NULL,NULL,NULL)
insert into "PEN"."T_GRUNNLAG_VEDLEGG"("GRUNNLAG_VEDLEGG_ID","DATO_ENDRET","ENDRET_AV","DATO_OPPRETTET","OPPRETTET_AV","PERSON_GRUNNLAG_ID","K_GRUNNLAG_VEDLEGG_T","VERSJON") values ('20000400',TO_TIMESTAMP('2019-10-02 08:47:35'),'Z990192',TO_TIMESTAMP('2019-10-02 08:47:35'),'Z990192','20000800','PERSON_DET','0')
insert into "PEN"."T_PERSON_DET"("PERSON_DET_ID","PERSON_GRUNNLAG_ID","K_GRNL_ROLLE_T","K_KILDE_TPS_T","REG_OPPRETTET_AV","REG_ENDRET_AV","DATO_FOM","DATO_TOM","ROLLE_FOM","ROLLE_TOM","DATO_OPPRETTET","TILLEGG","OPPRETTET_AV","DATO_ENDRET","ENDRET_AV","VERSJON","BRUK","K_GRUNNLAG_KILDE","K_SIVILSTAND_T","SIV_REL_PERS","K_BOR_MED_T","GRUNNLAG_VEDLEGG_ID","KOPIERT_FRA_GAMMELT_KRAV") values ('20000800','20000800','SOKER',NULL,NULL,NULL,TO_DATE('2002-09-01 00:00:00', 'YYYY-MM-DD HH24:MI:SS'),NULL,TO_DATE('2002-08-05 00:00:00', 'YYYY-MM-DD HH24:MI:SS'),NULL,TO_TIMESTAMP('2019-10-02 08:47:35'),'0','Z990192',TO_TIMESTAMP('2019-10-02 08:47:35'),'Z990192','0','1','TPS','SKIL',NULL,NULL,'20000400','0')
update "PEN"."T_KRAVHODE" set "MERKNAD_LISTE" = NULL where "FORRIGE_IVERKSATTE_KRAV" IS NULL and "KRAVHODE_ID_FOR" IS NULL and "DATO_OPPRETTET" = TO_TIMESTAMP('2019-10-02 08:47:35') and "DATO_ENDRET" = TO_TIMESTAMP('2019-10-02 08:47:35') and "ENDRET_AV" = 'Z990192' and "OPPRETTET_AV" = 'Z990192' and "SAK_ID" = '20000600' and "DATO_MOTTATT_KRAV" = TO_DATE('2019-10-02 00:00:00', 'YYYY-MM-DD HH24:MI:SS') and "K_KRAV_GJELDER" = 'FORSTEG_BH' and "K_AFP_T" IS NULL and "K_KRAV_S" = 'TIL_BEHANDLING' and "VERSJON" = '1' and "K_BEHANDLING_T" = 'MAN' and "ORGANISASJON_NR" IS NULL and "GRUNNLAG_LAST" = '0' and "GYLDIG_VILKAR_PROV" = '0' and "K_INITIERT_AV" = 'ANNET' and "DATO_KOMPLETT" = TO_DATE('2019-10-02 00:00:00', 'YYYY-MM-DD HH24:MI:SS') and "K_FLYT_KRAVLINJE" IS NULL and "BODD_ARB_UTL" = '0' and "KRAV_LAST" = '0' and "PERSON_DOD_ID" IS NULL and "BODD_ARB_UTL_FAR" IS NULL and "DATO_ONSKET_VIRK" = TO_DATE('2019-08-01 00:00:00', 'YYYY-MM-DD HH24:MI:SS') and "KOLLEKTIVE_VILKAR" = '0' and "AFP_TILLEGG" = '0' and "ER_BEREGNET" = '0' and "VUR_TRYGDEAV_FAR" IS NULL and "TSS_ID_AFP" IS NULL and "HENTET_TPS" = '1' and "NORGE_BEHAND_LAND" = '0' and "K_KRAV_VELG_T" = 'VARIG' and "TILBAKEKREVING" = '0' and "FAR_DOD_ID" IS NULL and "SOKT_AFP_PRIVAT" IS NULL and "MOR_DOD_ID" IS NULL and "BODD_ARB_UTL_MOR" IS NULL and "BODD_ARB_UTL_AVDOD" IS NULL and "VUR_TRYGDEAV_MOR" IS NULL and "REV_PGA_RED_OPPTJ" IS NULL and "DATO_VERSJONERING" IS NULL and "VUR_TRYGDEAV_AVDOD" IS NULL and "OVERF_OMS_POENG" = '0' and "BR_OPP_FR_65_I_66" = '0' and "VUR_TRYGDEAV" = '0' and "PEN_ORG_ENHET_ID" = '20000400' and "K_REGELVERK_T" IS NULL and "ER_SAMSTOT_VURDERT" = '0' and "AFP_PRIV_RES_FK_ID" IS NULL and "SIST_AP_BER_2011_ID" IS NULL and "FORRIGE_VEDTAK_TID" IS NULL and "UKJENT_AVDOD" = '0' and "UKJENT_FAR" = '0' and "UKJENT_MOR" = '0' and "BODD_ARB_UTL_EPS" IS NULL and "SISTE_SAKTYPE_FOR_AP" IS NULL and "MOTTATT_TT_OPPL_EPS" IS NULL and "HENTET_FEIL_UTBET_GR" = '0' and "SAKSBEH_DEL_AUTO" IS NULL and "ANTALL_DAGER_ANNEN_YTELSE" IS NULL and "DAGSATS_ANNEN_YTELSE" IS NULL and "STARTET_VILKVURD_UT" = '0' and "KONVERTERINGSGRUNNLAG_UT_ID" IS NULL and "HJEMMEBEREGNING_UT_ID" IS NULL and "DATO_VURDERT_ONSKET_VIRK" IS NULL and "SVAR_MOTTATT_UTLAND" IS NULL and "BT_VURDERING_PERIODE_BENYTTET" = '1' and "BERORT_SAK_BEGRUNNELSE" IS NULL and "K_UTLANDSTILKNYTNING" IS NULL and "DATO_REGISTRERT" = TO_TIMESTAMP('2019-10-02 08:47:35')
update "PEN"."T_KRAVHODE" set "FORRIGE_IVERKSATTE_KRAV" = NULL, "KRAVHODE_ID_FOR" = NULL, "DATO_OPPRETTET" = TO_TIMESTAMP('2019-10-02 08:47:35'), "DATO_ENDRET" = TO_TIMESTAMP('2019-10-02 08:47:35'), "ENDRET_AV" = 'Z990192', "OPPRETTET_AV" = 'Z990192', "SAK_ID" = '20000600', "DATO_MOTTATT_KRAV" = TO_DATE('2019-10-02 00:00:00', 'YYYY-MM-DD HH24:MI:SS'), "K_KRAV_GJELDER" = 'FORSTEG_BH', "K_AFP_T" = NULL, "K_KRAV_S" = 'TIL_BEHANDLING', "VERSJON" = '1', "K_BEHANDLING_T" = 'MAN', "ORGANISASJON_NR" = NULL, "GRUNNLAG_LAST" = '0', "GYLDIG_VILKAR_PROV" = '0', "K_INITIERT_AV" = 'ANNET', "DATO_KOMPLETT" = TO_DATE('2019-10-02 00:00:00', 'YYYY-MM-DD HH24:MI:SS'), "K_FLYT_KRAVLINJE" = NULL, "BODD_ARB_UTL" = '0', "KRAV_LAST" = '0', "PERSON_DOD_ID" = NULL, "BODD_ARB_UTL_FAR" = NULL, "DATO_ONSKET_VIRK" = TO_DATE('2019-08-01 00:00:00', 'YYYY-MM-DD HH24:MI:SS'), "KOLLEKTIVE_VILKAR" = '0', "AFP_TILLEGG" = '0', "ER_BEREGNET" = '0', "VUR_TRYGDEAV_FAR" = NULL, "TSS_ID_AFP" = NULL, "HENTET_TPS" = '1', "NORGE_BEHAND_LAND" = '0', "K_KRAV_VELG_T" = 'VARIG', "TILBAKEKREVING" = '0', "FAR_DOD_ID" = NULL, "SOKT_AFP_PRIVAT" = NULL, "MOR_DOD_ID" = NULL, "BODD_ARB_UTL_MOR" = NULL, "BODD_ARB_UTL_AVDOD" = NULL, "VUR_TRYGDEAV_MOR" = NULL, "REV_PGA_RED_OPPTJ" = NULL, "DATO_VERSJONERING" = NULL, "VUR_TRYGDEAV_AVDOD" = NULL, "OVERF_OMS_POENG" = '0', "BR_OPP_FR_65_I_66" = '0', "VUR_TRYGDEAV" = '0', "PEN_ORG_ENHET_ID" = '20000400', "K_REGELVERK_T" = NULL, "ER_SAMSTOT_VURDERT" = '0', "AFP_PRIV_RES_FK_ID" = NULL, "SIST_AP_BER_2011_ID" = NULL, "FORRIGE_VEDTAK_TID" = NULL, "UKJENT_AVDOD" = '0', "UKJENT_FAR" = '0', "UKJENT_MOR" = '0', "BODD_ARB_UTL_EPS" = NULL, "SISTE_SAKTYPE_FOR_AP" = NULL, "MOTTATT_TT_OPPL_EPS" = NULL, "HENTET_FEIL_UTBET_GR" = '0', "SAKSBEH_DEL_AUTO" = NULL, "ANTALL_DAGER_ANNEN_YTELSE" = NULL, "DAGSATS_ANNEN_YTELSE" = NULL, "STARTET_VILKVURD_UT" = '0', "KONVERTERINGSGRUNNLAG_UT_ID" = NULL, "HJEMMEBEREGNING_UT_ID" = NULL, "DATO_VURDERT_ONSKET_VIRK" = NULL, "SVAR_MOTTATT_UTLAND" = NULL, "BT_VURDERING_PERIODE_BENYTTET" = '1', "BERORT_SAK_BEGRUNNELSE" = NULL, "MERKNAD_LISTE" = EMPTY_CLOB(), "K_UTLANDSTILKNYTNING" = NULL, "DATO_REGISTRERT" = TO_TIMESTAMP('2019-10-02 08:47:35'), "BREV_INFO_LISTE_ID" = NULL, "BUC_ID" = NULL where "FORRIGE_IVERKSATTE_KRAV" IS NULL and "KRAVHODE_ID_FOR" IS NULL and "DATO_OPPRETTET" = TO_TIMESTAMP('2019-10-02 08:47:35') and "DATO_ENDRET" = TO_TIMESTAMP('2019-10-02 08:47:35') and "ENDRET_AV" = 'Z990192' and "OPPRETTET_AV" = 'Z990192' and "SAK_ID" = '20000600' and "DATO_MOTTATT_KRAV" = TO_DATE('2019-10-02 00:00:00', 'YYYY-MM-DD HH24:MI:SS') and "K_KRAV_GJELDER" = 'FORSTEG_BH' and "K_AFP_T" IS NULL and "K_KRAV_S" = 'TIL_BEHANDLING' and "VERSJON" = '0' and "K_BEHANDLING_T" = 'MAN' and "ORGANISASJON_NR" IS NULL and "GRUNNLAG_LAST" = '0' and "GYLDIG_VILKAR_PROV" = '0' and "K_INITIERT_AV" = 'ANNET' and "DATO_KOMPLETT" = TO_DATE('2019-10-02 00:00:00', 'YYYY-MM-DD HH24:MI:SS') and "K_FLYT_KRAVLINJE" IS NULL and "BODD_ARB_UTL" = '0' and "KRAV_LAST" = '0' and "PERSON_DOD_ID" IS NULL and "BODD_ARB_UTL_FAR" IS NULL and "DATO_ONSKET_VIRK" = TO_DATE('2019-08-01 00:00:00', 'YYYY-MM-DD HH24:MI:SS') and "KOLLEKTIVE_VILKAR" = '0' and "AFP_TILLEGG" = '0' and "ER_BEREGNET" = '0' and "VUR_TRYGDEAV_FAR" IS NULL and "TSS_ID_AFP" IS NULL and "HENTET_TPS" = '0' and "NORGE_BEHAND_LAND" = '0' and "K_KRAV_VELG_T" = 'VARIG' and "TILBAKEKREVING" = '0' and "FAR_DOD_ID" IS NULL and "SOKT_AFP_PRIVAT" IS NULL and "MOR_DOD_ID" IS NULL and "BODD_ARB_UTL_MOR" IS NULL and "BODD_ARB_UTL_AVDOD" IS NULL and "VUR_TRYGDEAV_MOR" IS NULL and "REV_PGA_RED_OPPTJ" IS NULL and "DATO_VERSJONERING" IS NULL and "VUR_TRYGDEAV_AVDOD" IS NULL and "OVERF_OMS_POENG" = '0' and "BR_OPP_FR_65_I_66" = '0' and "VUR_TRYGDEAV" = '0' and "PEN_ORG_ENHET_ID" = '20000400' and "K_REGELVERK_T" IS NULL and "ER_SAMSTOT_VURDERT" = '0' and "AFP_PRIV_RES_FK_ID" IS NULL and "SIST_AP_BER_2011_ID" IS NULL and "FORRIGE_VEDTAK_TID" IS NULL and "UKJENT_AVDOD" = '0' and "UKJENT_FAR" = '0' and "UKJENT_MOR" = '0' and "BODD_ARB_UTL_EPS" IS NULL and "SISTE_SAKTYPE_FOR_AP" IS NULL and "MOTTATT_TT_OPPL_EPS" IS NULL and "HENTET_FEIL_UTBET_GR" = '0' and "SAKSBEH_DEL_AUTO" IS NULL and "ANTALL_DAGER_ANNEN_YTELSE" IS NULL and "DAGSATS_ANNEN_YTELSE" IS NULL and "STARTET_VILKVURD_UT" = '0' and "KONVERTERINGSGRUNNLAG_UT_ID" IS NULL and "HJEMMEBEREGNING_UT_ID" IS NULL and "DATO_VURDERT_ONSKET_VIRK" IS NULL and "SVAR_MOTTATT_UTLAND" IS NULL and "BT_VURDERING_PERIODE_BENYTTET" = '1' and "BERORT_SAK_BEGRUNNELSE" IS NULL and "K_UTLANDSTILKNYTNING" IS NULL and "DATO_REGISTRERT" = TO_TIMESTAMP('2019-10-02 08:47:35') and "BREV_INFO_LISTE_ID" IS NULL and "BUC_ID" IS NULL
insert into "PEN"."T_KRAV_ENHET_HIST"("KRAV_ENHET_HIST_ID","KRAVHODE_ID","PEN_ORG_ENHET_ID","DATO_OPPRETTET","OPPRETTET_AV","DATO_ENDRET","ENDRET_AV") values ('20000800','20000800','20000400',TO_TIMESTAMP('2019-10-02 08:47:39'),'Z990192',TO_TIMESTAMP('2019-10-02 08:47:39'),'Z990192')
update "PEN"."T_KRAVLINJE" set "KRAVHODE_ID" = '20000800', "K_KRAVLINJE_T" = 'UT', "PERSON_ID" = '20000800', "KRAVLINJE_S_ID" = '20000408', "K_LAND_3_TEGN_ID" = '161', "DATO_OPPRETTET" = TO_TIMESTAMP('2019-10-02 08:47:35'), "OPPRETTET_AV" = 'Z990192', "DATO_ENDRET" = TO_TIMESTAMP('2019-10-02 08:47:39'), "ENDRET_AV" = 'Z990192', "VERSJON" = '1', "K_UTLAND_S" = 'IKKE_UTL' where "KRAVHODE_ID" = '20000800' and "K_KRAVLINJE_T" = 'UT' and "PERSON_ID" = '20000800' and "KRAVLINJE_S_ID" = '20000408' and "K_LAND_3_TEGN_ID" = '161' and "DATO_OPPRETTET" = TO_TIMESTAMP('2019-10-02 08:47:35') and "OPPRETTET_AV" = 'Z990192' and "DATO_ENDRET" = TO_TIMESTAMP('2019-10-02 08:47:35') and "ENDRET_AV" = 'Z990192' and "VERSJON" = '0' and "K_UTLAND_S" IS NULL
update "PEN"."T_PERSON_GRUNNLAG" set "DATO_OPPRETTET" = TO_TIMESTAMP('2019-10-02 08:47:35'), "OPPRETTET_AV" = 'Z990192', "DATO_ENDRET" = TO_TIMESTAMP('2019-10-02 08:47:45'), "ENDRET_AV" = 'Z990192', "PERSON_ID" = '20000800', "DATO_DOD" = NULL, "FNR_FK" = '{fnr}', "FLYKTNING" = '0', "VERSJON" = '1', "KRAVHODE_ID" = '20000800', "HENTET_INST" = '0', "HENTET_ARBEID" = '0', "DATO_VEDTAK_UDI" = NULL, "HENTET_POPP" = '0', "HENTET_INNT" = '0', "HENTET_TT" = '0', "ANTALL_AR_UTLAND" = NULL, "DATO_FODSEL" = TO_DATE('1952-10-21 00:00:00', 'YYYY-MM-DD HH24:MI:SS'), "STATSBORGERSKAP" = '161', "FASTSATT_TRYGDETID" = '0', "DOD_AV_YRKESSKADE" = '0', "MEDL_FT_SISTE_3_AR" = NULL, "OVER_60AR_IKKE_FS" = NULL, "OVERKOMP_UTL" = NULL, "ARTIKKEL_10" = NULL, "OVERF_OMS_POENG" = '0', "SIST_MEDL_I_T" = NULL, "GODSK_OMS_POENG" = '0', "SIST_GYLD_OPPTJ_AR" = '2009' where "DATO_OPPRETTET" = TO_TIMESTAMP('2019-10-02 08:47:35') and "OPPRETTET_AV" = 'Z990192' and "DATO_ENDRET" = TO_TIMESTAMP('2019-10-02 08:47:35') and "ENDRET_AV" = 'Z990192' and "PERSON_ID" = '20000800' and "DATO_DOD" IS NULL and "FNR_FK" = '{fnr}' and "FLYKTNING" = '0' and "VERSJON" = '0' and "KRAVHODE_ID" = '20000800' and "HENTET_INST" = '0' and "HENTET_ARBEID" = '0' and "DATO_VEDTAK_UDI" IS NULL and "HENTET_POPP" = '0' and "HENTET_INNT" = '0' and "HENTET_TT" = '0' and "ANTALL_AR_UTLAND" IS NULL and "DATO_FODSEL" = TO_DATE('1952-10-21 00:00:00', 'YYYY-MM-DD HH24:MI:SS') and "STATSBORGERSKAP" = '161' and "FASTSATT_TRYGDETID" = '0' and "DOD_AV_YRKESSKADE" = '0' and "MEDL_FT_SISTE_3_AR" IS NULL and "OVER_60AR_IKKE_FS" IS NULL and "OVERKOMP_UTL" IS NULL and "ARTIKKEL_10" IS NULL and "OVERF_OMS_POENG" = '0' and "SIST_MEDL_I_T" IS NULL and "GODSK_OMS_POENG" = '0' and "SIST_GYLD_OPPTJ_AR" IS NULL
insert into "PEN"."T_GRUNNLAG_VEDLEGG"("GRUNNLAG_VEDLEGG_ID","DATO_ENDRET","ENDRET_AV","DATO_OPPRETTET","OPPRETTET_AV","PERSON_GRUNNLAG_ID","K_GRUNNLAG_VEDLEGG_T","VERSJON") values ('20000402',TO_TIMESTAMP('2019-10-02 08:47:45'),'Z990192',TO_TIMESTAMP('2019-10-02 08:47:45'),'Z990192','20000800','TT_GRUNNLAG','0')
insert into "PEN"."T_TRYGDETID_GRNL"("TRYGDETID_GRNL_ID","K_GRUNNLAG_KILDE","K_LAND_3_TEGN_ID","AR","MND","DAG","DATO_FOM","IKKE_PRO_RATA","DATO_TOM","POENG_I_INN_AR","VERSJON","POENG_I_UT_AR","DATO_OPPRETTET","OPPRETTET_AV","DATO_ENDRET","ENDRET_AV","BRUK","PERSON_GRUNNLAG_ID","PERS_GR_KAP_20_ID","TT_PERIODE_KAP19","TT_PERIODE_KAP20","GRUNNLAG_VEDLEGG_ID") values ('20000600','TPS','161',NULL,NULL,NULL,TO_DATE('1997-07-01 00:00:00', 'YYYY-MM-DD HH24:MI:SS'),'0',TO_DATE('2019-10-02 00:00:00', 'YYYY-MM-DD HH24:MI:SS'),'0','0','0',TO_TIMESTAMP('2019-10-02 08:47:45'),'Z990192',TO_TIMESTAMP('2019-10-02 08:47:45'),'Z990192','1','20000800',NULL,NULL,NULL,'20000402')
insert into "PEN"."T_GRUNNLAG_VEDLEGG"("GRUNNLAG_VEDLEGG_ID","DATO_ENDRET","ENDRET_AV","DATO_OPPRETTET","OPPRETTET_AV","PERSON_GRUNNLAG_ID","K_GRUNNLAG_VEDLEGG_T","VERSJON") values ('20000403',TO_TIMESTAMP('2019-10-02 08:47:45'),'Z990192',TO_TIMESTAMP('2019-10-02 08:47:45'),'Z990192','20000800','OPPTJENING','0')
insert into "PEN"."T_OPPTJN"("OPPTJN_ID","K_OPPTJN_T","AR","DATO_OPPRETTET","OPPRETTET_AV","DATO_ENDRET","ENDRET_AV","PP","BRUK","PIA","VERSJON","PERSON_GRUNNLAG_ID","REG_OPPRETTET_AV","K_GRUNNLAG_KILDE","REG_ENDRET_AV","MAKS_UFOREGRAD","PI","K_KILDE_POPP_T","EKSTERN_OPPTJN_ID","GRUNNLAG_VEDLEGG_ID") values ('20000600','PPI','2010',TO_TIMESTAMP('2019-10-02 08:47:45'),'Z990192',TO_TIMESTAMP('2019-10-02 08:47:45'),'Z990192','5,4','1','478028','0','20000800','BPOPP004','POPP','BPOPP004',NULL,'537432','PEN','513944142','20000403')
insert into "PEN"."T_OPPTJN"("OPPTJN_ID","K_OPPTJN_T","AR","DATO_OPPRETTET","OPPRETTET_AV","DATO_ENDRET","ENDRET_AV","PP","BRUK","PIA","VERSJON","PERSON_GRUNNLAG_ID","REG_OPPRETTET_AV","K_GRUNNLAG_KILDE","REG_ENDRET_AV","MAKS_UFOREGRAD","PI","K_KILDE_POPP_T","EKSTERN_OPPTJN_ID","GRUNNLAG_VEDLEGG_ID") values ('20000601','PPI','2015',TO_TIMESTAMP('2019-10-02 08:47:45'),'Z990192',TO_TIMESTAMP('2019-10-02 08:47:45'),'Z990192','5,29','1','562681','0','20000800','unknown-userId','POPP','unknown-userId',NULL,'614020','PEN','538140725','20000403')
insert into "PEN"."T_OPPTJN"("OPPTJN_ID","K_OPPTJN_T","AR","DATO_OPPRETTET","OPPRETTET_AV","DATO_ENDRET","ENDRET_AV","PP","BRUK","PIA","VERSJON","PERSON_GRUNNLAG_ID","REG_OPPRETTET_AV","K_GRUNNLAG_KILDE","REG_ENDRET_AV","MAKS_UFOREGRAD","PI","K_KILDE_POPP_T","EKSTERN_OPPTJN_ID","GRUNNLAG_VEDLEGG_ID") values ('20000602','PPI','1983',TO_TIMESTAMP('2019-10-02 08:47:45'),'Z990192',TO_TIMESTAMP('2019-10-02 08:47:45'),'Z990192','4,99','1','133700','0','20000800','BPOPP001','POPP','BPOPP001',NULL,'133700','PEN','80998568','20000403')
insert into "PEN"."T_OPPTJN"("OPPTJN_ID","K_OPPTJN_T","AR","DATO_OPPRETTET","OPPRETTET_AV","DATO_ENDRET","ENDRET_AV","PP","BRUK","PIA","VERSJON","PERSON_GRUNNLAG_ID","REG_OPPRETTET_AV","K_GRUNNLAG_KILDE","REG_ENDRET_AV","MAKS_UFOREGRAD","PI","K_KILDE_POPP_T","EKSTERN_OPPTJN_ID","GRUNNLAG_VEDLEGG_ID") values ('20000603','PPI','2011',TO_TIMESTAMP('2019-10-02 08:47:45'),'Z990192',TO_TIMESTAMP('2019-10-02 08:47:45'),'Z990192','5,26','1','488502','0','20000800','BPOPP004','POPP','BPOPP004',NULL,'529219','PEN','519045908','20000403')
insert into "PEN"."T_OPPTJN"("OPPTJN_ID","K_OPPTJN_T","AR","DATO_OPPRETTET","OPPRETTET_AV","DATO_ENDRET","ENDRET_AV","PP","BRUK","PIA","VERSJON","PERSON_GRUNNLAG_ID","REG_OPPRETTET_AV","K_GRUNNLAG_KILDE","REG_ENDRET_AV","MAKS_UFOREGRAD","PI","K_KILDE_POPP_T","EKSTERN_OPPTJN_ID","GRUNNLAG_VEDLEGG_ID") values ('20000604','PPI','2016',TO_TIMESTAMP('2019-10-02 08:47:45'),'Z990192',TO_TIMESTAMP('2019-10-02 08:47:45'),'Z990192','5,32','1','579605','0','20000800','unknown-userId','POPP','unknown-userId',NULL,'637935','PEN','542774470','20000403')
insert into "PEN"."T_OPPTJN"("OPPTJN_ID","K_OPPTJN_T","AR","DATO_OPPRETTET","OPPRETTET_AV","DATO_ENDRET","ENDRET_AV","PP","BRUK","PIA","VERSJON","PERSON_GRUNNLAG_ID","REG_OPPRETTET_AV","K_GRUNNLAG_KILDE","REG_ENDRET_AV","MAKS_UFOREGRAD","PI","K_KILDE_POPP_T","EKSTERN_OPPTJN_ID","GRUNNLAG_VEDLEGG_ID") values ('20000605','PPI','2009',TO_TIMESTAMP('2019-10-02 08:47:45'),'Z990192',TO_TIMESTAMP('2019-10-02 08:47:45'),'Z990192','5,4','1','461127','0','20000800','BPOPP001','POPP','BPOPP001',NULL,'519310','PEN','507696612','20000403')
insert into "PEN"."T_OPPTJN"("OPPTJN_ID","K_OPPTJN_T","AR","DATO_OPPRETTET","OPPRETTET_AV","DATO_ENDRET","ENDRET_AV","PP","BRUK","PIA","VERSJON","PERSON_GRUNNLAG_ID","REG_OPPRETTET_AV","K_GRUNNLAG_KILDE","REG_ENDRET_AV","MAKS_UFOREGRAD","PI","K_KILDE_POPP_T","EKSTERN_OPPTJN_ID","GRUNNLAG_VEDLEGG_ID") values ('20000606','PPI','2014',TO_TIMESTAMP('2019-10-02 08:47:45'),'Z990192',TO_TIMESTAMP('2019-10-02 08:47:45'),'Z990192','5,26','1','546977','0','20000800','unknown-userId','POPP','unknown-userId',NULL,'592995','PEN','532914063','20000403')
insert into "PEN"."T_OPPTJN"("OPPTJN_ID","K_OPPTJN_T","AR","DATO_OPPRETTET","OPPRETTET_AV","DATO_ENDRET","ENDRET_AV","PP","BRUK","PIA","VERSJON","PERSON_GRUNNLAG_ID","REG_OPPRETTET_AV","K_GRUNNLAG_KILDE","REG_ENDRET_AV","MAKS_UFOREGRAD","PI","K_KILDE_POPP_T","EKSTERN_OPPTJN_ID","GRUNNLAG_VEDLEGG_ID") values ('20000607','PPI','2017',TO_TIMESTAMP('2019-10-02 08:47:45'),'Z990192',TO_TIMESTAMP('2019-10-02 08:47:45'),'Z990192','5,3','1','587219','0','20000800','srvtortuga-loot','POPP','srvtortuga-loot',NULL,'642286','PEN','552138095','20000403')
insert into "PEN"."T_OPPTJN"("OPPTJN_ID","K_OPPTJN_T","AR","DATO_OPPRETTET","OPPRETTET_AV","DATO_ENDRET","ENDRET_AV","PP","BRUK","PIA","VERSJON","PERSON_GRUNNLAG_ID","REG_OPPRETTET_AV","K_GRUNNLAG_KILDE","REG_ENDRET_AV","MAKS_UFOREGRAD","PI","K_KILDE_POPP_T","EKSTERN_OPPTJN_ID","GRUNNLAG_VEDLEGG_ID") values ('20000608','PPI','2008',TO_TIMESTAMP('2019-10-02 08:47:45'),'Z990192',TO_TIMESTAMP('2019-10-02 08:47:45'),'Z990192','5,25','1','432186','0','20000800','BPOPP001','POPP','BPOPP001','0','467262','PEN','502547514','20000403')
insert into "PEN"."T_OPPTJN"("OPPTJN_ID","K_OPPTJN_T","AR","DATO_OPPRETTET","OPPRETTET_AV","DATO_ENDRET","ENDRET_AV","PP","BRUK","PIA","VERSJON","PERSON_GRUNNLAG_ID","REG_OPPRETTET_AV","K_GRUNNLAG_KILDE","REG_ENDRET_AV","MAKS_UFOREGRAD","PI","K_KILDE_POPP_T","EKSTERN_OPPTJN_ID","GRUNNLAG_VEDLEGG_ID") values ('20000609','PPI','2012',TO_TIMESTAMP('2019-10-02 08:47:45'),'Z990192',TO_TIMESTAMP('2019-10-02 08:47:45'),'Z990192','5,26','1','507773','0','20000800','BPOPP004','POPP','BPOPP004',NULL,'549482','PEN','523568993','20000403')
insert into "PEN"."T_OPPTJN"("OPPTJN_ID","K_OPPTJN_T","AR","DATO_OPPRETTET","OPPRETTET_AV","DATO_ENDRET","ENDRET_AV","PP","BRUK","PIA","VERSJON","PERSON_GRUNNLAG_ID","REG_OPPRETTET_AV","K_GRUNNLAG_KILDE","REG_ENDRET_AV","MAKS_UFOREGRAD","PI","K_KILDE_POPP_T","EKSTERN_OPPTJN_ID","GRUNNLAG_VEDLEGG_ID") values ('20000610','PPI','2013',TO_TIMESTAMP('2019-10-02 08:47:45'),'Z990192',TO_TIMESTAMP('2019-10-02 08:47:45'),'Z990192','5,26','1','527183','0','20000800','BPOPP004','POPP','BPOPP004',NULL,'571100','PEN','527960412','20000403')
insert into "PEN"."T_OPPTJN"("OPPTJN_ID","K_OPPTJN_T","AR","DATO_OPPRETTET","OPPRETTET_AV","DATO_ENDRET","ENDRET_AV","PP","BRUK","PIA","VERSJON","PERSON_GRUNNLAG_ID","REG_OPPRETTET_AV","K_GRUNNLAG_KILDE","REG_ENDRET_AV","MAKS_UFOREGRAD","PI","K_KILDE_POPP_T","EKSTERN_OPPTJN_ID","GRUNNLAG_VEDLEGG_ID") values ('20000611','PPI','1970',TO_TIMESTAMP('2019-10-02 08:47:45'),'Z990192',TO_TIMESTAMP('2019-10-02 08:47:45'),'Z990192','0','1','6400','0','20000800','BPOPP001','POPP','BPOPP001',NULL,'6400','PEN','80998555','20000403')
insert into "PEN"."T_OPPTJN"("OPPTJN_ID","K_OPPTJN_T","AR","DATO_OPPRETTET","OPPRETTET_AV","DATO_ENDRET","ENDRET_AV","PP","BRUK","PIA","VERSJON","PERSON_GRUNNLAG_ID","REG_OPPRETTET_AV","K_GRUNNLAG_KILDE","REG_ENDRET_AV","MAKS_UFOREGRAD","PI","K_KILDE_POPP_T","EKSTERN_OPPTJN_ID","GRUNNLAG_VEDLEGG_ID") values ('20000612','PPI','1971',TO_TIMESTAMP('2019-10-02 08:47:45'),'Z990192',TO_TIMESTAMP('2019-10-02 08:47:45'),'Z990192','2,07','1','22700','0','20000800','BPOPP001','POPP','BPOPP001',NULL,'22700','PEN','80998556','20000403')
insert into "PEN"."T_OPPTJN"("OPPTJN_ID","K_OPPTJN_T","AR","DATO_OPPRETTET","OPPRETTET_AV","DATO_ENDRET","ENDRET_AV","PP","BRUK","PIA","VERSJON","PERSON_GRUNNLAG_ID","REG_OPPRETTET_AV","K_GRUNNLAG_KILDE","REG_ENDRET_AV","MAKS_UFOREGRAD","PI","K_KILDE_POPP_T","EKSTERN_OPPTJN_ID","GRUNNLAG_VEDLEGG_ID") values ('20000613','PPI','1972',TO_TIMESTAMP('2019-10-02 08:47:45'),'Z990192',TO_TIMESTAMP('2019-10-02 08:47:45'),'Z990192',',71','1','13500','0','20000800','BPOPP001','POPP','BPOPP001',NULL,'13500','PEN','80998557','20000403')
insert into "PEN"."T_OPPTJN"("OPPTJN_ID","K_OPPTJN_T","AR","DATO_OPPRETTET","OPPRETTET_AV","DATO_ENDRET","ENDRET_AV","PP","BRUK","PIA","VERSJON","PERSON_GRUNNLAG_ID","REG_OPPRETTET_AV","K_GRUNNLAG_KILDE","REG_ENDRET_AV","MAKS_UFOREGRAD","PI","K_KILDE_POPP_T","EKSTERN_OPPTJN_ID","GRUNNLAG_VEDLEGG_ID") values ('20000614','PPI','1973',TO_TIMESTAMP('2019-10-02 08:47:45'),'Z990192',TO_TIMESTAMP('2019-10-02 08:47:45'),'Z990192','1,34','1','19900','0','20000800','BPOPP001','POPP','BPOPP001',NULL,'19900','PEN','80998558','20000403')
insert into "PEN"."T_OPPTJN"("OPPTJN_ID","K_OPPTJN_T","AR","DATO_OPPRETTET","OPPRETTET_AV","DATO_ENDRET","ENDRET_AV","PP","BRUK","PIA","VERSJON","PERSON_GRUNNLAG_ID","REG_OPPRETTET_AV","K_GRUNNLAG_KILDE","REG_ENDRET_AV","MAKS_UFOREGRAD","PI","K_KILDE_POPP_T","EKSTERN_OPPTJN_ID","GRUNNLAG_VEDLEGG_ID") values ('20000615','PPI','1974',TO_TIMESTAMP('2019-10-02 08:47:45'),'Z990192',TO_TIMESTAMP('2019-10-02 08:47:45'),'Z990192','3,49','1','42800','0','20000800','BPOPP001','POPP','BPOPP001',NULL,'42800','PEN','80998559','20000403')
insert into "PEN"."T_OPPTJN"("OPPTJN_ID","K_OPPTJN_T","AR","DATO_OPPRETTET","OPPRETTET_AV","DATO_ENDRET","ENDRET_AV","PP","BRUK","PIA","VERSJON","PERSON_GRUNNLAG_ID","REG_OPPRETTET_AV","K_GRUNNLAG_KILDE","REG_ENDRET_AV","MAKS_UFOREGRAD","PI","K_KILDE_POPP_T","EKSTERN_OPPTJN_ID","GRUNNLAG_VEDLEGG_ID") values ('20000616','PPI','1975',TO_TIMESTAMP('2019-10-02 08:47:45'),'Z990192',TO_TIMESTAMP('2019-10-02 08:47:45'),'Z990192','3,85','1','52400','0','20000800','BPOPP001','POPP','BPOPP001',NULL,'52400','PEN','80998560','20000403')
insert into "PEN"."T_OPPTJN"("OPPTJN_ID","K_OPPTJN_T","AR","DATO_OPPRETTET","OPPRETTET_AV","DATO_ENDRET","ENDRET_AV","PP","BRUK","PIA","VERSJON","PERSON_GRUNNLAG_ID","REG_OPPRETTET_AV","K_GRUNNLAG_KILDE","REG_ENDRET_AV","MAKS_UFOREGRAD","PI","K_KILDE_POPP_T","EKSTERN_OPPTJN_ID","GRUNNLAG_VEDLEGG_ID") values ('20000617','PPI','1976',TO_TIMESTAMP('2019-10-02 08:47:45'),'Z990192',TO_TIMESTAMP('2019-10-02 08:47:45'),'Z990192','3,99','1','59900','0','20000800','BPOPP001','POPP','BPOPP001',NULL,'59900','PEN','80998561','20000403')
insert into "PEN"."T_OPPTJN"("OPPTJN_ID","K_OPPTJN_T","AR","DATO_OPPRETTET","OPPRETTET_AV","DATO_ENDRET","ENDRET_AV","PP","BRUK","PIA","VERSJON","PERSON_GRUNNLAG_ID","REG_OPPRETTET_AV","K_GRUNNLAG_KILDE","REG_ENDRET_AV","MAKS_UFOREGRAD","PI","K_KILDE_POPP_T","EKSTERN_OPPTJN_ID","GRUNNLAG_VEDLEGG_ID") values ('20000618','PPI','1977',TO_TIMESTAMP('2019-10-02 08:47:45'),'Z990192',TO_TIMESTAMP('2019-10-02 08:47:45'),'Z990192','4,48','1','73300','0','20000800','BPOPP001','POPP','BPOPP001',NULL,'73300','PEN','80998562','20000403')
insert into "PEN"."T_OPPTJN"("OPPTJN_ID","K_OPPTJN_T","AR","DATO_OPPRETTET","OPPRETTET_AV","DATO_ENDRET","ENDRET_AV","PP","BRUK","PIA","VERSJON","PERSON_GRUNNLAG_ID","REG_OPPRETTET_AV","K_GRUNNLAG_KILDE","REG_ENDRET_AV","MAKS_UFOREGRAD","PI","K_KILDE_POPP_T","EKSTERN_OPPTJN_ID","GRUNNLAG_VEDLEGG_ID") values ('20000619','PPI','1978',TO_TIMESTAMP('2019-10-02 08:47:45'),'Z990192',TO_TIMESTAMP('2019-10-02 08:47:45'),'Z990192','4,55','1','80800','0','20000800','BPOPP001','POPP','BPOPP001',NULL,'80800','PEN','80998563','20000403')
insert into "PEN"."T_OPPTJN"("OPPTJN_ID","K_OPPTJN_T","AR","DATO_OPPRETTET","OPPRETTET_AV","DATO_ENDRET","ENDRET_AV","PP","BRUK","PIA","VERSJON","PERSON_GRUNNLAG_ID","REG_OPPRETTET_AV","K_GRUNNLAG_KILDE","REG_ENDRET_AV","MAKS_UFOREGRAD","PI","K_KILDE_POPP_T","EKSTERN_OPPTJN_ID","GRUNNLAG_VEDLEGG_ID") values ('20000620','PPI','1979',TO_TIMESTAMP('2019-10-02 08:47:45'),'Z990192',TO_TIMESTAMP('2019-10-02 08:47:45'),'Z990192','4,7','1','86600','0','20000800','BPOPP001','POPP','BPOPP001',NULL,'86600','PEN','80998564','20000403')
insert into "PEN"."T_OPPTJN"("OPPTJN_ID","K_OPPTJN_T","AR","DATO_OPPRETTET","OPPRETTET_AV","DATO_ENDRET","ENDRET_AV","PP","BRUK","PIA","VERSJON","PERSON_GRUNNLAG_ID","REG_OPPRETTET_AV","K_GRUNNLAG_KILDE","REG_ENDRET_AV","MAKS_UFOREGRAD","PI","K_KILDE_POPP_T","EKSTERN_OPPTJN_ID","GRUNNLAG_VEDLEGG_ID") values ('20000621','PPI','1980',TO_TIMESTAMP('2019-10-02 08:47:45'),'Z990192',TO_TIMESTAMP('2019-10-02 08:47:45'),'Z990192','4,72','1','95200','0','20000800','BPOPP001','POPP','BPOPP001',NULL,'95200','PEN','80998565','20000403')
insert into "PEN"."T_OPPTJN"("OPPTJN_ID","K_OPPTJN_T","AR","DATO_OPPRETTET","OPPRETTET_AV","DATO_ENDRET","ENDRET_AV","PP","BRUK","PIA","VERSJON","PERSON_GRUNNLAG_ID","REG_OPPRETTET_AV","K_GRUNNLAG_KILDE","REG_ENDRET_AV","MAKS_UFOREGRAD","PI","K_KILDE_POPP_T","EKSTERN_OPPTJN_ID","GRUNNLAG_VEDLEGG_ID") values ('20000622','PPI','1981',TO_TIMESTAMP('2019-10-02 08:47:45'),'Z990192',TO_TIMESTAMP('2019-10-02 08:47:45'),'Z990192','4,47','1','102100','0','20000800','BPOPP001','POPP','BPOPP001',NULL,'102100','PEN','80998566','20000403')
insert into "PEN"."T_OPPTJN"("OPPTJN_ID","K_OPPTJN_T","AR","DATO_OPPRETTET","OPPRETTET_AV","DATO_ENDRET","ENDRET_AV","PP","BRUK","PIA","VERSJON","PERSON_GRUNNLAG_ID","REG_OPPRETTET_AV","K_GRUNNLAG_KILDE","REG_ENDRET_AV","MAKS_UFOREGRAD","PI","K_KILDE_POPP_T","EKSTERN_OPPTJN_ID","GRUNNLAG_VEDLEGG_ID") values ('20000623','PPI','1982',TO_TIMESTAMP('2019-10-02 08:47:45'),'Z990192',TO_TIMESTAMP('2019-10-02 08:47:45'),'Z990192','4,75','1','118900','0','20000800','BPOPP001','POPP','BPOPP001',NULL,'118900','PEN','80998567','20000403')
insert into "PEN"."T_OPPTJN"("OPPTJN_ID","K_OPPTJN_T","AR","DATO_OPPRETTET","OPPRETTET_AV","DATO_ENDRET","ENDRET_AV","PP","BRUK","PIA","VERSJON","PERSON_GRUNNLAG_ID","REG_OPPRETTET_AV","K_GRUNNLAG_KILDE","REG_ENDRET_AV","MAKS_UFOREGRAD","PI","K_KILDE_POPP_T","EKSTERN_OPPTJN_ID","GRUNNLAG_VEDLEGG_ID") values ('20000624','PPI','1984',TO_TIMESTAMP('2019-10-02 08:47:45'),'Z990192',TO_TIMESTAMP('2019-10-02 08:47:45'),'Z990192','5,11','1','144600','0','20000800','BPOPP001','POPP','BPOPP001',NULL,'144600','PEN','80998569','20000403')
insert into "PEN"."T_OPPTJN"("OPPTJN_ID","K_OPPTJN_T","AR","DATO_OPPRETTET","OPPRETTET_AV","DATO_ENDRET","ENDRET_AV","PP","BRUK","PIA","VERSJON","PERSON_GRUNNLAG_ID","REG_OPPRETTET_AV","K_GRUNNLAG_KILDE","REG_ENDRET_AV","MAKS_UFOREGRAD","PI","K_KILDE_POPP_T","EKSTERN_OPPTJN_ID","GRUNNLAG_VEDLEGG_ID") values ('20000625','PPI','1985',TO_TIMESTAMP('2019-10-02 08:47:45'),'Z990192',TO_TIMESTAMP('2019-10-02 08:47:45'),'Z990192','5,2','1','157000','0','20000800','BPOPP001','POPP','BPOPP001',NULL,'157000','PEN','80998570','20000403')
insert into "PEN"."T_OPPTJN"("OPPTJN_ID","K_OPPTJN_T","AR","DATO_OPPRETTET","OPPRETTET_AV","DATO_ENDRET","ENDRET_AV","PP","BRUK","PIA","VERSJON","PERSON_GRUNNLAG_ID","REG_OPPRETTET_AV","K_GRUNNLAG_KILDE","REG_ENDRET_AV","MAKS_UFOREGRAD","PI","K_KILDE_POPP_T","EKSTERN_OPPTJN_ID","GRUNNLAG_VEDLEGG_ID") values ('20000626','PPI','1986',TO_TIMESTAMP('2019-10-02 08:47:45'),'Z990192',TO_TIMESTAMP('2019-10-02 08:47:45'),'Z990192','4,75','1','157700','0','20000800','BPOPP001','POPP','BPOPP001',NULL,'157700','PEN','80998571','20000403')
insert into "PEN"."T_OPPTJN"("OPPTJN_ID","K_OPPTJN_T","AR","DATO_OPPRETTET","OPPRETTET_AV","DATO_ENDRET","ENDRET_AV","PP","BRUK","PIA","VERSJON","PERSON_GRUNNLAG_ID","REG_OPPRETTET_AV","K_GRUNNLAG_KILDE","REG_ENDRET_AV","MAKS_UFOREGRAD","PI","K_KILDE_POPP_T","EKSTERN_OPPTJN_ID","GRUNNLAG_VEDLEGG_ID") values ('20000627','PPI','1987',TO_TIMESTAMP('2019-10-02 08:47:45'),'Z990192',TO_TIMESTAMP('2019-10-02 08:47:45'),'Z990192','4,97','1','174600','0','20000800','BPOPP001','POPP','BPOPP001',NULL,'174600','PEN','80998572','20000403')
insert into "PEN"."T_OPPTJN"("OPPTJN_ID","K_OPPTJN_T","AR","DATO_OPPRETTET","OPPRETTET_AV","DATO_ENDRET","ENDRET_AV","PP","BRUK","PIA","VERSJON","PERSON_GRUNNLAG_ID","REG_OPPRETTET_AV","K_GRUNNLAG_KILDE","REG_ENDRET_AV","MAKS_UFOREGRAD","PI","K_KILDE_POPP_T","EKSTERN_OPPTJN_ID","GRUNNLAG_VEDLEGG_ID") values ('20000628','PPI','1988',TO_TIMESTAMP('2019-10-02 08:47:45'),'Z990192',TO_TIMESTAMP('2019-10-02 08:47:45'),'Z990192','5,14','1','189400','0','20000800','BPOPP001','POPP','BPOPP001',NULL,'189400','PEN','80998573','20000403')
insert into "PEN"."T_OPPTJN"("OPPTJN_ID","K_OPPTJN_T","AR","DATO_OPPRETTET","OPPRETTET_AV","DATO_ENDRET","ENDRET_AV","PP","BRUK","PIA","VERSJON","PERSON_GRUNNLAG_ID","REG_OPPRETTET_AV","K_GRUNNLAG_KILDE","REG_ENDRET_AV","MAKS_UFOREGRAD","PI","K_KILDE_POPP_T","EKSTERN_OPPTJN_ID","GRUNNLAG_VEDLEGG_ID") values ('20000629','PPI','1989',TO_TIMESTAMP('2019-10-02 08:47:45'),'Z990192',TO_TIMESTAMP('2019-10-02 08:47:45'),'Z990192','5,01','1','194000','0','20000800','BPOPP001','POPP','BPOPP001',NULL,'194000','PEN','80998574','20000403')
insert into "PEN"."T_OPPTJN"("OPPTJN_ID","K_OPPTJN_T","AR","DATO_OPPRETTET","OPPRETTET_AV","DATO_ENDRET","ENDRET_AV","PP","BRUK","PIA","VERSJON","PERSON_GRUNNLAG_ID","REG_OPPRETTET_AV","K_GRUNNLAG_KILDE","REG_ENDRET_AV","MAKS_UFOREGRAD","PI","K_KILDE_POPP_T","EKSTERN_OPPTJN_ID","GRUNNLAG_VEDLEGG_ID") values ('20000630','PPI','1990',TO_TIMESTAMP('2019-10-02 08:47:45'),'Z990192',TO_TIMESTAMP('2019-10-02 08:47:45'),'Z990192','5,06','1','203400','0','20000800','BPOPP001','POPP','BPOPP001',NULL,'203400','PEN','80998575','20000403')
insert into "PEN"."T_OPPTJN"("OPPTJN_ID","K_OPPTJN_T","AR","DATO_OPPRETTET","OPPRETTET_AV","DATO_ENDRET","ENDRET_AV","PP","BRUK","PIA","VERSJON","PERSON_GRUNNLAG_ID","REG_OPPRETTET_AV","K_GRUNNLAG_KILDE","REG_ENDRET_AV","MAKS_UFOREGRAD","PI","K_KILDE_POPP_T","EKSTERN_OPPTJN_ID","GRUNNLAG_VEDLEGG_ID") values ('20000631','PPI','1991',TO_TIMESTAMP('2019-10-02 08:47:45'),'Z990192',TO_TIMESTAMP('2019-10-02 08:47:45'),'Z990192','4,69','1','199400','0','20000800','BPOPP001','POPP','BPOPP001',NULL,'199400','PEN','80998576','20000403')
insert into "PEN"."T_OPPTJN"("OPPTJN_ID","K_OPPTJN_T","AR","DATO_OPPRETTET","OPPRETTET_AV","DATO_ENDRET","ENDRET_AV","PP","BRUK","PIA","VERSJON","PERSON_GRUNNLAG_ID","REG_OPPRETTET_AV","K_GRUNNLAG_KILDE","REG_ENDRET_AV","MAKS_UFOREGRAD","PI","K_KILDE_POPP_T","EKSTERN_OPPTJN_ID","GRUNNLAG_VEDLEGG_ID") values ('20000632','PPI','1992',TO_TIMESTAMP('2019-10-02 08:47:45'),'Z990192',TO_TIMESTAMP('2019-10-02 08:47:45'),'Z990192','4,48','1','198200','0','20000800','BPOPP001','POPP','BPOPP001',NULL,'198200','PEN','80998577','20000403')
insert into "PEN"."T_OPPTJN"("OPPTJN_ID","K_OPPTJN_T","AR","DATO_OPPRETTET","OPPRETTET_AV","DATO_ENDRET","ENDRET_AV","PP","BRUK","PIA","VERSJON","PERSON_GRUNNLAG_ID","REG_OPPRETTET_AV","K_GRUNNLAG_KILDE","REG_ENDRET_AV","MAKS_UFOREGRAD","PI","K_KILDE_POPP_T","EKSTERN_OPPTJN_ID","GRUNNLAG_VEDLEGG_ID") values ('20000633','PPI','1993',TO_TIMESTAMP('2019-10-02 08:47:45'),'Z990192',TO_TIMESTAMP('2019-10-02 08:47:45'),'Z990192','4,61','1','207900','0','20000800','BPOPP001','POPP','BPOPP001',NULL,'207900','PEN','80998578','20000403')
insert into "PEN"."T_OPPTJN"("OPPTJN_ID","K_OPPTJN_T","AR","DATO_OPPRETTET","OPPRETTET_AV","DATO_ENDRET","ENDRET_AV","PP","BRUK","PIA","VERSJON","PERSON_GRUNNLAG_ID","REG_OPPRETTET_AV","K_GRUNNLAG_KILDE","REG_ENDRET_AV","MAKS_UFOREGRAD","PI","K_KILDE_POPP_T","EKSTERN_OPPTJN_ID","GRUNNLAG_VEDLEGG_ID") values ('20000634','PPI','1994',TO_TIMESTAMP('2019-10-02 08:47:45'),'Z990192',TO_TIMESTAMP('2019-10-02 08:47:45'),'Z990192','4,71','1','216100','0','20000800','BPOPP001','POPP','BPOPP001',NULL,'216100','PEN','80998579','20000403')
insert into "PEN"."T_OPPTJN"("OPPTJN_ID","K_OPPTJN_T","AR","DATO_OPPRETTET","OPPRETTET_AV","DATO_ENDRET","ENDRET_AV","PP","BRUK","PIA","VERSJON","PERSON_GRUNNLAG_ID","REG_OPPRETTET_AV","K_GRUNNLAG_KILDE","REG_ENDRET_AV","MAKS_UFOREGRAD","PI","K_KILDE_POPP_T","EKSTERN_OPPTJN_ID","GRUNNLAG_VEDLEGG_ID") values ('20000635','PPI','1995',TO_TIMESTAMP('2019-10-02 08:47:45'),'Z990192',TO_TIMESTAMP('2019-10-02 08:47:45'),'Z990192','4,66','1','219700','0','20000800','BPOPP001','POPP','BPOPP001',NULL,'219700','PEN','80998580','20000403')
insert into "PEN"."T_OPPTJN"("OPPTJN_ID","K_OPPTJN_T","AR","DATO_OPPRETTET","OPPRETTET_AV","DATO_ENDRET","ENDRET_AV","PP","BRUK","PIA","VERSJON","PERSON_GRUNNLAG_ID","REG_OPPRETTET_AV","K_GRUNNLAG_KILDE","REG_ENDRET_AV","MAKS_UFOREGRAD","PI","K_KILDE_POPP_T","EKSTERN_OPPTJN_ID","GRUNNLAG_VEDLEGG_ID") values ('20000636','PPI','1996',TO_TIMESTAMP('2019-10-02 08:47:45'),'Z990192',TO_TIMESTAMP('2019-10-02 08:47:45'),'Z990192','4,65','1','228300','0','20000800','BPOPP001','POPP','BPOPP001',NULL,'228300','PEN','80998581','20000403')
insert into "PEN"."T_OPPTJN"("OPPTJN_ID","K_OPPTJN_T","AR","DATO_OPPRETTET","OPPRETTET_AV","DATO_ENDRET","ENDRET_AV","PP","BRUK","PIA","VERSJON","PERSON_GRUNNLAG_ID","REG_OPPRETTET_AV","K_GRUNNLAG_KILDE","REG_ENDRET_AV","MAKS_UFOREGRAD","PI","K_KILDE_POPP_T","EKSTERN_OPPTJN_ID","GRUNNLAG_VEDLEGG_ID") values ('20000637','PPI','1997',TO_TIMESTAMP('2019-10-02 08:47:45'),'Z990192',TO_TIMESTAMP('2019-10-02 08:47:45'),'Z990192','4,63','1','236300','0','20000800','BPOPP001','POPP','BPOPP001',NULL,'236300','PEN','80998582','20000403')
insert into "PEN"."T_OPPTJN"("OPPTJN_ID","K_OPPTJN_T","AR","DATO_OPPRETTET","OPPRETTET_AV","DATO_ENDRET","ENDRET_AV","PP","BRUK","PIA","VERSJON","PERSON_GRUNNLAG_ID","REG_OPPRETTET_AV","K_GRUNNLAG_KILDE","REG_ENDRET_AV","MAKS_UFOREGRAD","PI","K_KILDE_POPP_T","EKSTERN_OPPTJN_ID","GRUNNLAG_VEDLEGG_ID") values ('20000638','PPI','1998',TO_TIMESTAMP('2019-10-02 08:47:45'),'Z990192',TO_TIMESTAMP('2019-10-02 08:47:45'),'Z990192','4,89','1','261500','0','20000800','BPOPP001','POPP','BPOPP001',NULL,'261500','PEN','80998583','20000403')
insert into "PEN"."T_OPPTJN"("OPPTJN_ID","K_OPPTJN_T","AR","DATO_OPPRETTET","OPPRETTET_AV","DATO_ENDRET","ENDRET_AV","PP","BRUK","PIA","VERSJON","PERSON_GRUNNLAG_ID","REG_OPPRETTET_AV","K_GRUNNLAG_KILDE","REG_ENDRET_AV","MAKS_UFOREGRAD","PI","K_KILDE_POPP_T","EKSTERN_OPPTJN_ID","GRUNNLAG_VEDLEGG_ID") values ('20000639','PPI','1999',TO_TIMESTAMP('2019-10-02 08:47:45'),'Z990192',TO_TIMESTAMP('2019-10-02 08:47:45'),'Z990192','5,27','1','291292','0','20000800','BPOPP001','POPP','BPOPP001',NULL,'316800','PEN','80998584','20000403')
insert into "PEN"."T_OPPTJN"("OPPTJN_ID","K_OPPTJN_T","AR","DATO_OPPRETTET","OPPRETTET_AV","DATO_ENDRET","ENDRET_AV","PP","BRUK","PIA","VERSJON","PERSON_GRUNNLAG_ID","REG_OPPRETTET_AV","K_GRUNNLAG_KILDE","REG_ENDRET_AV","MAKS_UFOREGRAD","PI","K_KILDE_POPP_T","EKSTERN_OPPTJN_ID","GRUNNLAG_VEDLEGG_ID") values ('20000640','PPI','2000',TO_TIMESTAMP('2019-10-02 08:47:46'),'Z990192',TO_TIMESTAMP('2019-10-02 08:47:46'),'Z990192','5,29','1','304175','0','20000800','BPOPP001','POPP','BPOPP001',NULL,'332000','PEN','80998585','20000403')
insert into "PEN"."T_OPPTJN"("OPPTJN_ID","K_OPPTJN_T","AR","DATO_OPPRETTET","OPPRETTET_AV","DATO_ENDRET","ENDRET_AV","PP","BRUK","PIA","VERSJON","PERSON_GRUNNLAG_ID","REG_OPPRETTET_AV","K_GRUNNLAG_KILDE","REG_ENDRET_AV","MAKS_UFOREGRAD","PI","K_KILDE_POPP_T","EKSTERN_OPPTJN_ID","GRUNNLAG_VEDLEGG_ID") values ('20000641','PPI','2001',TO_TIMESTAMP('2019-10-02 08:47:46'),'Z990192',TO_TIMESTAMP('2019-10-02 08:47:46'),'Z990192','5,31','1','319145','0','20000800','BPOPP001','POPP','BPOPP001',NULL,'350200','PEN','80998586','20000403')
insert into "PEN"."T_OPPTJN"("OPPTJN_ID","K_OPPTJN_T","AR","DATO_OPPRETTET","OPPRETTET_AV","DATO_ENDRET","ENDRET_AV","PP","BRUK","PIA","VERSJON","PERSON_GRUNNLAG_ID","REG_OPPRETTET_AV","K_GRUNNLAG_KILDE","REG_ENDRET_AV","MAKS_UFOREGRAD","PI","K_KILDE_POPP_T","EKSTERN_OPPTJN_ID","GRUNNLAG_VEDLEGG_ID") values ('20000642','PPI','2002',TO_TIMESTAMP('2019-10-02 08:47:46'),'Z990192',TO_TIMESTAMP('2019-10-02 08:47:46'),'Z990192','5,23','1','331665','0','20000800','BPOPP001','POPP','BPOPP001',NULL,'356200','PEN','80998587','20000403')
insert into "PEN"."T_OPPTJN"("OPPTJN_ID","K_OPPTJN_T","AR","DATO_OPPRETTET","OPPRETTET_AV","DATO_ENDRET","ENDRET_AV","PP","BRUK","PIA","VERSJON","PERSON_GRUNNLAG_ID","REG_OPPRETTET_AV","K_GRUNNLAG_KILDE","REG_ENDRET_AV","MAKS_UFOREGRAD","PI","K_KILDE_POPP_T","EKSTERN_OPPTJN_ID","GRUNNLAG_VEDLEGG_ID") values ('20000643','PPI','2003',TO_TIMESTAMP('2019-10-02 08:47:46'),'Z990192',TO_TIMESTAMP('2019-10-02 08:47:46'),'Z990192','5,3','1','352823','0','20000800','BPOPP001','POPP','BPOPP001',NULL,'386900','PEN','80998588','20000403')
insert into "PEN"."T_OPPTJN"("OPPTJN_ID","K_OPPTJN_T","AR","DATO_OPPRETTET","OPPRETTET_AV","DATO_ENDRET","ENDRET_AV","PP","BRUK","PIA","VERSJON","PERSON_GRUNNLAG_ID","REG_OPPRETTET_AV","K_GRUNNLAG_KILDE","REG_ENDRET_AV","MAKS_UFOREGRAD","PI","K_KILDE_POPP_T","EKSTERN_OPPTJN_ID","GRUNNLAG_VEDLEGG_ID") values ('20000644','PPI','2004',TO_TIMESTAMP('2019-10-02 08:47:46'),'Z990192',TO_TIMESTAMP('2019-10-02 08:47:46'),'Z990192','5,16','1','357921','0','20000800','BPOPP001','POPP','BPOPP001',NULL,'376094','PEN','80998589','20000403')
insert into "PEN"."T_OPPTJN"("OPPTJN_ID","K_OPPTJN_T","AR","DATO_OPPRETTET","OPPRETTET_AV","DATO_ENDRET","ENDRET_AV","PP","BRUK","PIA","VERSJON","PERSON_GRUNNLAG_ID","REG_OPPRETTET_AV","K_GRUNNLAG_KILDE","REG_ENDRET_AV","MAKS_UFOREGRAD","PI","K_KILDE_POPP_T","EKSTERN_OPPTJN_ID","GRUNNLAG_VEDLEGG_ID") values ('20000645','PPI','2005',TO_TIMESTAMP('2019-10-02 08:47:46'),'Z990192',TO_TIMESTAMP('2019-10-02 08:47:46'),'Z990192','5,16','1','370141','0','20000800','BPOPP001','POPP','BPOPP001',NULL,'389714','PEN','80998590','20000403')
insert into "PEN"."T_OPPTJN"("OPPTJN_ID","K_OPPTJN_T","AR","DATO_OPPRETTET","OPPRETTET_AV","DATO_ENDRET","ENDRET_AV","PP","BRUK","PIA","VERSJON","PERSON_GRUNNLAG_ID","REG_OPPRETTET_AV","K_GRUNNLAG_KILDE","REG_ENDRET_AV","MAKS_UFOREGRAD","PI","K_KILDE_POPP_T","EKSTERN_OPPTJN_ID","GRUNNLAG_VEDLEGG_ID") values ('20000646','PPI','2006',TO_TIMESTAMP('2019-10-02 08:47:46'),'Z990192',TO_TIMESTAMP('2019-10-02 08:47:46'),'Z990192','5,31','1','392454','0','20000800','BPOPP001','POPP','BPOPP001',NULL,'431430','PEN','80998591','20000403')
insert into "PEN"."T_OPPTJN"("OPPTJN_ID","K_OPPTJN_T","AR","DATO_OPPRETTET","OPPRETTET_AV","DATO_ENDRET","ENDRET_AV","PP","BRUK","PIA","VERSJON","PERSON_GRUNNLAG_ID","REG_OPPRETTET_AV","K_GRUNNLAG_KILDE","REG_ENDRET_AV","MAKS_UFOREGRAD","PI","K_KILDE_POPP_T","EKSTERN_OPPTJN_ID","GRUNNLAG_VEDLEGG_ID") values ('20000647','PPI','2007',TO_TIMESTAMP('2019-10-02 08:47:46'),'Z990192',TO_TIMESTAMP('2019-10-02 08:47:46'),'Z990192','5,3','1','412978','0','20000800','BPOPP001','POPP','BPOPP001',NULL,'452875','PEN','80998592','20000403')
insert into "PEN"."T_OPPTJN_TYPE_MAP"("OPPTJN_TYPE_MAP_ID","OPPTJN_ID","OPPTJN_TYPE","DATO_ENDRET","ENDRET_AV","DATO_OPPRETTET","OPPRETTET_AV","VERSJON") values ('20000000','20000600','INN_LON',TO_TIMESTAMP('2019-10-02 08:47:45'),'Z990192',TO_TIMESTAMP('2019-10-02 08:47:45'),'Z990192','0')
insert into "PEN"."T_OPPTJN_TYPE_MAP"("OPPTJN_TYPE_MAP_ID","OPPTJN_ID","OPPTJN_TYPE","DATO_ENDRET","ENDRET_AV","DATO_OPPRETTET","OPPRETTET_AV","VERSJON") values ('20000001','20000600','SUM_PI',TO_TIMESTAMP('2019-10-02 08:47:45'),'Z990192',TO_TIMESTAMP('2019-10-02 08:47:45'),'Z990192','0')
insert into "PEN"."T_OPPTJN_TYPE_MAP"("OPPTJN_TYPE_MAP_ID","OPPTJN_ID","OPPTJN_TYPE","DATO_ENDRET","ENDRET_AV","DATO_OPPRETTET","OPPRETTET_AV","VERSJON") values ('20000002','20000601','INN_LON',TO_TIMESTAMP('2019-10-02 08:47:45'),'Z990192',TO_TIMESTAMP('2019-10-02 08:47:45'),'Z990192','0')
insert into "PEN"."T_OPPTJN_TYPE_MAP"("OPPTJN_TYPE_MAP_ID","OPPTJN_ID","OPPTJN_TYPE","DATO_ENDRET","ENDRET_AV","DATO_OPPRETTET","OPPRETTET_AV","VERSJON") values ('20000003','20000601','SUM_PI',TO_TIMESTAMP('2019-10-02 08:47:45'),'Z990192',TO_TIMESTAMP('2019-10-02 08:47:45'),'Z990192','0')
insert into "PEN"."T_OPPTJN_TYPE_MAP"("OPPTJN_TYPE_MAP_ID","OPPTJN_ID","OPPTJN_TYPE","DATO_ENDRET","ENDRET_AV","DATO_OPPRETTET","OPPRETTET_AV","VERSJON") values ('20000004','20000602','INN_LON',TO_TIMESTAMP('2019-10-02 08:47:45'),'Z990192',TO_TIMESTAMP('2019-10-02 08:47:45'),'Z990192','0')
insert into "PEN"."T_OPPTJN_TYPE_MAP"("OPPTJN_TYPE_MAP_ID","OPPTJN_ID","OPPTJN_TYPE","DATO_ENDRET","ENDRET_AV","DATO_OPPRETTET","OPPRETTET_AV","VERSJON") values ('20000005','20000602','SUM_PI',TO_TIMESTAMP('2019-10-02 08:47:45'),'Z990192',TO_TIMESTAMP('2019-10-02 08:47:45'),'Z990192','0')
insert into "PEN"."T_OPPTJN_TYPE_MAP"("OPPTJN_TYPE_MAP_ID","OPPTJN_ID","OPPTJN_TYPE","DATO_ENDRET","ENDRET_AV","DATO_OPPRETTET","OPPRETTET_AV","VERSJON") values ('20000006','20000603','INN_LON',TO_TIMESTAMP('2019-10-02 08:47:45'),'Z990192',TO_TIMESTAMP('2019-10-02 08:47:45'),'Z990192','0')
insert into "PEN"."T_OPPTJN_TYPE_MAP"("OPPTJN_TYPE_MAP_ID","OPPTJN_ID","OPPTJN_TYPE","DATO_ENDRET","ENDRET_AV","DATO_OPPRETTET","OPPRETTET_AV","VERSJON") values ('20000007','20000603','SUM_PI',TO_TIMESTAMP('2019-10-02 08:47:45'),'Z990192',TO_TIMESTAMP('2019-10-02 08:47:45'),'Z990192','0')
insert into "PEN"."T_OPPTJN_TYPE_MAP"("OPPTJN_TYPE_MAP_ID","OPPTJN_ID","OPPTJN_TYPE","DATO_ENDRET","ENDRET_AV","DATO_OPPRETTET","OPPRETTET_AV","VERSJON") values ('20000008','20000604','INN_LON',TO_TIMESTAMP('2019-10-02 08:47:45'),'Z990192',TO_TIMESTAMP('2019-10-02 08:47:45'),'Z990192','0')
insert into "PEN"."T_OPPTJN_TYPE_MAP"("OPPTJN_TYPE_MAP_ID","OPPTJN_ID","OPPTJN_TYPE","DATO_ENDRET","ENDRET_AV","DATO_OPPRETTET","OPPRETTET_AV","VERSJON") values ('20000009','20000604','SUM_PI',TO_TIMESTAMP('2019-10-02 08:47:45'),'Z990192',TO_TIMESTAMP('2019-10-02 08:47:45'),'Z990192','0')
insert into "PEN"."T_OPPTJN_TYPE_MAP"("OPPTJN_TYPE_MAP_ID","OPPTJN_ID","OPPTJN_TYPE","DATO_ENDRET","ENDRET_AV","DATO_OPPRETTET","OPPRETTET_AV","VERSJON") values ('20000010','20000605','INN_LON',TO_TIMESTAMP('2019-10-02 08:47:45'),'Z990192',TO_TIMESTAMP('2019-10-02 08:47:45'),'Z990192','0')
insert into "PEN"."T_OPPTJN_TYPE_MAP"("OPPTJN_TYPE_MAP_ID","OPPTJN_ID","OPPTJN_TYPE","DATO_ENDRET","ENDRET_AV","DATO_OPPRETTET","OPPRETTET_AV","VERSJON") values ('20000011','20000605','SUM_PI',TO_TIMESTAMP('2019-10-02 08:47:45'),'Z990192',TO_TIMESTAMP('2019-10-02 08:47:45'),'Z990192','0')
insert into "PEN"."T_OPPTJN_TYPE_MAP"("OPPTJN_TYPE_MAP_ID","OPPTJN_ID","OPPTJN_TYPE","DATO_ENDRET","ENDRET_AV","DATO_OPPRETTET","OPPRETTET_AV","VERSJON") values ('20000012','20000606','INN_LON',TO_TIMESTAMP('2019-10-02 08:47:45'),'Z990192',TO_TIMESTAMP('2019-10-02 08:47:45'),'Z990192','0')
insert into "PEN"."T_OPPTJN_TYPE_MAP"("OPPTJN_TYPE_MAP_ID","OPPTJN_ID","OPPTJN_TYPE","DATO_ENDRET","ENDRET_AV","DATO_OPPRETTET","OPPRETTET_AV","VERSJON") values ('20000013','20000606','SUM_PI',TO_TIMESTAMP('2019-10-02 08:47:45'),'Z990192',TO_TIMESTAMP('2019-10-02 08:47:45'),'Z990192','0')
insert into "PEN"."T_OPPTJN_TYPE_MAP"("OPPTJN_TYPE_MAP_ID","OPPTJN_ID","OPPTJN_TYPE","DATO_ENDRET","ENDRET_AV","DATO_OPPRETTET","OPPRETTET_AV","VERSJON") values ('20000014','20000607','INN_LON',TO_TIMESTAMP('2019-10-02 08:47:45'),'Z990192',TO_TIMESTAMP('2019-10-02 08:47:45'),'Z990192','0')
insert into "PEN"."T_OPPTJN_TYPE_MAP"("OPPTJN_TYPE_MAP_ID","OPPTJN_ID","OPPTJN_TYPE","DATO_ENDRET","ENDRET_AV","DATO_OPPRETTET","OPPRETTET_AV","VERSJON") values ('20000015','20000607','SUM_PI',TO_TIMESTAMP('2019-10-02 08:47:45'),'Z990192',TO_TIMESTAMP('2019-10-02 08:47:45'),'Z990192','0')
insert into "PEN"."T_OPPTJN_TYPE_MAP"("OPPTJN_TYPE_MAP_ID","OPPTJN_ID","OPPTJN_TYPE","DATO_ENDRET","ENDRET_AV","DATO_OPPRETTET","OPPRETTET_AV","VERSJON") values ('20000016','20000608','INN_LON',TO_TIMESTAMP('2019-10-02 08:47:45'),'Z990192',TO_TIMESTAMP('2019-10-02 08:47:45'),'Z990192','0')
insert into "PEN"."T_OPPTJN_TYPE_MAP"("OPPTJN_TYPE_MAP_ID","OPPTJN_ID","OPPTJN_TYPE","DATO_ENDRET","ENDRET_AV","DATO_OPPRETTET","OPPRETTET_AV","VERSJON") values ('20000017','20000608','SUM_PI',TO_TIMESTAMP('2019-10-02 08:47:45'),'Z990192',TO_TIMESTAMP('2019-10-02 08:47:45'),'Z990192','0')
insert into "PEN"."T_OPPTJN_TYPE_MAP"("OPPTJN_TYPE_MAP_ID","OPPTJN_ID","OPPTJN_TYPE","DATO_ENDRET","ENDRET_AV","DATO_OPPRETTET","OPPRETTET_AV","VERSJON") values ('20000018','20000609','INN_LON',TO_TIMESTAMP('2019-10-02 08:47:45'),'Z990192',TO_TIMESTAMP('2019-10-02 08:47:45'),'Z990192','0')
insert into "PEN"."T_OPPTJN_TYPE_MAP"("OPPTJN_TYPE_MAP_ID","OPPTJN_ID","OPPTJN_TYPE","DATO_ENDRET","ENDRET_AV","DATO_OPPRETTET","OPPRETTET_AV","VERSJON") values ('20000019','20000609','SUM_PI',TO_TIMESTAMP('2019-10-02 08:47:45'),'Z990192',TO_TIMESTAMP('2019-10-02 08:47:45'),'Z990192','0')
insert into "PEN"."T_OPPTJN_TYPE_MAP"("OPPTJN_TYPE_MAP_ID","OPPTJN_ID","OPPTJN_TYPE","DATO_ENDRET","ENDRET_AV","DATO_OPPRETTET","OPPRETTET_AV","VERSJON") values ('20000020','20000610','INN_LON',TO_TIMESTAMP('2019-10-02 08:47:45'),'Z990192',TO_TIMESTAMP('2019-10-02 08:47:45'),'Z990192','0')
insert into "PEN"."T_OPPTJN_TYPE_MAP"("OPPTJN_TYPE_MAP_ID","OPPTJN_ID","OPPTJN_TYPE","DATO_ENDRET","ENDRET_AV","DATO_OPPRETTET","OPPRETTET_AV","VERSJON") values ('20000021','20000610','SUM_PI',TO_TIMESTAMP('2019-10-02 08:47:45'),'Z990192',TO_TIMESTAMP('2019-10-02 08:47:45'),'Z990192','0')
insert into "PEN"."T_OPPTJN_TYPE_MAP"("OPPTJN_TYPE_MAP_ID","OPPTJN_ID","OPPTJN_TYPE","DATO_ENDRET","ENDRET_AV","DATO_OPPRETTET","OPPRETTET_AV","VERSJON") values ('20000022','20000611','INN_LON',TO_TIMESTAMP('2019-10-02 08:47:45'),'Z990192',TO_TIMESTAMP('2019-10-02 08:47:45'),'Z990192','0')
insert into "PEN"."T_OPPTJN_TYPE_MAP"("OPPTJN_TYPE_MAP_ID","OPPTJN_ID","OPPTJN_TYPE","DATO_ENDRET","ENDRET_AV","DATO_OPPRETTET","OPPRETTET_AV","VERSJON") values ('20000023','20000611','SUM_PI',TO_TIMESTAMP('2019-10-02 08:47:45'),'Z990192',TO_TIMESTAMP('2019-10-02 08:47:45'),'Z990192','0')
insert into "PEN"."T_OPPTJN_TYPE_MAP"("OPPTJN_TYPE_MAP_ID","OPPTJN_ID","OPPTJN_TYPE","DATO_ENDRET","ENDRET_AV","DATO_OPPRETTET","OPPRETTET_AV","VERSJON") values ('20000024','20000612','INN_LON',TO_TIMESTAMP('2019-10-02 08:47:45'),'Z990192',TO_TIMESTAMP('2019-10-02 08:47:45'),'Z990192','0')
insert into "PEN"."T_OPPTJN_TYPE_MAP"("OPPTJN_TYPE_MAP_ID","OPPTJN_ID","OPPTJN_TYPE","DATO_ENDRET","ENDRET_AV","DATO_OPPRETTET","OPPRETTET_AV","VERSJON") values ('20000025','20000612','SUM_PI',TO_TIMESTAMP('2019-10-02 08:47:45'),'Z990192',TO_TIMESTAMP('2019-10-02 08:47:45'),'Z990192','0')
insert into "PEN"."T_OPPTJN_TYPE_MAP"("OPPTJN_TYPE_MAP_ID","OPPTJN_ID","OPPTJN_TYPE","DATO_ENDRET","ENDRET_AV","DATO_OPPRETTET","OPPRETTET_AV","VERSJON") values ('20000026','20000613','INN_LON',TO_TIMESTAMP('2019-10-02 08:47:45'),'Z990192',TO_TIMESTAMP('2019-10-02 08:47:45'),'Z990192','0')
insert into "PEN"."T_OPPTJN_TYPE_MAP"("OPPTJN_TYPE_MAP_ID","OPPTJN_ID","OPPTJN_TYPE","DATO_ENDRET","ENDRET_AV","DATO_OPPRETTET","OPPRETTET_AV","VERSJON") values ('20000027','20000613','SUM_PI',TO_TIMESTAMP('2019-10-02 08:47:45'),'Z990192',TO_TIMESTAMP('2019-10-02 08:47:45'),'Z990192','0')
insert into "PEN"."T_OPPTJN_TYPE_MAP"("OPPTJN_TYPE_MAP_ID","OPPTJN_ID","OPPTJN_TYPE","DATO_ENDRET","ENDRET_AV","DATO_OPPRETTET","OPPRETTET_AV","VERSJON") values ('20000028','20000614','INN_LON',TO_TIMESTAMP('2019-10-02 08:47:45'),'Z990192',TO_TIMESTAMP('2019-10-02 08:47:45'),'Z990192','0')
insert into "PEN"."T_OPPTJN_TYPE_MAP"("OPPTJN_TYPE_MAP_ID","OPPTJN_ID","OPPTJN_TYPE","DATO_ENDRET","ENDRET_AV","DATO_OPPRETTET","OPPRETTET_AV","VERSJON") values ('20000029','20000614','SUM_PI',TO_TIMESTAMP('2019-10-02 08:47:45'),'Z990192',TO_TIMESTAMP('2019-10-02 08:47:45'),'Z990192','0')
insert into "PEN"."T_OPPTJN_TYPE_MAP"("OPPTJN_TYPE_MAP_ID","OPPTJN_ID","OPPTJN_TYPE","DATO_ENDRET","ENDRET_AV","DATO_OPPRETTET","OPPRETTET_AV","VERSJON") values ('20000030','20000615','INN_LON',TO_TIMESTAMP('2019-10-02 08:47:45'),'Z990192',TO_TIMESTAMP('2019-10-02 08:47:45'),'Z990192','0')
insert into "PEN"."T_OPPTJN_TYPE_MAP"("OPPTJN_TYPE_MAP_ID","OPPTJN_ID","OPPTJN_TYPE","DATO_ENDRET","ENDRET_AV","DATO_OPPRETTET","OPPRETTET_AV","VERSJON") values ('20000031','20000615','SUM_PI',TO_TIMESTAMP('2019-10-02 08:47:45'),'Z990192',TO_TIMESTAMP('2019-10-02 08:47:45'),'Z990192','0')
insert into "PEN"."T_OPPTJN_TYPE_MAP"("OPPTJN_TYPE_MAP_ID","OPPTJN_ID","OPPTJN_TYPE","DATO_ENDRET","ENDRET_AV","DATO_OPPRETTET","OPPRETTET_AV","VERSJON") values ('20000032','20000616','INN_LON',TO_TIMESTAMP('2019-10-02 08:47:45'),'Z990192',TO_TIMESTAMP('2019-10-02 08:47:45'),'Z990192','0')
insert into "PEN"."T_OPPTJN_TYPE_MAP"("OPPTJN_TYPE_MAP_ID","OPPTJN_ID","OPPTJN_TYPE","DATO_ENDRET","ENDRET_AV","DATO_OPPRETTET","OPPRETTET_AV","VERSJON") values ('20000033','20000616','SUM_PI',TO_TIMESTAMP('2019-10-02 08:47:45'),'Z990192',TO_TIMESTAMP('2019-10-02 08:47:45'),'Z990192','0')
insert into "PEN"."T_OPPTJN_TYPE_MAP"("OPPTJN_TYPE_MAP_ID","OPPTJN_ID","OPPTJN_TYPE","DATO_ENDRET","ENDRET_AV","DATO_OPPRETTET","OPPRETTET_AV","VERSJON") values ('20000034','20000617','INN_LON',TO_TIMESTAMP('2019-10-02 08:47:45'),'Z990192',TO_TIMESTAMP('2019-10-02 08:47:45'),'Z990192','0')
insert into "PEN"."T_OPPTJN_TYPE_MAP"("OPPTJN_TYPE_MAP_ID","OPPTJN_ID","OPPTJN_TYPE","DATO_ENDRET","ENDRET_AV","DATO_OPPRETTET","OPPRETTET_AV","VERSJON") values ('20000035','20000617','SUM_PI',TO_TIMESTAMP('2019-10-02 08:47:45'),'Z990192',TO_TIMESTAMP('2019-10-02 08:47:45'),'Z990192','0')
insert into "PEN"."T_OPPTJN_TYPE_MAP"("OPPTJN_TYPE_MAP_ID","OPPTJN_ID","OPPTJN_TYPE","DATO_ENDRET","ENDRET_AV","DATO_OPPRETTET","OPPRETTET_AV","VERSJON") values ('20000036','20000618','INN_LON',TO_TIMESTAMP('2019-10-02 08:47:45'),'Z990192',TO_TIMESTAMP('2019-10-02 08:47:45'),'Z990192','0')
insert into "PEN"."T_OPPTJN_TYPE_MAP"("OPPTJN_TYPE_MAP_ID","OPPTJN_ID","OPPTJN_TYPE","DATO_ENDRET","ENDRET_AV","DATO_OPPRETTET","OPPRETTET_AV","VERSJON") values ('20000037','20000618','SUM_PI',TO_TIMESTAMP('2019-10-02 08:47:45'),'Z990192',TO_TIMESTAMP('2019-10-02 08:47:45'),'Z990192','0')
insert into "PEN"."T_OPPTJN_TYPE_MAP"("OPPTJN_TYPE_MAP_ID","OPPTJN_ID","OPPTJN_TYPE","DATO_ENDRET","ENDRET_AV","DATO_OPPRETTET","OPPRETTET_AV","VERSJON") values ('20000038','20000619','INN_LON',TO_TIMESTAMP('2019-10-02 08:47:45'),'Z990192',TO_TIMESTAMP('2019-10-02 08:47:45'),'Z990192','0')
insert into "PEN"."T_OPPTJN_TYPE_MAP"("OPPTJN_TYPE_MAP_ID","OPPTJN_ID","OPPTJN_TYPE","DATO_ENDRET","ENDRET_AV","DATO_OPPRETTET","OPPRETTET_AV","VERSJON") values ('20000039','20000619','SUM_PI',TO_TIMESTAMP('2019-10-02 08:47:45'),'Z990192',TO_TIMESTAMP('2019-10-02 08:47:45'),'Z990192','0')
insert into "PEN"."T_OPPTJN_TYPE_MAP"("OPPTJN_TYPE_MAP_ID","OPPTJN_ID","OPPTJN_TYPE","DATO_ENDRET","ENDRET_AV","DATO_OPPRETTET","OPPRETTET_AV","VERSJON") values ('20000040','20000620','INN_LON',TO_TIMESTAMP('2019-10-02 08:47:45'),'Z990192',TO_TIMESTAMP('2019-10-02 08:47:45'),'Z990192','0')
insert into "PEN"."T_OPPTJN_TYPE_MAP"("OPPTJN_TYPE_MAP_ID","OPPTJN_ID","OPPTJN_TYPE","DATO_ENDRET","ENDRET_AV","DATO_OPPRETTET","OPPRETTET_AV","VERSJON") values ('20000041','20000620','SUM_PI',TO_TIMESTAMP('2019-10-02 08:47:45'),'Z990192',TO_TIMESTAMP('2019-10-02 08:47:45'),'Z990192','0')
insert into "PEN"."T_OPPTJN_TYPE_MAP"("OPPTJN_TYPE_MAP_ID","OPPTJN_ID","OPPTJN_TYPE","DATO_ENDRET","ENDRET_AV","DATO_OPPRETTET","OPPRETTET_AV","VERSJON") values ('20000042','20000621','INN_LON',TO_TIMESTAMP('2019-10-02 08:47:45'),'Z990192',TO_TIMESTAMP('2019-10-02 08:47:45'),'Z990192','0')
insert into "PEN"."T_OPPTJN_TYPE_MAP"("OPPTJN_TYPE_MAP_ID","OPPTJN_ID","OPPTJN_TYPE","DATO_ENDRET","ENDRET_AV","DATO_OPPRETTET","OPPRETTET_AV","VERSJON") values ('20000043','20000621','SUM_PI',TO_TIMESTAMP('2019-10-02 08:47:45'),'Z990192',TO_TIMESTAMP('2019-10-02 08:47:45'),'Z990192','0')
insert into "PEN"."T_OPPTJN_TYPE_MAP"("OPPTJN_TYPE_MAP_ID","OPPTJN_ID","OPPTJN_TYPE","DATO_ENDRET","ENDRET_AV","DATO_OPPRETTET","OPPRETTET_AV","VERSJON") values ('20000044','20000622','INN_LON',TO_TIMESTAMP('2019-10-02 08:47:45'),'Z990192',TO_TIMESTAMP('2019-10-02 08:47:45'),'Z990192','0')
insert into "PEN"."T_OPPTJN_TYPE_MAP"("OPPTJN_TYPE_MAP_ID","OPPTJN_ID","OPPTJN_TYPE","DATO_ENDRET","ENDRET_AV","DATO_OPPRETTET","OPPRETTET_AV","VERSJON") values ('20000045','20000622','SUM_PI',TO_TIMESTAMP('2019-10-02 08:47:45'),'Z990192',TO_TIMESTAMP('2019-10-02 08:47:45'),'Z990192','0')
insert into "PEN"."T_OPPTJN_TYPE_MAP"("OPPTJN_TYPE_MAP_ID","OPPTJN_ID","OPPTJN_TYPE","DATO_ENDRET","ENDRET_AV","DATO_OPPRETTET","OPPRETTET_AV","VERSJON") values ('20000046','20000623','INN_LON',TO_TIMESTAMP('2019-10-02 08:47:45'),'Z990192',TO_TIMESTAMP('2019-10-02 08:47:45'),'Z990192','0')
insert into "PEN"."T_OPPTJN_TYPE_MAP"("OPPTJN_TYPE_MAP_ID","OPPTJN_ID","OPPTJN_TYPE","DATO_ENDRET","ENDRET_AV","DATO_OPPRETTET","OPPRETTET_AV","VERSJON") values ('20000047','20000623','SUM_PI',TO_TIMESTAMP('2019-10-02 08:47:45'),'Z990192',TO_TIMESTAMP('2019-10-02 08:47:45'),'Z990192','0')
insert into "PEN"."T_OPPTJN_TYPE_MAP"("OPPTJN_TYPE_MAP_ID","OPPTJN_ID","OPPTJN_TYPE","DATO_ENDRET","ENDRET_AV","DATO_OPPRETTET","OPPRETTET_AV","VERSJON") values ('20000048','20000624','INN_LON',TO_TIMESTAMP('2019-10-02 08:47:45'),'Z990192',TO_TIMESTAMP('2019-10-02 08:47:45'),'Z990192','0')
insert into "PEN"."T_OPPTJN_TYPE_MAP"("OPPTJN_TYPE_MAP_ID","OPPTJN_ID","OPPTJN_TYPE","DATO_ENDRET","ENDRET_AV","DATO_OPPRETTET","OPPRETTET_AV","VERSJON") values ('20000049','20000624','SUM_PI',TO_TIMESTAMP('2019-10-02 08:47:45'),'Z990192',TO_TIMESTAMP('2019-10-02 08:47:45'),'Z990192','0')
insert into "PEN"."T_OPPTJN_TYPE_MAP"("OPPTJN_TYPE_MAP_ID","OPPTJN_ID","OPPTJN_TYPE","DATO_ENDRET","ENDRET_AV","DATO_OPPRETTET","OPPRETTET_AV","VERSJON") values ('20000050','20000625','INN_LON',TO_TIMESTAMP('2019-10-02 08:47:45'),'Z990192',TO_TIMESTAMP('2019-10-02 08:47:45'),'Z990192','0')
insert into "PEN"."T_OPPTJN_TYPE_MAP"("OPPTJN_TYPE_MAP_ID","OPPTJN_ID","OPPTJN_TYPE","DATO_ENDRET","ENDRET_AV","DATO_OPPRETTET","OPPRETTET_AV","VERSJON") values ('20000051','20000625','SUM_PI',TO_TIMESTAMP('2019-10-02 08:47:45'),'Z990192',TO_TIMESTAMP('2019-10-02 08:47:45'),'Z990192','0')
insert into "PEN"."T_OPPTJN_TYPE_MAP"("OPPTJN_TYPE_MAP_ID","OPPTJN_ID","OPPTJN_TYPE","DATO_ENDRET","ENDRET_AV","DATO_OPPRETTET","OPPRETTET_AV","VERSJON") values ('20000052','20000626','INN_LON',TO_TIMESTAMP('2019-10-02 08:47:45'),'Z990192',TO_TIMESTAMP('2019-10-02 08:47:45'),'Z990192','0')
insert into "PEN"."T_OPPTJN_TYPE_MAP"("OPPTJN_TYPE_MAP_ID","OPPTJN_ID","OPPTJN_TYPE","DATO_ENDRET","ENDRET_AV","DATO_OPPRETTET","OPPRETTET_AV","VERSJON") values ('20000053','20000626','SUM_PI',TO_TIMESTAMP('2019-10-02 08:47:45'),'Z990192',TO_TIMESTAMP('2019-10-02 08:47:45'),'Z990192','0')
insert into "PEN"."T_OPPTJN_TYPE_MAP"("OPPTJN_TYPE_MAP_ID","OPPTJN_ID","OPPTJN_TYPE","DATO_ENDRET","ENDRET_AV","DATO_OPPRETTET","OPPRETTET_AV","VERSJON") values ('20000054','20000627','INN_LON',TO_TIMESTAMP('2019-10-02 08:47:45'),'Z990192',TO_TIMESTAMP('2019-10-02 08:47:45'),'Z990192','0')
insert into "PEN"."T_OPPTJN_TYPE_MAP"("OPPTJN_TYPE_MAP_ID","OPPTJN_ID","OPPTJN_TYPE","DATO_ENDRET","ENDRET_AV","DATO_OPPRETTET","OPPRETTET_AV","VERSJON") values ('20000055','20000627','SUM_PI',TO_TIMESTAMP('2019-10-02 08:47:45'),'Z990192',TO_TIMESTAMP('2019-10-02 08:47:45'),'Z990192','0')
insert into "PEN"."T_OPPTJN_TYPE_MAP"("OPPTJN_TYPE_MAP_ID","OPPTJN_ID","OPPTJN_TYPE","DATO_ENDRET","ENDRET_AV","DATO_OPPRETTET","OPPRETTET_AV","VERSJON") values ('20000056','20000628','INN_LON',TO_TIMESTAMP('2019-10-02 08:47:45'),'Z990192',TO_TIMESTAMP('2019-10-02 08:47:45'),'Z990192','0')
insert into "PEN"."T_OPPTJN_TYPE_MAP"("OPPTJN_TYPE_MAP_ID","OPPTJN_ID","OPPTJN_TYPE","DATO_ENDRET","ENDRET_AV","DATO_OPPRETTET","OPPRETTET_AV","VERSJON") values ('20000057','20000628','SUM_PI',TO_TIMESTAMP('2019-10-02 08:47:45'),'Z990192',TO_TIMESTAMP('2019-10-02 08:47:45'),'Z990192','0')
insert into "PEN"."T_OPPTJN_TYPE_MAP"("OPPTJN_TYPE_MAP_ID","OPPTJN_ID","OPPTJN_TYPE","DATO_ENDRET","ENDRET_AV","DATO_OPPRETTET","OPPRETTET_AV","VERSJON") values ('20000058','20000629','INN_LON',TO_TIMESTAMP('2019-10-02 08:47:45'),'Z990192',TO_TIMESTAMP('2019-10-02 08:47:45'),'Z990192','0')
insert into "PEN"."T_OPPTJN_TYPE_MAP"("OPPTJN_TYPE_MAP_ID","OPPTJN_ID","OPPTJN_TYPE","DATO_ENDRET","ENDRET_AV","DATO_OPPRETTET","OPPRETTET_AV","VERSJON") values ('20000059','20000629','SUM_PI',TO_TIMESTAMP('2019-10-02 08:47:45'),'Z990192',TO_TIMESTAMP('2019-10-02 08:47:45'),'Z990192','0')
insert into "PEN"."T_OPPTJN_TYPE_MAP"("OPPTJN_TYPE_MAP_ID","OPPTJN_ID","OPPTJN_TYPE","DATO_ENDRET","ENDRET_AV","DATO_OPPRETTET","OPPRETTET_AV","VERSJON") values ('20000060','20000630','INN_LON',TO_TIMESTAMP('2019-10-02 08:47:45'),'Z990192',TO_TIMESTAMP('2019-10-02 08:47:45'),'Z990192','0')
insert into "PEN"."T_OPPTJN_TYPE_MAP"("OPPTJN_TYPE_MAP_ID","OPPTJN_ID","OPPTJN_TYPE","DATO_ENDRET","ENDRET_AV","DATO_OPPRETTET","OPPRETTET_AV","VERSJON") values ('20000061','20000630','SUM_PI',TO_TIMESTAMP('2019-10-02 08:47:45'),'Z990192',TO_TIMESTAMP('2019-10-02 08:47:45'),'Z990192','0')
insert into "PEN"."T_OPPTJN_TYPE_MAP"("OPPTJN_TYPE_MAP_ID","OPPTJN_ID","OPPTJN_TYPE","DATO_ENDRET","ENDRET_AV","DATO_OPPRETTET","OPPRETTET_AV","VERSJON") values ('20000062','20000631','INN_LON',TO_TIMESTAMP('2019-10-02 08:47:45'),'Z990192',TO_TIMESTAMP('2019-10-02 08:47:45'),'Z990192','0')
insert into "PEN"."T_OPPTJN_TYPE_MAP"("OPPTJN_TYPE_MAP_ID","OPPTJN_ID","OPPTJN_TYPE","DATO_ENDRET","ENDRET_AV","DATO_OPPRETTET","OPPRETTET_AV","VERSJON") values ('20000063','20000631','SUM_PI',TO_TIMESTAMP('2019-10-02 08:47:45'),'Z990192',TO_TIMESTAMP('2019-10-02 08:47:45'),'Z990192','0')
insert into "PEN"."T_OPPTJN_TYPE_MAP"("OPPTJN_TYPE_MAP_ID","OPPTJN_ID","OPPTJN_TYPE","DATO_ENDRET","ENDRET_AV","DATO_OPPRETTET","OPPRETTET_AV","VERSJON") values ('20000064','20000632','INN_LON',TO_TIMESTAMP('2019-10-02 08:47:45'),'Z990192',TO_TIMESTAMP('2019-10-02 08:47:45'),'Z990192','0')
insert into "PEN"."T_OPPTJN_TYPE_MAP"("OPPTJN_TYPE_MAP_ID","OPPTJN_ID","OPPTJN_TYPE","DATO_ENDRET","ENDRET_AV","DATO_OPPRETTET","OPPRETTET_AV","VERSJON") values ('20000065','20000632','SUM_PI',TO_TIMESTAMP('2019-10-02 08:47:45'),'Z990192',TO_TIMESTAMP('2019-10-02 08:47:45'),'Z990192','0')
insert into "PEN"."T_OPPTJN_TYPE_MAP"("OPPTJN_TYPE_MAP_ID","OPPTJN_ID","OPPTJN_TYPE","DATO_ENDRET","ENDRET_AV","DATO_OPPRETTET","OPPRETTET_AV","VERSJON") values ('20000066','20000633','INN_LON',TO_TIMESTAMP('2019-10-02 08:47:45'),'Z990192',TO_TIMESTAMP('2019-10-02 08:47:45'),'Z990192','0')
insert into "PEN"."T_OPPTJN_TYPE_MAP"("OPPTJN_TYPE_MAP_ID","OPPTJN_ID","OPPTJN_TYPE","DATO_ENDRET","ENDRET_AV","DATO_OPPRETTET","OPPRETTET_AV","VERSJON") values ('20000067','20000633','SUM_PI',TO_TIMESTAMP('2019-10-02 08:47:45'),'Z990192',TO_TIMESTAMP('2019-10-02 08:47:45'),'Z990192','0')
insert into "PEN"."T_OPPTJN_TYPE_MAP"("OPPTJN_TYPE_MAP_ID","OPPTJN_ID","OPPTJN_TYPE","DATO_ENDRET","ENDRET_AV","DATO_OPPRETTET","OPPRETTET_AV","VERSJON") values ('20000068','20000634','INN_LON',TO_TIMESTAMP('2019-10-02 08:47:45'),'Z990192',TO_TIMESTAMP('2019-10-02 08:47:45'),'Z990192','0')
insert into "PEN"."T_OPPTJN_TYPE_MAP"("OPPTJN_TYPE_MAP_ID","OPPTJN_ID","OPPTJN_TYPE","DATO_ENDRET","ENDRET_AV","DATO_OPPRETTET","OPPRETTET_AV","VERSJON") values ('20000069','20000634','SUM_PI',TO_TIMESTAMP('2019-10-02 08:47:45'),'Z990192',TO_TIMESTAMP('2019-10-02 08:47:45'),'Z990192','0')
insert into "PEN"."T_OPPTJN_TYPE_MAP"("OPPTJN_TYPE_MAP_ID","OPPTJN_ID","OPPTJN_TYPE","DATO_ENDRET","ENDRET_AV","DATO_OPPRETTET","OPPRETTET_AV","VERSJON") values ('20000070','20000635','INN_LON',TO_TIMESTAMP('2019-10-02 08:47:45'),'Z990192',TO_TIMESTAMP('2019-10-02 08:47:45'),'Z990192','0')
insert into "PEN"."T_OPPTJN_TYPE_MAP"("OPPTJN_TYPE_MAP_ID","OPPTJN_ID","OPPTJN_TYPE","DATO_ENDRET","ENDRET_AV","DATO_OPPRETTET","OPPRETTET_AV","VERSJON") values ('20000071','20000635','SUM_PI',TO_TIMESTAMP('2019-10-02 08:47:45'),'Z990192',TO_TIMESTAMP('2019-10-02 08:47:45'),'Z990192','0')
insert into "PEN"."T_OPPTJN_TYPE_MAP"("OPPTJN_TYPE_MAP_ID","OPPTJN_ID","OPPTJN_TYPE","DATO_ENDRET","ENDRET_AV","DATO_OPPRETTET","OPPRETTET_AV","VERSJON") values ('20000072','20000636','INN_LON',TO_TIMESTAMP('2019-10-02 08:47:45'),'Z990192',TO_TIMESTAMP('2019-10-02 08:47:45'),'Z990192','0')
insert into "PEN"."T_OPPTJN_TYPE_MAP"("OPPTJN_TYPE_MAP_ID","OPPTJN_ID","OPPTJN_TYPE","DATO_ENDRET","ENDRET_AV","DATO_OPPRETTET","OPPRETTET_AV","VERSJON") values ('20000073','20000636','SUM_PI',TO_TIMESTAMP('2019-10-02 08:47:45'),'Z990192',TO_TIMESTAMP('2019-10-02 08:47:45'),'Z990192','0')
insert into "PEN"."T_OPPTJN_TYPE_MAP"("OPPTJN_TYPE_MAP_ID","OPPTJN_ID","OPPTJN_TYPE","DATO_ENDRET","ENDRET_AV","DATO_OPPRETTET","OPPRETTET_AV","VERSJON") values ('20000074','20000637','INN_LON',TO_TIMESTAMP('2019-10-02 08:47:45'),'Z990192',TO_TIMESTAMP('2019-10-02 08:47:45'),'Z990192','0')
insert into "PEN"."T_OPPTJN_TYPE_MAP"("OPPTJN_TYPE_MAP_ID","OPPTJN_ID","OPPTJN_TYPE","DATO_ENDRET","ENDRET_AV","DATO_OPPRETTET","OPPRETTET_AV","VERSJON") values ('20000075','20000637','SUM_PI',TO_TIMESTAMP('2019-10-02 08:47:45'),'Z990192',TO_TIMESTAMP('2019-10-02 08:47:45'),'Z990192','0')
insert into "PEN"."T_OPPTJN_TYPE_MAP"("OPPTJN_TYPE_MAP_ID","OPPTJN_ID","OPPTJN_TYPE","DATO_ENDRET","ENDRET_AV","DATO_OPPRETTET","OPPRETTET_AV","VERSJON") values ('20000076','20000638','INN_LON',TO_TIMESTAMP('2019-10-02 08:47:45'),'Z990192',TO_TIMESTAMP('2019-10-02 08:47:45'),'Z990192','0')
insert into "PEN"."T_OPPTJN_TYPE_MAP"("OPPTJN_TYPE_MAP_ID","OPPTJN_ID","OPPTJN_TYPE","DATO_ENDRET","ENDRET_AV","DATO_OPPRETTET","OPPRETTET_AV","VERSJON") values ('20000077','20000638','SUM_PI',TO_TIMESTAMP('2019-10-02 08:47:45'),'Z990192',TO_TIMESTAMP('2019-10-02 08:47:45'),'Z990192','0')
insert into "PEN"."T_OPPTJN_TYPE_MAP"("OPPTJN_TYPE_MAP_ID","OPPTJN_ID","OPPTJN_TYPE","DATO_ENDRET","ENDRET_AV","DATO_OPPRETTET","OPPRETTET_AV","VERSJON") values ('20000078','20000639','INN_LON',TO_TIMESTAMP('2019-10-02 08:47:45'),'Z990192',TO_TIMESTAMP('2019-10-02 08:47:45'),'Z990192','0')
insert into "PEN"."T_OPPTJN_TYPE_MAP"("OPPTJN_TYPE_MAP_ID","OPPTJN_ID","OPPTJN_TYPE","DATO_ENDRET","ENDRET_AV","DATO_OPPRETTET","OPPRETTET_AV","VERSJON") values ('20000079','20000639','SUM_PI',TO_TIMESTAMP('2019-10-02 08:47:45'),'Z990192',TO_TIMESTAMP('2019-10-02 08:47:45'),'Z990192','0')
insert into "PEN"."T_OPPTJN_TYPE_MAP"("OPPTJN_TYPE_MAP_ID","OPPTJN_ID","OPPTJN_TYPE","DATO_ENDRET","ENDRET_AV","DATO_OPPRETTET","OPPRETTET_AV","VERSJON") values ('20000080','20000640','INN_LON',TO_TIMESTAMP('2019-10-02 08:47:46'),'Z990192',TO_TIMESTAMP('2019-10-02 08:47:46'),'Z990192','0')
insert into "PEN"."T_OPPTJN_TYPE_MAP"("OPPTJN_TYPE_MAP_ID","OPPTJN_ID","OPPTJN_TYPE","DATO_ENDRET","ENDRET_AV","DATO_OPPRETTET","OPPRETTET_AV","VERSJON") values ('20000081','20000640','SUM_PI',TO_TIMESTAMP('2019-10-02 08:47:46'),'Z990192',TO_TIMESTAMP('2019-10-02 08:47:46'),'Z990192','0')
insert into "PEN"."T_OPPTJN_TYPE_MAP"("OPPTJN_TYPE_MAP_ID","OPPTJN_ID","OPPTJN_TYPE","DATO_ENDRET","ENDRET_AV","DATO_OPPRETTET","OPPRETTET_AV","VERSJON") values ('20000082','20000641','INN_LON',TO_TIMESTAMP('2019-10-02 08:47:46'),'Z990192',TO_TIMESTAMP('2019-10-02 08:47:46'),'Z990192','0')
insert into "PEN"."T_OPPTJN_TYPE_MAP"("OPPTJN_TYPE_MAP_ID","OPPTJN_ID","OPPTJN_TYPE","DATO_ENDRET","ENDRET_AV","DATO_OPPRETTET","OPPRETTET_AV","VERSJON") values ('20000083','20000641','SUM_PI',TO_TIMESTAMP('2019-10-02 08:47:46'),'Z990192',TO_TIMESTAMP('2019-10-02 08:47:46'),'Z990192','0')
insert into "PEN"."T_OPPTJN_TYPE_MAP"("OPPTJN_TYPE_MAP_ID","OPPTJN_ID","OPPTJN_TYPE","DATO_ENDRET","ENDRET_AV","DATO_OPPRETTET","OPPRETTET_AV","VERSJON") values ('20000084','20000642','INN_LON',TO_TIMESTAMP('2019-10-02 08:47:46'),'Z990192',TO_TIMESTAMP('2019-10-02 08:47:46'),'Z990192','0')
insert into "PEN"."T_OPPTJN_TYPE_MAP"("OPPTJN_TYPE_MAP_ID","OPPTJN_ID","OPPTJN_TYPE","DATO_ENDRET","ENDRET_AV","DATO_OPPRETTET","OPPRETTET_AV","VERSJON") values ('20000085','20000642','SUM_PI',TO_TIMESTAMP('2019-10-02 08:47:46'),'Z990192',TO_TIMESTAMP('2019-10-02 08:47:46'),'Z990192','0')
insert into "PEN"."T_OPPTJN_TYPE_MAP"("OPPTJN_TYPE_MAP_ID","OPPTJN_ID","OPPTJN_TYPE","DATO_ENDRET","ENDRET_AV","DATO_OPPRETTET","OPPRETTET_AV","VERSJON") values ('20000086','20000643','INN_LON',TO_TIMESTAMP('2019-10-02 08:47:46'),'Z990192',TO_TIMESTAMP('2019-10-02 08:47:46'),'Z990192','0')
insert into "PEN"."T_OPPTJN_TYPE_MAP"("OPPTJN_TYPE_MAP_ID","OPPTJN_ID","OPPTJN_TYPE","DATO_ENDRET","ENDRET_AV","DATO_OPPRETTET","OPPRETTET_AV","VERSJON") values ('20000087','20000643','SUM_PI',TO_TIMESTAMP('2019-10-02 08:47:46'),'Z990192',TO_TIMESTAMP('2019-10-02 08:47:46'),'Z990192','0')
insert into "PEN"."T_OPPTJN_TYPE_MAP"("OPPTJN_TYPE_MAP_ID","OPPTJN_ID","OPPTJN_TYPE","DATO_ENDRET","ENDRET_AV","DATO_OPPRETTET","OPPRETTET_AV","VERSJON") values ('20000088','20000644','INN_LON',TO_TIMESTAMP('2019-10-02 08:47:46'),'Z990192',TO_TIMESTAMP('2019-10-02 08:47:46'),'Z990192','0')
insert into "PEN"."T_OPPTJN_TYPE_MAP"("OPPTJN_TYPE_MAP_ID","OPPTJN_ID","OPPTJN_TYPE","DATO_ENDRET","ENDRET_AV","DATO_OPPRETTET","OPPRETTET_AV","VERSJON") values ('20000089','20000644','SUM_PI',TO_TIMESTAMP('2019-10-02 08:47:46'),'Z990192',TO_TIMESTAMP('2019-10-02 08:47:46'),'Z990192','0')
insert into "PEN"."T_OPPTJN_TYPE_MAP"("OPPTJN_TYPE_MAP_ID","OPPTJN_ID","OPPTJN_TYPE","DATO_ENDRET","ENDRET_AV","DATO_OPPRETTET","OPPRETTET_AV","VERSJON") values ('20000090','20000645','INN_LON',TO_TIMESTAMP('2019-10-02 08:47:46'),'Z990192',TO_TIMESTAMP('2019-10-02 08:47:46'),'Z990192','0')
insert into "PEN"."T_OPPTJN_TYPE_MAP"("OPPTJN_TYPE_MAP_ID","OPPTJN_ID","OPPTJN_TYPE","DATO_ENDRET","ENDRET_AV","DATO_OPPRETTET","OPPRETTET_AV","VERSJON") values ('20000091','20000645','SUM_PI',TO_TIMESTAMP('2019-10-02 08:47:46'),'Z990192',TO_TIMESTAMP('2019-10-02 08:47:46'),'Z990192','0')
insert into "PEN"."T_OPPTJN_TYPE_MAP"("OPPTJN_TYPE_MAP_ID","OPPTJN_ID","OPPTJN_TYPE","DATO_ENDRET","ENDRET_AV","DATO_OPPRETTET","OPPRETTET_AV","VERSJON") values ('20000092','20000646','INN_LON',TO_TIMESTAMP('2019-10-02 08:47:46'),'Z990192',TO_TIMESTAMP('2019-10-02 08:47:46'),'Z990192','0')
insert into "PEN"."T_OPPTJN_TYPE_MAP"("OPPTJN_TYPE_MAP_ID","OPPTJN_ID","OPPTJN_TYPE","DATO_ENDRET","ENDRET_AV","DATO_OPPRETTET","OPPRETTET_AV","VERSJON") values ('20000093','20000646','SUM_PI',TO_TIMESTAMP('2019-10-02 08:47:46'),'Z990192',TO_TIMESTAMP('2019-10-02 08:47:46'),'Z990192','0')
insert into "PEN"."T_OPPTJN_TYPE_MAP"("OPPTJN_TYPE_MAP_ID","OPPTJN_ID","OPPTJN_TYPE","DATO_ENDRET","ENDRET_AV","DATO_OPPRETTET","OPPRETTET_AV","VERSJON") values ('20000094','20000647','INN_LON',TO_TIMESTAMP('2019-10-02 08:47:46'),'Z990192',TO_TIMESTAMP('2019-10-02 08:47:46'),'Z990192','0')
insert into "PEN"."T_OPPTJN_TYPE_MAP"("OPPTJN_TYPE_MAP_ID","OPPTJN_ID","OPPTJN_TYPE","DATO_ENDRET","ENDRET_AV","DATO_OPPRETTET","OPPRETTET_AV","VERSJON") values ('20000095','20000647','SUM_PI',TO_TIMESTAMP('2019-10-02 08:47:46'),'Z990192',TO_TIMESTAMP('2019-10-02 08:47:46'),'Z990192','0')
update "PEN"."T_PERSON_GRUNNLAG" set "DATO_OPPRETTET" = TO_TIMESTAMP('2019-10-02 08:47:35'), "OPPRETTET_AV" = 'Z990192', "DATO_ENDRET" = TO_TIMESTAMP('2019-10-02 08:47:46'), "ENDRET_AV" = 'Z990192', "PERSON_ID" = '20000800', "DATO_DOD" = NULL, "FNR_FK" = '{fnr}', "FLYKTNING" = '0', "VERSJON" = '2', "KRAVHODE_ID" = '20000800', "HENTET_INST" = '0', "HENTET_ARBEID" = '0', "DATO_VEDTAK_UDI" = NULL, "HENTET_POPP" = '1', "HENTET_INNT" = '0', "HENTET_TT" = '1', "ANTALL_AR_UTLAND" = NULL, "DATO_FODSEL" = TO_DATE('1952-10-21 00:00:00', 'YYYY-MM-DD HH24:MI:SS'), "STATSBORGERSKAP" = '161', "FASTSATT_TRYGDETID" = '0', "DOD_AV_YRKESSKADE" = '0', "MEDL_FT_SISTE_3_AR" = NULL, "OVER_60AR_IKKE_FS" = NULL, "OVERKOMP_UTL" = NULL, "ARTIKKEL_10" = NULL, "OVERF_OMS_POENG" = '0', "SIST_MEDL_I_T" = NULL, "GODSK_OMS_POENG" = '0', "ARLIG_PGI_M_1_G" = NULL, "SKILTES_DEL_AVD_TP" = NULL, "BOSTEDSLAND" = NULL, "AFP_HISTORIK_ID" = NULL, "UFORE_HISTORIK_ID" = NULL, "HISTORISK_UFORE_HISTORIK_ID" = NULL, "GEN_HISTORIK_ID" = NULL, "SIST_GYLD_OPPTJ_AR" = '2009' where "DATO_OPPRETTET" = TO_TIMESTAMP('2019-10-02 08:47:35') and "OPPRETTET_AV" = 'Z990192' and "DATO_ENDRET" = TO_TIMESTAMP('2019-10-02 08:47:45') and "ENDRET_AV" = 'Z990192' and "PERSON_ID" = '20000800' and "DATO_DOD" IS NULL and "FNR_FK" = '{fnr}' and "FLYKTNING" = '0' and "VERSJON" = '1' and "KRAVHODE_ID" = '20000800' and "HENTET_INST" = '0' and "HENTET_ARBEID" = '0' and "DATO_VEDTAK_UDI" IS NULL and "HENTET_POPP" = '0' and "HENTET_INNT" = '0' and "HENTET_TT" = '0' and "ANTALL_AR_UTLAND" IS NULL and "DATO_FODSEL" = TO_DATE('1952-10-21 00:00:00', 'YYYY-MM-DD HH24:MI:SS') and "STATSBORGERSKAP" = '161' and "FASTSATT_TRYGDETID" = '0' and "DOD_AV_YRKESSKADE" = '0' and "MEDL_FT_SISTE_3_AR" IS NULL and "OVER_60AR_IKKE_FS" IS NULL and "OVERKOMP_UTL" IS NULL and "ARTIKKEL_10" IS NULL and "OVERF_OMS_POENG" = '0' and "SIST_MEDL_I_T" IS NULL and "GODSK_OMS_POENG" = '0' and "ARLIG_PGI_M_1_G" IS NULL and "SKILTES_DEL_AVD_TP" IS NULL and "BOSTEDSLAND" IS NULL and "AFP_HISTORIK_ID" IS NULL and "UFORE_HISTORIK_ID" IS NULL and "HISTORISK_UFORE_HISTORIK_ID" IS NULL and "GEN_HISTORIK_ID" IS NULL and "SIST_GYLD_OPPTJ_AR" = '2009'
insert into "PEN"."T_GEN_HISTORIK"("GEN_HISTORIK_ID","FPP_EOS","DATO_OPPRETTET","OPPRETTET_AV","DATO_ENDRET","ENDRET_AV","VERSJON","PERSON_ID","K_FRAVIK_19_3","K_POENGTILLEGG","EOS_EKSTRA_ID","GAR_TRYGDETID_ID","GIFT_FOR_2011","SERTILLEGG_1943_KULL") values ('20000400',NULL,TO_TIMESTAMP('2019-10-02 08:47:59'),'Z990192',TO_TIMESTAMP('2019-10-02 08:47:59'),'Z990192','0',NULL,NULL,NULL,NULL,NULL,NULL,NULL)
update "PEN"."T_PERSON_GRUNNLAG" set "DATO_OPPRETTET" = TO_TIMESTAMP('2019-10-02 08:47:35'), "OPPRETTET_AV" = 'Z990192', "DATO_ENDRET" = TO_TIMESTAMP('2019-10-02 08:47:59'), "ENDRET_AV" = 'Z990192', "PERSON_ID" = '20000800', "DATO_DOD" = NULL, "FNR_FK" = '{fnr}', "FLYKTNING" = '0', "VERSJON" = '3', "KRAVHODE_ID" = '20000800', "HENTET_INST" = '0', "HENTET_ARBEID" = '0', "DATO_VEDTAK_UDI" = NULL, "HENTET_POPP" = '1', "HENTET_INNT" = '0', "HENTET_TT" = '1', "ANTALL_AR_UTLAND" = NULL, "DATO_FODSEL" = TO_DATE('1952-10-21 00:00:00', 'YYYY-MM-DD HH24:MI:SS'), "STATSBORGERSKAP" = '161', "FASTSATT_TRYGDETID" = '0', "DOD_AV_YRKESSKADE" = '0', "MEDL_FT_SISTE_3_AR" = NULL, "OVER_60AR_IKKE_FS" = NULL, "OVERKOMP_UTL" = NULL, "ARTIKKEL_10" = NULL, "OVERF_OMS_POENG" = '0', "SIST_MEDL_I_T" = NULL, "GODSK_OMS_POENG" = '0', "ARLIG_PGI_M_1_G" = NULL, "SKILTES_DEL_AVD_TP" = NULL, "BOSTEDSLAND" = NULL, "AFP_HISTORIK_ID" = NULL, "UFORE_HISTORIK_ID" = NULL, "HISTORISK_UFORE_HISTORIK_ID" = NULL, "GEN_HISTORIK_ID" = '20000400', "SIST_GYLD_OPPTJ_AR" = '2009' where "DATO_OPPRETTET" = TO_TIMESTAMP('2019-10-02 08:47:35') and "OPPRETTET_AV" = 'Z990192' and "DATO_ENDRET" = TO_TIMESTAMP('2019-10-02 08:47:46') and "ENDRET_AV" = 'Z990192' and "PERSON_ID" = '20000800' and "DATO_DOD" IS NULL and "FNR_FK" = '{fnr}' and "FLYKTNING" = '0' and "VERSJON" = '2' and "KRAVHODE_ID" = '20000800' and "HENTET_INST" = '0' and "HENTET_ARBEID" = '0' and "DATO_VEDTAK_UDI" IS NULL and "HENTET_POPP" = '1' and "HENTET_INNT" = '0' and "HENTET_TT" = '1' and "ANTALL_AR_UTLAND" IS NULL and "DATO_FODSEL" = TO_DATE('1952-10-21 00:00:00', 'YYYY-MM-DD HH24:MI:SS') and "STATSBORGERSKAP" = '161' and "FASTSATT_TRYGDETID" = '0' and "DOD_AV_YRKESSKADE" = '0' and "MEDL_FT_SISTE_3_AR" IS NULL and "OVER_60AR_IKKE_FS" IS NULL and "OVERKOMP_UTL" IS NULL and "ARTIKKEL_10" IS NULL and "OVERF_OMS_POENG" = '0' and "SIST_MEDL_I_T" IS NULL and "GODSK_OMS_POENG" = '0' and "ARLIG_PGI_M_1_G" IS NULL and "SKILTES_DEL_AVD_TP" IS NULL and "BOSTEDSLAND" IS NULL and "AFP_HISTORIK_ID" IS NULL and "UFORE_HISTORIK_ID" IS NULL and "HISTORISK_UFORE_HISTORIK_ID" IS NULL and "GEN_HISTORIK_ID" IS NULL and "SIST_GYLD_OPPTJ_AR" = '2009'
insert into "PEN"."T_VILKVEDTAK_UFORETRYGD_GRNL"("VILKVEDTAK_UFORETRYGD_GRNL_ID","DATO_ENDRET","ENDRET_AV","DATO_OPPRETTET","OPPRETTET_AV","VERSJON") values ('20000000',TO_TIMESTAMP('2019-10-02 08:47:59'),'Z990192',TO_TIMESTAMP('2019-10-02 08:47:59'),'Z990192','0')
update "PEN"."T_PERSON_GRUNNLAG" set "DATO_OPPRETTET" = TO_TIMESTAMP('2019-10-02 08:47:35'), "OPPRETTET_AV" = 'Z990192', "DATO_ENDRET" = TO_TIMESTAMP('2019-10-02 08:48:00'), "ENDRET_AV" = 'Z990192', "PERSON_ID" = '20000800', "DATO_DOD" = NULL, "FNR_FK" = '{fnr}', "FLYKTNING" = '0', "VERSJON" = '4', "KRAVHODE_ID" = '20000800', "HENTET_INST" = '0', "HENTET_ARBEID" = '0', "DATO_VEDTAK_UDI" = NULL, "HENTET_POPP" = '1', "HENTET_INNT" = '0', "HENTET_TT" = '1', "ANTALL_AR_UTLAND" = NULL, "DATO_FODSEL" = TO_DATE('1952-10-21 00:00:00', 'YYYY-MM-DD HH24:MI:SS'), "STATSBORGERSKAP" = '161', "FASTSATT_TRYGDETID" = '0', "DOD_AV_YRKESSKADE" = '0', "MEDL_FT_SISTE_3_AR" = NULL, "OVER_60AR_IKKE_FS" = NULL, "OVERKOMP_UTL" = NULL, "ARTIKKEL_10" = NULL, "OVERF_OMS_POENG" = '0', "SIST_MEDL_I_T" = NULL, "GODSK_OMS_POENG" = '0', "ARLIG_PGI_M_1_G" = NULL, "SKILTES_DEL_AVD_TP" = NULL, "BOSTEDSLAND" = NULL, "AFP_HISTORIK_ID" = NULL, "UFORE_HISTORIK_ID" = NULL, "HISTORISK_UFORE_HISTORIK_ID" = NULL, "GEN_HISTORIK_ID" = '20000400', "SIST_GYLD_OPPTJ_AR" = '2009', "VILKVEDTAK_UFORETRYGD_GRNL_ID" = '20000000' where "DATO_OPPRETTET" = TO_TIMESTAMP('2019-10-02 08:47:35') and "OPPRETTET_AV" = 'Z990192' and "DATO_ENDRET" = TO_TIMESTAMP('2019-10-02 08:47:59') and "ENDRET_AV" = 'Z990192' and "PERSON_ID" = '20000800' and "DATO_DOD" IS NULL and "FNR_FK" = '{fnr}' and "FLYKTNING" = '0' and "VERSJON" = '3' and "KRAVHODE_ID" = '20000800' and "HENTET_INST" = '0' and "HENTET_ARBEID" = '0' and "DATO_VEDTAK_UDI" IS NULL and "HENTET_POPP" = '1' and "HENTET_INNT" = '0' and "HENTET_TT" = '1' and "ANTALL_AR_UTLAND" IS NULL and "DATO_FODSEL" = TO_DATE('1952-10-21 00:00:00', 'YYYY-MM-DD HH24:MI:SS') and "STATSBORGERSKAP" = '161' and "FASTSATT_TRYGDETID" = '0' and "DOD_AV_YRKESSKADE" = '0' and "MEDL_FT_SISTE_3_AR" IS NULL and "OVER_60AR_IKKE_FS" IS NULL and "OVERKOMP_UTL" IS NULL and "ARTIKKEL_10" IS NULL and "OVERF_OMS_POENG" = '0' and "SIST_MEDL_I_T" IS NULL and "GODSK_OMS_POENG" = '0' and "ARLIG_PGI_M_1_G" IS NULL and "SKILTES_DEL_AVD_TP" IS NULL and "BOSTEDSLAND" IS NULL and "AFP_HISTORIK_ID" IS NULL and "UFORE_HISTORIK_ID" IS NULL and "HISTORISK_UFORE_HISTORIK_ID" IS NULL and "GEN_HISTORIK_ID" = '20000400' and "SIST_GYLD_OPPTJ_AR" = '2009' and "VILKVEDTAK_UFORETRYGD_GRNL_ID" IS NULL
insert into "PEN"."T_VEDTAK"("VEDTAK_ID","BASERT_PA_VEDTAK","REL_ALDER_VEDTAK","REL_AFP_PR_VEDTAK","VEDTAK_ID_SAMENST","VEDTAK_ID_FORRIGE","PERSON_ID","KRAVHODE_ID","DATO_OPPRETTET","OPPRETTET_AV","DATO_ENDRET","ENDRET_AV","DATO_VIRK_FOM","DATO_VIRK_TOM","SAK_ID","K_VEDTAK_T","K_VEDTAK_S","VERSJON","ANSV_SAKSBH","ATTESTERER","DATO_ATTESTERT","K_SAK_T","K_BEHANDLING_T","VEDTAK_LAST","DATO_VEDTAK","DATO_TILVERKSETT","DATO_LOPENDE_FOM","DATO_SENDT_SAMORD","ANNEN_PENGEMOT","DATO_LOPENDE_TOM","SENDT_NAVI","ETTER_BETALING","DATO_SIM_FEIL_UTB","DATO_SAMORDNET","UTVIDT_SAMOR_FRIST","DATO_IVERKSATT","INTERN_BATCHBREV_KODE","VIRK_GAM_VEDTAK","K_KLAGEANK_RES_T","K_INNSTILLING_T","DATO_STOPPET","DATO_REAKT","K_VILKAR_RESUL_T","SAMSTOTSTILFELLE_ID","BER_PERIODE_ID","DATO_FOR_GYLDIG_SATS","REGULERING_SKAL_FULLBEREGNES","UFORE_HISTORIK_ID","K_VARSLING_S","AUTOMATISK_OMREGNING_AV_UT","VIDEREFOR_TIL_UT","BEREGNET_UTBINFOGRUNN_UT_ID","EO_RESULTAT_UT_ID","MERKNAD_LISTE") values ('20000600',NULL,NULL,NULL,NULL,NULL,'20000800','20000800',TO_TIMESTAMP('2019-10-02 08:48:00'),'Z990192',TO_TIMESTAMP('2019-10-02 08:48:00'),'Z990192',TO_DATE('2019-08-01 00:00:00', 'YYYY-MM-DD HH24:MI:SS'),NULL,'20000600','FORGANG','FASTS','0',NULL,NULL,NULL,'UFOREP','MAN','0',NULL,NULL,NULL,NULL,NULL,NULL,NULL,NULL,NULL,NULL,'0',NULL,NULL,NULL,NULL,NULL,NULL,NULL,NULL,NULL,NULL,NULL,NULL,NULL,NULL,NULL,NULL,NULL,NULL,EMPTY_CLOB())
update "PEN"."T_VEDTAK" set "MERKNAD_LISTE" = NULL where "VEDTAK_ID" = '20000600' and "BASERT_PA_VEDTAK" IS NULL and "REL_ALDER_VEDTAK" IS NULL and "REL_AFP_PR_VEDTAK" IS NULL and "VEDTAK_ID_SAMENST" IS NULL and "VEDTAK_ID_FORRIGE" IS NULL and "PERSON_ID" = '20000800' and "KRAVHODE_ID" = '20000800' and "DATO_OPPRETTET" = TO_TIMESTAMP('2019-10-02 08:48:00') and "OPPRETTET_AV" = 'Z990192' and "DATO_ENDRET" = TO_TIMESTAMP('2019-10-02 08:48:00') and "ENDRET_AV" = 'Z990192' and "DATO_VIRK_FOM" = TO_DATE('2019-08-01 00:00:00', 'YYYY-MM-DD HH24:MI:SS') and "DATO_VIRK_TOM" IS NULL and "SAK_ID" = '20000600' and "K_VEDTAK_T" = 'FORGANG' and "K_VEDTAK_S" = 'FASTS' and "VERSJON" = '0' and "ANSV_SAKSBH" IS NULL and "ATTESTERER" IS NULL and "DATO_ATTESTERT" IS NULL and "K_SAK_T" = 'UFOREP' and "K_BEHANDLING_T" = 'MAN' and "VEDTAK_LAST" = '0' and "DATO_VEDTAK" IS NULL and "DATO_TILVERKSETT" IS NULL and "DATO_LOPENDE_FOM" IS NULL and "DATO_SENDT_SAMORD" IS NULL and "ANNEN_PENGEMOT" IS NULL and "DATO_LOPENDE_TOM" IS NULL and "SENDT_NAVI" IS NULL and "ETTER_BETALING" IS NULL and "DATO_SIM_FEIL_UTB" IS NULL and "DATO_SAMORDNET" IS NULL and "UTVIDT_SAMOR_FRIST" = '0' and "DATO_IVERKSATT" IS NULL and "INTERN_BATCHBREV_KODE" IS NULL and "VIRK_GAM_VEDTAK" IS NULL and "K_KLAGEANK_RES_T" IS NULL and "K_INNSTILLING_T" IS NULL and "DATO_STOPPET" IS NULL and "DATO_REAKT" IS NULL and "K_VILKAR_RESUL_T" IS NULL and "SAMSTOTSTILFELLE_ID" IS NULL and "BER_PERIODE_ID" IS NULL and "DATO_FOR_GYLDIG_SATS" IS NULL and "REGULERING_SKAL_FULLBEREGNES" IS NULL and "UFORE_HISTORIK_ID" IS NULL and "K_VARSLING_S" IS NULL and "AUTOMATISK_OMREGNING_AV_UT" IS NULL and "VIDEREFOR_TIL_UT" IS NULL and "BEREGNET_UTBINFOGRUNN_UT_ID" IS NULL and "EO_RESULTAT_UT_ID" IS NULL
insert into "PEN"."T_BEHANDL_PERIODE"("BEHANDL_PERIODE_ID","DATO_FOM","DATO_TOM","DATO_OPPRETTET","OPPRETTET_AV","DATO_ENDRET","ENDRET_AV","VERSJON","VEDTAK_ID","VEDTAK_EIER_FK") values ('20000600',TO_DATE('2019-08-01 00:00:00', 'YYYY-MM-DD HH24:MI:SS'),TO_DATE('2019-10-31 00:00:00', 'YYYY-MM-DD HH24:MI:SS'),TO_TIMESTAMP('2019-10-02 08:48:00'),'Z990192',TO_TIMESTAMP('2019-10-02 08:48:00'),'Z990192','0','20000600',NULL)
insert into "PEN"."T_BEHANDL_PERIODE"("BEHANDL_PERIODE_ID","DATO_FOM","DATO_TOM","DATO_OPPRETTET","OPPRETTET_AV","DATO_ENDRET","ENDRET_AV","VERSJON","VEDTAK_ID","VEDTAK_EIER_FK") values ('20000601',TO_DATE('2019-11-01 00:00:00', 'YYYY-MM-DD HH24:MI:SS'),NULL,TO_TIMESTAMP('2019-10-02 08:48:00'),'Z990192',TO_TIMESTAMP('2019-10-02 08:48:00'),'Z990192','0','20000600',NULL)
insert into "PEN"."T_PERIODE_ARSAK"("PERIODE_ARSAK_ID","DATO_OPPRETTET","OPPRETTET_AV","DATO_ENDRET","ENDRET_AV","VERSJON","BEHANDL_PERIODE_ID","BER_PERIODE_ID","K_PERIODE_ARSAK") values ('20000000',TO_TIMESTAMP('2019-10-02 08:48:00'),'Z990192',TO_TIMESTAMP('2019-10-02 08:48:00'),'Z990192','0','20000601',NULL,'ENDR_UT_67')
insert into "PEN"."T_BEREGNET_UTBINFOGRUNN_UT"("BEREGNET_UTBINFOGRUNN_UT_ID","DATO_ENDRET","DATO_OPPRETTET","ENDRET_AV","OPPRETTET_AV","VERSJON") values ('20000000',TO_TIMESTAMP('2019-10-02 08:48:00'),TO_TIMESTAMP('2019-10-02 08:48:00'),'Z990192','Z990192','0')
insert into "PEN"."T_VILKAR_VEDTAK"("VILKAR_VEDTAK_ID","KRAVLINJE_ID","DATO_OPPRETTET","OPPRETTET_AV","DATO_ENDRET","ENDRET_AV","ANBEFALT_RESULTAT","DATO_VIRK_FOM","DATO_VIRK_TOM","DATO_FORSTE_VIRK","VERSJON","K_KRAVLINJE_T","VEDTAK_ID","PERSON_ID","K_VILK_RES_SPS_T","K_VILK_VURD_T","K_VILKAR_RESUL_T","SIMULERING_ID","BEHANDL_PERIODE_ID","VILKARSPROVRESULTAT","BEGRUNNELSE","ANBEFALT_BEGR","OVERSTYRT_AV","AVSLATT_KAP19","AVSLATT_GARANTI_PEN","UNNTAK_HALV_MINSTEPENSJON","MOTREGNING","VILKVEDTAK_UFORETRYGD_GRNL_ID","VIDEREFORT","MERKNAD_LISTE","MERKNAD_LISTE_PREG") values ('20000400','20000800',TO_TIMESTAMP('2019-10-02 08:48:00'),'Z990192',TO_TIMESTAMP('2019-10-02 08:48:00'),'Z990192','VETIKKE',TO_DATE('2019-08-01 00:00:00', 'YYYY-MM-DD HH24:MI:SS'),TO_DATE('2019-10-31 00:00:00', 'YYYY-MM-DD HH24:MI:SS'),TO_DATE('2019-08-01 00:00:00', 'YYYY-MM-DD HH24:MI:SS'),'0','UT','20000600','20000800',NULL,NULL,'VELG',NULL,NULL,NULL,NULL,NULL,NULL,NULL,NULL,NULL,NULL,NULL,'0',EMPTY_CLOB(),EMPTY_CLOB())
update "PEN"."T_VILKAR_VEDTAK" set "MERKNAD_LISTE" = NULL, "MERKNAD_LISTE_PREG" = NULL where "VILKAR_VEDTAK_ID" = '20000400' and "KRAVLINJE_ID" = '20000800' and "DATO_OPPRETTET" = TO_TIMESTAMP('2019-10-02 08:48:00') and "OPPRETTET_AV" = 'Z990192' and "DATO_ENDRET" = TO_TIMESTAMP('2019-10-02 08:48:00') and "ENDRET_AV" = 'Z990192' and "ANBEFALT_RESULTAT" = 'VETIKKE' and "DATO_VIRK_FOM" = TO_DATE('2019-08-01 00:00:00', 'YYYY-MM-DD HH24:MI:SS') and "DATO_VIRK_TOM" = TO_DATE('2019-10-31 00:00:00', 'YYYY-MM-DD HH24:MI:SS') and "DATO_FORSTE_VIRK" = TO_DATE('2019-08-01 00:00:00', 'YYYY-MM-DD HH24:MI:SS') and "VERSJON" = '0' and "K_KRAVLINJE_T" = 'UT' and "VEDTAK_ID" = '20000600' and "PERSON_ID" = '20000800' and "K_VILK_RES_SPS_T" IS NULL and "K_VILK_VURD_T" IS NULL and "K_VILKAR_RESUL_T" = 'VELG' and "SIMULERING_ID" IS NULL and "BEHANDL_PERIODE_ID" IS NULL and "VILKARSPROVRESULTAT" IS NULL and "BEGRUNNELSE" IS NULL and "ANBEFALT_BEGR" IS NULL and "OVERSTYRT_AV" IS NULL and "AVSLATT_KAP19" IS NULL and "AVSLATT_GARANTI_PEN" IS NULL and "UNNTAK_HALV_MINSTEPENSJON" IS NULL and "MOTREGNING" IS NULL and "VILKVEDTAK_UFORETRYGD_GRNL_ID" IS NULL and "VIDEREFORT" = '0'
update "PEN"."T_VEDTAK" set "BASERT_PA_VEDTAK" = NULL, "REL_ALDER_VEDTAK" = NULL, "REL_AFP_PR_VEDTAK" = NULL, "VEDTAK_ID_FORRIGE" = NULL, "PERSON_ID" = '20000800', "KRAVHODE_ID" = '20000800', "DATO_OPPRETTET" = TO_TIMESTAMP('2019-10-02 08:48:00'), "OPPRETTET_AV" = 'Z990192', "DATO_ENDRET" = TO_TIMESTAMP('2019-10-02 08:48:00'), "ENDRET_AV" = 'Z990192', "DATO_VIRK_FOM" = TO_DATE('2019-08-01 00:00:00', 'YYYY-MM-DD HH24:MI:SS'), "DATO_VIRK_TOM" = NULL, "SAK_ID" = '20000600', "K_VEDTAK_T" = 'FORGANG', "K_VEDTAK_S" = 'FASTS', "VERSJON" = '1', "ANSV_SAKSBH" = NULL, "ATTESTERER" = NULL, "DATO_ATTESTERT" = NULL, "K_SAK_T" = 'UFOREP', "K_BEHANDLING_T" = 'MAN', "VEDTAK_LAST" = '0', "DATO_VEDTAK" = NULL, "DATO_TILVERKSETT" = NULL, "DATO_LOPENDE_FOM" = NULL, "DATO_SENDT_SAMORD" = NULL, "ANNEN_PENGEMOT" = NULL, "DATO_LOPENDE_TOM" = NULL, "SENDT_NAVI" = NULL, "ETTER_BETALING" = NULL, "DATO_SIM_FEIL_UTB" = NULL, "DATO_SAMORDNET" = NULL, "UTVIDT_SAMOR_FRIST" = '0', "DATO_IVERKSATT" = NULL, "INTERN_BATCHBREV_KODE" = NULL, "VIRK_GAM_VEDTAK" = NULL, "K_KLAGEANK_RES_T" = NULL, "K_INNSTILLING_T" = NULL, "DATO_STOPPET" = NULL, "DATO_REAKT" = NULL, "K_VILKAR_RESUL_T" = NULL, "SAMSTOTSTILFELLE_ID" = NULL, "DATO_FOR_GYLDIG_SATS" = NULL, "REGULERING_SKAL_FULLBEREGNES" = NULL, "UFORE_HISTORIK_ID" = NULL, "K_VARSLING_S" = NULL, "AUTOMATISK_OMREGNING_AV_UT" = NULL, "VIDEREFOR_TIL_UT" = NULL, "BEREGNET_UTBINFOGRUNN_UT_ID" = '20000000', "EO_RESULTAT_UT_ID" = NULL, "MERKNAD_LISTE" = EMPTY_CLOB() where "BASERT_PA_VEDTAK" IS NULL and "REL_ALDER_VEDTAK" IS NULL and "REL_AFP_PR_VEDTAK" IS NULL and "VEDTAK_ID_FORRIGE" IS NULL and "PERSON_ID" = '20000800' and "KRAVHODE_ID" = '20000800' and "DATO_OPPRETTET" = TO_TIMESTAMP('2019-10-02 08:48:00') and "OPPRETTET_AV" = 'Z990192' and "DATO_ENDRET" = TO_TIMESTAMP('2019-10-02 08:48:00') and "ENDRET_AV" = 'Z990192' and "DATO_VIRK_FOM" = TO_DATE('2019-08-01 00:00:00', 'YYYY-MM-DD HH24:MI:SS') and "DATO_VIRK_TOM" IS NULL and "SAK_ID" = '20000600' and "K_VEDTAK_T" = 'FORGANG' and "K_VEDTAK_S" = 'FASTS' and "VERSJON" = '0' and "ANSV_SAKSBH" IS NULL and "ATTESTERER" IS NULL and "DATO_ATTESTERT" IS NULL and "K_SAK_T" = 'UFOREP' and "K_BEHANDLING_T" = 'MAN' and "VEDTAK_LAST" = '0' and "DATO_VEDTAK" IS NULL and "DATO_TILVERKSETT" IS NULL and "DATO_LOPENDE_FOM" IS NULL and "DATO_SENDT_SAMORD" IS NULL and "ANNEN_PENGEMOT" IS NULL and "DATO_LOPENDE_TOM" IS NULL and "SENDT_NAVI" IS NULL and "ETTER_BETALING" IS NULL and "DATO_SIM_FEIL_UTB" IS NULL and "DATO_SAMORDNET" IS NULL and "UTVIDT_SAMOR_FRIST" = '0' and "DATO_IVERKSATT" IS NULL and "INTERN_BATCHBREV_KODE" IS NULL and "VIRK_GAM_VEDTAK" IS NULL and "K_KLAGEANK_RES_T" IS NULL and "K_INNSTILLING_T" IS NULL and "DATO_STOPPET" IS NULL and "DATO_REAKT" IS NULL and "K_VILKAR_RESUL_T" IS NULL and "SAMSTOTSTILFELLE_ID" IS NULL and "DATO_FOR_GYLDIG_SATS" IS NULL and "REGULERING_SKAL_FULLBEREGNES" IS NULL and "UFORE_HISTORIK_ID" IS NULL and "K_VARSLING_S" IS NULL and "AUTOMATISK_OMREGNING_AV_UT" IS NULL and "VIDEREFOR_TIL_UT" IS NULL and "BEREGNET_UTBINFOGRUNN_UT_ID" IS NULL and "EO_RESULTAT_UT_ID" IS NULL
update "PEN"."T_VEDTAK" set "MERKNAD_LISTE" = NULL where "BASERT_PA_VEDTAK" IS NULL and "REL_ALDER_VEDTAK" IS NULL and "REL_AFP_PR_VEDTAK" IS NULL and "VEDTAK_ID_FORRIGE" IS NULL and "PERSON_ID" = '20000800' and "KRAVHODE_ID" = '20000800' and "DATO_OPPRETTET" = TO_TIMESTAMP('2019-10-02 08:48:00') and "OPPRETTET_AV" = 'Z990192' and "DATO_ENDRET" = TO_TIMESTAMP('2019-10-02 08:48:00') and "ENDRET_AV" = 'Z990192' and "DATO_VIRK_FOM" = TO_DATE('2019-08-01 00:00:00', 'YYYY-MM-DD HH24:MI:SS') and "DATO_VIRK_TOM" IS NULL and "SAK_ID" = '20000600' and "K_VEDTAK_T" = 'FORGANG' and "K_VEDTAK_S" = 'FASTS' and "VERSJON" = '1' and "ANSV_SAKSBH" IS NULL and "ATTESTERER" IS NULL and "DATO_ATTESTERT" IS NULL and "K_SAK_T" = 'UFOREP' and "K_BEHANDLING_T" = 'MAN' and "VEDTAK_LAST" = '0' and "DATO_VEDTAK" IS NULL and "DATO_TILVERKSETT" IS NULL and "DATO_LOPENDE_FOM" IS NULL and "DATO_SENDT_SAMORD" IS NULL and "ANNEN_PENGEMOT" IS NULL and "DATO_LOPENDE_TOM" IS NULL and "SENDT_NAVI" IS NULL and "ETTER_BETALING" IS NULL and "DATO_SIM_FEIL_UTB" IS NULL and "DATO_SAMORDNET" IS NULL and "UTVIDT_SAMOR_FRIST" = '0' and "BEREGNET_UTBINFOGRUNN_UT_ID" = '20000000'
insert into "PEN"."T_VILKAR_VEDTAK"("VILKAR_VEDTAK_ID","KRAVLINJE_ID","DATO_OPPRETTET","OPPRETTET_AV","DATO_ENDRET","ENDRET_AV","ANBEFALT_RESULTAT","DATO_VIRK_FOM","DATO_VIRK_TOM","DATO_FORSTE_VIRK","VERSJON","K_KRAVLINJE_T","VEDTAK_ID","PERSON_ID","K_VILK_RES_SPS_T","K_VILK_VURD_T","K_VILKAR_RESUL_T","SIMULERING_ID","BEHANDL_PERIODE_ID","VILKARSPROVRESULTAT","BEGRUNNELSE","ANBEFALT_BEGR","OVERSTYRT_AV","AVSLATT_KAP19","AVSLATT_GARANTI_PEN","UNNTAK_HALV_MINSTEPENSJON","MOTREGNING","VILKVEDTAK_UFORETRYGD_GRNL_ID","VIDEREFORT","MERKNAD_LISTE","MERKNAD_LISTE_PREG") values ('20000402','20000800',TO_TIMESTAMP('2019-10-02 08:48:00'),'Z990192',TO_TIMESTAMP('2019-10-02 08:48:00'),'Z990192','VETIKKE',TO_DATE('2019-11-01 00:00:00', 'YYYY-MM-DD HH24:MI:SS'),NULL,TO_DATE('2019-08-01 00:00:00', 'YYYY-MM-DD HH24:MI:SS'),'0','UT','20000600','20000800',NULL,NULL,'VELG',NULL,NULL,NULL,NULL,NULL,NULL,NULL,NULL,NULL,NULL,NULL,'0',EMPTY_CLOB(),EMPTY_CLOB())
update "PEN"."T_VILKAR_VEDTAK" set "MERKNAD_LISTE" = NULL, "MERKNAD_LISTE_PREG" = NULL where "VILKAR_VEDTAK_ID" = '20000402' and "KRAVLINJE_ID" = '20000800' and "DATO_OPPRETTET" = TO_TIMESTAMP('2019-10-02 08:48:00') and "OPPRETTET_AV" = 'Z990192' and "DATO_ENDRET" = TO_TIMESTAMP('2019-10-02 08:48:00') and "ENDRET_AV" = 'Z990192' and "ANBEFALT_RESULTAT" = 'VETIKKE' and "DATO_VIRK_FOM" = TO_DATE('2019-11-01 00:00:00', 'YYYY-MM-DD HH24:MI:SS') and "DATO_VIRK_TOM" IS NULL and "DATO_FORSTE_VIRK" = TO_DATE('2019-08-01 00:00:00', 'YYYY-MM-DD HH24:MI:SS') and "VERSJON" = '0' and "K_KRAVLINJE_T" = 'UT' and "VEDTAK_ID" = '20000600' and "PERSON_ID" = '20000800' and "K_VILK_RES_SPS_T" IS NULL and "K_VILK_VURD_T" IS NULL and "K_VILKAR_RESUL_T" = 'VELG' and "SIMULERING_ID" IS NULL and "BEHANDL_PERIODE_ID" IS NULL and "VILKARSPROVRESULTAT" IS NULL and "BEGRUNNELSE" IS NULL and "ANBEFALT_BEGR" IS NULL and "OVERSTYRT_AV" IS NULL and "AVSLATT_KAP19" IS NULL and "AVSLATT_GARANTI_PEN" IS NULL and "UNNTAK_HALV_MINSTEPENSJON" IS NULL and "MOTREGNING" IS NULL and "VILKVEDTAK_UFORETRYGD_GRNL_ID" IS NULL and "VIDEREFORT" = '0'
update "PEN"."T_VILKAR_VEDTAK" set "KRAVLINJE_ID" = '20000800', "DATO_OPPRETTET" = TO_TIMESTAMP('2019-10-02 08:48:00'), "OPPRETTET_AV" = 'Z990192', "DATO_ENDRET" = TO_TIMESTAMP('2019-10-02 08:48:00'), "ENDRET_AV" = 'Z990192', "ANBEFALT_RESULTAT" = 'VETIKKE', "DATO_VIRK_FOM" = TO_DATE('2019-08-01 00:00:00', 'YYYY-MM-DD HH24:MI:SS'), "DATO_VIRK_TOM" = TO_DATE('2019-10-31 00:00:00', 'YYYY-MM-DD HH24:MI:SS'), "DATO_FORSTE_VIRK" = TO_DATE('2019-08-01 00:00:00', 'YYYY-MM-DD HH24:MI:SS'), "VERSJON" = '1', "K_KRAVLINJE_T" = 'UT', "VEDTAK_ID" = '20000600', "PERSON_ID" = '20000800', "K_VILK_RES_SPS_T" = NULL, "K_VILK_VURD_T" = NULL, "K_VILKAR_RESUL_T" = 'VETIKKE', "BEHANDL_PERIODE_ID" = NULL, "VILKARSPROVRESULTAT" = NULL, "BEGRUNNELSE" = NULL, "ANBEFALT_BEGR" = NULL, "OVERSTYRT_AV" = NULL, "AVSLATT_KAP19" = NULL, "AVSLATT_GARANTI_PEN" = NULL, "UNNTAK_HALV_MINSTEPENSJON" = NULL, "MOTREGNING" = NULL, "VILKVEDTAK_UFORETRYGD_GRNL_ID" = NULL, "VIDEREFORT" = '0', "MERKNAD_LISTE" = EMPTY_CLOB(), "MERKNAD_LISTE_PREG" = EMPTY_CLOB() where "KRAVLINJE_ID" = '20000800' and "DATO_OPPRETTET" = TO_TIMESTAMP('2019-10-02 08:48:00') and "OPPRETTET_AV" = 'Z990192' and "DATO_ENDRET" = TO_TIMESTAMP('2019-10-02 08:48:00') and "ENDRET_AV" = 'Z990192' and "ANBEFALT_RESULTAT" = 'VETIKKE' and "DATO_VIRK_FOM" = TO_DATE('2019-08-01 00:00:00', 'YYYY-MM-DD HH24:MI:SS') and "DATO_VIRK_TOM" = TO_DATE('2019-10-31 00:00:00', 'YYYY-MM-DD HH24:MI:SS') and "DATO_FORSTE_VIRK" = TO_DATE('2019-08-01 00:00:00', 'YYYY-MM-DD HH24:MI:SS') and "VERSJON" = '0' and "K_KRAVLINJE_T" = 'UT' and "VEDTAK_ID" = '20000600' and "PERSON_ID" = '20000800' and "K_VILK_RES_SPS_T" IS NULL and "K_VILK_VURD_T" IS NULL and "K_VILKAR_RESUL_T" = 'VELG' and "BEHANDL_PERIODE_ID" IS NULL and "VILKARSPROVRESULTAT" IS NULL and "BEGRUNNELSE" IS NULL and "ANBEFALT_BEGR" IS NULL and "OVERSTYRT_AV" IS NULL and "AVSLATT_KAP19" IS NULL and "AVSLATT_GARANTI_PEN" IS NULL and "UNNTAK_HALV_MINSTEPENSJON" IS NULL and "MOTREGNING" IS NULL and "VILKVEDTAK_UFORETRYGD_GRNL_ID" IS NULL and "VIDEREFORT" = '0'
update "PEN"."T_VILKAR_VEDTAK" set "MERKNAD_LISTE" = NULL, "MERKNAD_LISTE_PREG" = NULL where "KRAVLINJE_ID" = '20000800' and "DATO_OPPRETTET" = TO_TIMESTAMP('2019-10-02 08:48:00') and "OPPRETTET_AV" = 'Z990192' and "DATO_ENDRET" = TO_TIMESTAMP('2019-10-02 08:48:00') and "ENDRET_AV" = 'Z990192' and "ANBEFALT_RESULTAT" = 'VETIKKE' and "DATO_VIRK_FOM" = TO_DATE('2019-08-01 00:00:00', 'YYYY-MM-DD HH24:MI:SS') and "DATO_VIRK_TOM" = TO_DATE('2019-10-31 00:00:00', 'YYYY-MM-DD HH24:MI:SS') and "DATO_FORSTE_VIRK" = TO_DATE('2019-08-01 00:00:00', 'YYYY-MM-DD HH24:MI:SS') and "VERSJON" = '1' and "K_KRAVLINJE_T" = 'UT' and "VEDTAK_ID" = '20000600' and "PERSON_ID" = '20000800' and "K_VILK_RES_SPS_T" IS NULL and "K_VILK_VURD_T" IS NULL and "K_VILKAR_RESUL_T" = 'VETIKKE' and "BEHANDL_PERIODE_ID" IS NULL and "VILKARSPROVRESULTAT" IS NULL and "BEGRUNNELSE" IS NULL and "ANBEFALT_BEGR" IS NULL and "OVERSTYRT_AV" IS NULL and "AVSLATT_KAP19" IS NULL and "AVSLATT_GARANTI_PEN" IS NULL and "UNNTAK_HALV_MINSTEPENSJON" IS NULL and "MOTREGNING" IS NULL and "VILKVEDTAK_UFORETRYGD_GRNL_ID" IS NULL and "VIDEREFORT" = '0'
update "PEN"."T_VILKAR_VEDTAK" set "KRAVLINJE_ID" = '20000800', "DATO_OPPRETTET" = TO_TIMESTAMP('2019-10-02 08:48:00'), "OPPRETTET_AV" = 'Z990192', "DATO_ENDRET" = TO_TIMESTAMP('2019-10-02 08:48:00'), "ENDRET_AV" = 'Z990192', "ANBEFALT_RESULTAT" = 'VETIKKE', "DATO_VIRK_FOM" = TO_DATE('2019-11-01 00:00:00', 'YYYY-MM-DD HH24:MI:SS'), "DATO_VIRK_TOM" = NULL, "DATO_FORSTE_VIRK" = TO_DATE('2019-08-01 00:00:00', 'YYYY-MM-DD HH24:MI:SS'), "VERSJON" = '1', "K_KRAVLINJE_T" = 'UT', "VEDTAK_ID" = '20000600', "PERSON_ID" = '20000800', "K_VILK_RES_SPS_T" = NULL, "K_VILK_VURD_T" = NULL, "K_VILKAR_RESUL_T" = 'VETIKKE', "BEHANDL_PERIODE_ID" = NULL, "VILKARSPROVRESULTAT" = NULL, "BEGRUNNELSE" = NULL, "ANBEFALT_BEGR" = NULL, "OVERSTYRT_AV" = NULL, "AVSLATT_KAP19" = NULL, "AVSLATT_GARANTI_PEN" = NULL, "UNNTAK_HALV_MINSTEPENSJON" = NULL, "MOTREGNING" = NULL, "VILKVEDTAK_UFORETRYGD_GRNL_ID" = NULL, "VIDEREFORT" = '0', "MERKNAD_LISTE" = EMPTY_CLOB(), "MERKNAD_LISTE_PREG" = EMPTY_CLOB() where "KRAVLINJE_ID" = '20000800' and "DATO_OPPRETTET" = TO_TIMESTAMP('2019-10-02 08:48:00') and "OPPRETTET_AV" = 'Z990192' and "DATO_ENDRET" = TO_TIMESTAMP('2019-10-02 08:48:00') and "ENDRET_AV" = 'Z990192' and "ANBEFALT_RESULTAT" = 'VETIKKE' and "DATO_VIRK_FOM" = TO_DATE('2019-11-01 00:00:00', 'YYYY-MM-DD HH24:MI:SS') and "DATO_VIRK_TOM" IS NULL and "DATO_FORSTE_VIRK" = TO_DATE('2019-08-01 00:00:00', 'YYYY-MM-DD HH24:MI:SS') and "VERSJON" = '0' and "K_KRAVLINJE_T" = 'UT' and "VEDTAK_ID" = '20000600' and "PERSON_ID" = '20000800' and "K_VILK_RES_SPS_T" IS NULL and "K_VILK_VURD_T" IS NULL and "K_VILKAR_RESUL_T" = 'VELG' and "BEHANDL_PERIODE_ID" IS NULL and "VILKARSPROVRESULTAT" IS NULL and "BEGRUNNELSE" IS NULL and "ANBEFALT_BEGR" IS NULL and "OVERSTYRT_AV" IS NULL and "AVSLATT_KAP19" IS NULL and "AVSLATT_GARANTI_PEN" IS NULL and "UNNTAK_HALV_MINSTEPENSJON" IS NULL and "MOTREGNING" IS NULL and "VILKVEDTAK_UFORETRYGD_GRNL_ID" IS NULL and "VIDEREFORT" = '0'
update "PEN"."T_VILKAR_VEDTAK" set "MERKNAD_LISTE" = NULL, "MERKNAD_LISTE_PREG" = NULL where "KRAVLINJE_ID" = '20000800' and "DATO_OPPRETTET" = TO_TIMESTAMP('2019-10-02 08:48:00') and "OPPRETTET_AV" = 'Z990192' and "DATO_ENDRET" = TO_TIMESTAMP('2019-10-02 08:48:00') and "ENDRET_AV" = 'Z990192' and "ANBEFALT_RESULTAT" = 'VETIKKE' and "DATO_VIRK_FOM" = TO_DATE('2019-11-01 00:00:00', 'YYYY-MM-DD HH24:MI:SS') and "DATO_VIRK_TOM" IS NULL and "DATO_FORSTE_VIRK" = TO_DATE('2019-08-01 00:00:00', 'YYYY-MM-DD HH24:MI:SS') and "VERSJON" = '1' and "K_KRAVLINJE_T" = 'UT' and "VEDTAK_ID" = '20000600' and "PERSON_ID" = '20000800' and "K_VILK_RES_SPS_T" IS NULL and "K_VILK_VURD_T" IS NULL and "K_VILKAR_RESUL_T" = 'VETIKKE' and "BEHANDL_PERIODE_ID" IS NULL and "VILKARSPROVRESULTAT" IS NULL and "BEGRUNNELSE" IS NULL and "ANBEFALT_BEGR" IS NULL and "OVERSTYRT_AV" IS NULL and "AVSLATT_KAP19" IS NULL and "AVSLATT_GARANTI_PEN" IS NULL and "UNNTAK_HALV_MINSTEPENSJON" IS NULL and "MOTREGNING" IS NULL and "VILKVEDTAK_UFORETRYGD_GRNL_ID" IS NULL and "VIDEREFORT" = '0'
insert into "PEN"."T_VILKAR"("VILKAR_ID","K_VILKAR_T","VILKAR_VEDTAK_ID","DATO_OPPRETTET","OPPRETTET_AV","DATO_ENDRET","ENDRET_AV","VERSJON","K_VILKAR_OPPFYLT_UT_T","K_VILKAR_STDBEGR","VURDERING","FORTSATT_MEDLEM_FT","MINST_TYVE_AR_BOTID_NORGE","OPPTJENT_RETT_TIL_TP_ETTER_FT","EKSPORT_FORBUD_ID","FRI_EKSPORT_PGA_YRKESSKADE","EKSPORTRETT_GARANTERT_TP","MINST_TRE_ARS_FM_NORGE","MINST_ETT_AR_FM_NORGE","UNNTAK_FRA_FORUTGAENDE_MEDL","OPPFYLLT_ETTER_GAMLE_REGLER","OPP_VED_SAMM_ID","EKSPORTRETT_ETTER_EOS_FORORDNI","EKSPORTRETT_ETTER_TRYGDEAVTALE","EKSPORTRETT_ETTER_ANDRE_TRYGDE","KONVERTERT","TT_VURDERING") values ('20000000','HENS_ARBRETT_TILTAK','20000400',TO_TIMESTAMP('2019-10-02 08:48:35'),'Z990192',TO_TIMESTAMP('2019-10-02 08:48:35'),'Z990192','0','OPPFYLT','STDBEGR_12_5_2_O_2',EMPTY_CLOB(),NULL,NULL,NULL,NULL,NULL,NULL,NULL,NULL,NULL,NULL,NULL,NULL,NULL,NULL,NULL,EMPTY_CLOB())
update "PEN"."T_VILKAR" set "VURDERING" = NULL, "TT_VURDERING" = NULL where "VILKAR_ID" = '20000000' and "K_VILKAR_T" = 'HENS_ARBRETT_TILTAK' and "VILKAR_VEDTAK_ID" = '20000400' and "DATO_OPPRETTET" = TO_TIMESTAMP('2019-10-02 08:48:35') and "OPPRETTET_AV" = 'Z990192' and "DATO_ENDRET" = TO_TIMESTAMP('2019-10-02 08:48:35') and "ENDRET_AV" = 'Z990192' and "VERSJON" = '0' and "K_VILKAR_OPPFYLT_UT_T" = 'OPPFYLT' and "K_VILKAR_STDBEGR" = 'STDBEGR_12_5_2_O_2' and "FORTSATT_MEDLEM_FT" IS NULL and "MINST_TYVE_AR_BOTID_NORGE" IS NULL and "OPPTJENT_RETT_TIL_TP_ETTER_FT" IS NULL and "EKSPORT_FORBUD_ID" IS NULL and "FRI_EKSPORT_PGA_YRKESSKADE" IS NULL and "EKSPORTRETT_GARANTERT_TP" IS NULL and "MINST_TRE_ARS_FM_NORGE" IS NULL and "MINST_ETT_AR_FM_NORGE" IS NULL and "UNNTAK_FRA_FORUTGAENDE_MEDL" IS NULL and "OPPFYLLT_ETTER_GAMLE_REGLER" IS NULL and "OPP_VED_SAMM_ID" IS NULL and "EKSPORTRETT_ETTER_EOS_FORORDNI" IS NULL and "EKSPORTRETT_ETTER_TRYGDEAVTALE" IS NULL and "EKSPORTRETT_ETTER_ANDRE_TRYGDE" IS NULL and "KONVERTERT" IS NULL
insert into "PEN"."T_VILKAR"("VILKAR_ID","K_VILKAR_T","VILKAR_VEDTAK_ID","DATO_OPPRETTET","OPPRETTET_AV","DATO_ENDRET","ENDRET_AV","VERSJON","K_VILKAR_OPPFYLT_UT_T","K_VILKAR_STDBEGR","VURDERING","FORTSATT_MEDLEM_FT","MINST_TYVE_AR_BOTID_NORGE","OPPTJENT_RETT_TIL_TP_ETTER_FT","EKSPORT_FORBUD_ID","FRI_EKSPORT_PGA_YRKESSKADE","EKSPORTRETT_GARANTERT_TP","MINST_TRE_ARS_FM_NORGE","MINST_ETT_AR_FM_NORGE","UNNTAK_FRA_FORUTGAENDE_MEDL","OPPFYLLT_ETTER_GAMLE_REGLER","OPP_VED_SAMM_ID","EKSPORTRETT_ETTER_EOS_FORORDNI","EKSPORTRETT_ETTER_TRYGDEAVTALE","EKSPORTRETT_ETTER_ANDRE_TRYGDE","KONVERTERT","TT_VURDERING") values ('20000001','SYKDOM_SKADE_LYTE','20000400',TO_TIMESTAMP('2019-10-02 08:48:35'),'Z990192',TO_TIMESTAMP('2019-10-02 08:48:35'),'Z990192','0','OPPFYLT','STDBEGR_12_6_1_O_2',EMPTY_CLOB(),NULL,NULL,NULL,NULL,NULL,NULL,NULL,NULL,NULL,NULL,NULL,NULL,NULL,NULL,NULL,EMPTY_CLOB())
update "PEN"."T_VILKAR" set "VURDERING" = NULL, "TT_VURDERING" = NULL where "VILKAR_ID" = '20000001' and "K_VILKAR_T" = 'SYKDOM_SKADE_LYTE' and "VILKAR_VEDTAK_ID" = '20000400' and "DATO_OPPRETTET" = TO_TIMESTAMP('2019-10-02 08:48:35') and "OPPRETTET_AV" = 'Z990192' and "DATO_ENDRET" = TO_TIMESTAMP('2019-10-02 08:48:35') and "ENDRET_AV" = 'Z990192' and "VERSJON" = '0' and "K_VILKAR_OPPFYLT_UT_T" = 'OPPFYLT' and "K_VILKAR_STDBEGR" = 'STDBEGR_12_6_1_O_2' and "FORTSATT_MEDLEM_FT" IS NULL and "MINST_TYVE_AR_BOTID_NORGE" IS NULL and "OPPTJENT_RETT_TIL_TP_ETTER_FT" IS NULL and "EKSPORT_FORBUD_ID" IS NULL and "FRI_EKSPORT_PGA_YRKESSKADE" IS NULL and "EKSPORTRETT_GARANTERT_TP" IS NULL and "MINST_TRE_ARS_FM_NORGE" IS NULL and "MINST_ETT_AR_FM_NORGE" IS NULL and "UNNTAK_FRA_FORUTGAENDE_MEDL" IS NULL and "OPPFYLLT_ETTER_GAMLE_REGLER" IS NULL and "OPP_VED_SAMM_ID" IS NULL and "EKSPORTRETT_ETTER_EOS_FORORDNI" IS NULL and "EKSPORTRETT_ETTER_TRYGDEAVTALE" IS NULL and "EKSPORTRETT_ETTER_ANDRE_TRYGDE" IS NULL and "KONVERTERT" IS NULL
insert into "PEN"."T_VILKAR"("VILKAR_ID","K_VILKAR_T","VILKAR_VEDTAK_ID","DATO_OPPRETTET","OPPRETTET_AV","DATO_ENDRET","ENDRET_AV","VERSJON","K_VILKAR_OPPFYLT_UT_T","K_VILKAR_STDBEGR","VURDERING","FORTSATT_MEDLEM_FT","MINST_TYVE_AR_BOTID_NORGE","OPPTJENT_RETT_TIL_TP_ETTER_FT","EKSPORT_FORBUD_ID","FRI_EKSPORT_PGA_YRKESSKADE","EKSPORTRETT_GARANTERT_TP","MINST_TRE_ARS_FM_NORGE","MINST_ETT_AR_FM_NORGE","UNNTAK_FRA_FORUTGAENDE_MEDL","OPPFYLLT_ETTER_GAMLE_REGLER","OPP_VED_SAMM_ID","EKSPORTRETT_ETTER_EOS_FORORDNI","EKSPORTRETT_ETTER_TRYGDEAVTALE","EKSPORTRETT_ETTER_ANDRE_TRYGDE","KONVERTERT","TT_VURDERING") values ('20000002','HENSIKTSMESSIG_BEH','20000400',TO_TIMESTAMP('2019-10-02 08:48:35'),'Z990192',TO_TIMESTAMP('2019-10-02 08:48:35'),'Z990192','0','OPPFYLT','STDBEGR_12_5_1_O_2',EMPTY_CLOB(),NULL,NULL,NULL,NULL,NULL,NULL,NULL,NULL,NULL,NULL,NULL,NULL,NULL,NULL,NULL,EMPTY_CLOB())
update "PEN"."T_VILKAR" set "VURDERING" = NULL, "TT_VURDERING" = NULL where "VILKAR_ID" = '20000002' and "K_VILKAR_T" = 'HENSIKTSMESSIG_BEH' and "VILKAR_VEDTAK_ID" = '20000400' and "DATO_OPPRETTET" = TO_TIMESTAMP('2019-10-02 08:48:35') and "OPPRETTET_AV" = 'Z990192' and "DATO_ENDRET" = TO_TIMESTAMP('2019-10-02 08:48:35') and "ENDRET_AV" = 'Z990192' and "VERSJON" = '0' and "K_VILKAR_OPPFYLT_UT_T" = 'OPPFYLT' and "K_VILKAR_STDBEGR" = 'STDBEGR_12_5_1_O_2' and "FORTSATT_MEDLEM_FT" IS NULL and "MINST_TYVE_AR_BOTID_NORGE" IS NULL and "OPPTJENT_RETT_TIL_TP_ETTER_FT" IS NULL and "EKSPORT_FORBUD_ID" IS NULL and "FRI_EKSPORT_PGA_YRKESSKADE" IS NULL and "EKSPORTRETT_GARANTERT_TP" IS NULL and "MINST_TRE_ARS_FM_NORGE" IS NULL and "MINST_ETT_AR_FM_NORGE" IS NULL and "UNNTAK_FRA_FORUTGAENDE_MEDL" IS NULL and "OPPFYLLT_ETTER_GAMLE_REGLER" IS NULL and "OPP_VED_SAMM_ID" IS NULL and "EKSPORTRETT_ETTER_EOS_FORORDNI" IS NULL and "EKSPORTRETT_ETTER_TRYGDEAVTALE" IS NULL and "EKSPORTRETT_ETTER_ANDRE_TRYGDE" IS NULL and "KONVERTERT" IS NULL
update "PEN"."T_KRAVHODE" set "MERKNAD_LISTE" = NULL where "FORRIGE_IVERKSATTE_KRAV" IS NULL and "KRAVHODE_ID_FOR" IS NULL and "DATO_OPPRETTET" = TO_TIMESTAMP('2019-10-02 08:47:35') and "DATO_ENDRET" = TO_TIMESTAMP('2019-10-02 08:48:35') and "ENDRET_AV" = 'Z990192' and "OPPRETTET_AV" = 'Z990192' and "SAK_ID" = '20000600' and "DATO_MOTTATT_KRAV" = TO_DATE('2019-10-02 00:00:00', 'YYYY-MM-DD HH24:MI:SS') and "K_KRAV_GJELDER" = 'FORSTEG_BH' and "K_AFP_T" IS NULL and "K_KRAV_S" = 'TIL_BEHANDLING' and "VERSJON" = '2' and "K_BEHANDLING_T" = 'MAN' and "ORGANISASJON_NR" IS NULL and "GRUNNLAG_LAST" = '0' and "GYLDIG_VILKAR_PROV" = '0' and "K_INITIERT_AV" = 'ANNET' and "DATO_KOMPLETT" = TO_DATE('2019-10-02 00:00:00', 'YYYY-MM-DD HH24:MI:SS') and "K_FLYT_KRAVLINJE" IS NULL and "BODD_ARB_UTL" = '0' and "KRAV_LAST" = '0' and "PERSON_DOD_ID" IS NULL and "BODD_ARB_UTL_FAR" IS NULL and "DATO_ONSKET_VIRK" = TO_DATE('2019-08-01 00:00:00', 'YYYY-MM-DD HH24:MI:SS') and "KOLLEKTIVE_VILKAR" = '0' and "AFP_TILLEGG" = '0' and "ER_BEREGNET" = '0' and "VUR_TRYGDEAV_FAR" IS NULL and "TSS_ID_AFP" IS NULL and "HENTET_TPS" = '1' and "NORGE_BEHAND_LAND" = '0' and "K_KRAV_VELG_T" = 'VARIG' and "TILBAKEKREVING" = '0' and "FAR_DOD_ID" IS NULL and "SOKT_AFP_PRIVAT" IS NULL and "MOR_DOD_ID" IS NULL and "BODD_ARB_UTL_MOR" IS NULL and "BODD_ARB_UTL_AVDOD" IS NULL and "VUR_TRYGDEAV_MOR" IS NULL and "REV_PGA_RED_OPPTJ" IS NULL and "DATO_VERSJONERING" IS NULL and "VUR_TRYGDEAV_AVDOD" IS NULL and "OVERF_OMS_POENG" = '0' and "BR_OPP_FR_65_I_66" = '0' and "VUR_TRYGDEAV" = '0' and "PEN_ORG_ENHET_ID" = '20000400' and "K_REGELVERK_T" IS NULL and "ER_SAMSTOT_VURDERT" = '0' and "AFP_PRIV_RES_FK_ID" IS NULL and "SIST_AP_BER_2011_ID" IS NULL and "FORRIGE_VEDTAK_TID" IS NULL and "UKJENT_AVDOD" = '0' and "UKJENT_FAR" = '0' and "UKJENT_MOR" = '0' and "BODD_ARB_UTL_EPS" IS NULL and "SISTE_SAKTYPE_FOR_AP" IS NULL and "MOTTATT_TT_OPPL_EPS" IS NULL and "HENTET_FEIL_UTBET_GR" = '0' and "SAKSBEH_DEL_AUTO" IS NULL and "ANTALL_DAGER_ANNEN_YTELSE" IS NULL and "DAGSATS_ANNEN_YTELSE" IS NULL and "STARTET_VILKVURD_UT" = '1' and "KONVERTERINGSGRUNNLAG_UT_ID" IS NULL and "HJEMMEBEREGNING_UT_ID" IS NULL and "DATO_VURDERT_ONSKET_VIRK" IS NULL and "SVAR_MOTTATT_UTLAND" IS NULL and "BT_VURDERING_PERIODE_BENYTTET" = '1' and "BERORT_SAK_BEGRUNNELSE" IS NULL and "K_UTLANDSTILKNYTNING" IS NULL and "DATO_REGISTRERT" = TO_TIMESTAMP('2019-10-02 08:47:35')
update "PEN"."T_KRAVHODE" set "FORRIGE_IVERKSATTE_KRAV" = NULL, "KRAVHODE_ID_FOR" = NULL, "DATO_OPPRETTET" = TO_TIMESTAMP('2019-10-02 08:47:35'), "DATO_ENDRET" = TO_TIMESTAMP('2019-10-02 08:48:35'), "ENDRET_AV" = 'Z990192', "OPPRETTET_AV" = 'Z990192', "SAK_ID" = '20000600', "DATO_MOTTATT_KRAV" = TO_DATE('2019-10-02 00:00:00', 'YYYY-MM-DD HH24:MI:SS'), "K_KRAV_GJELDER" = 'FORSTEG_BH', "K_AFP_T" = NULL, "K_KRAV_S" = 'TIL_BEHANDLING', "VERSJON" = '2', "K_BEHANDLING_T" = 'MAN', "ORGANISASJON_NR" = NULL, "GRUNNLAG_LAST" = '0', "GYLDIG_VILKAR_PROV" = '0', "K_INITIERT_AV" = 'ANNET', "DATO_KOMPLETT" = TO_DATE('2019-10-02 00:00:00', 'YYYY-MM-DD HH24:MI:SS'), "K_FLYT_KRAVLINJE" = NULL, "BODD_ARB_UTL" = '0', "KRAV_LAST" = '0', "PERSON_DOD_ID" = NULL, "BODD_ARB_UTL_FAR" = NULL, "DATO_ONSKET_VIRK" = TO_DATE('2019-08-01 00:00:00', 'YYYY-MM-DD HH24:MI:SS'), "KOLLEKTIVE_VILKAR" = '0', "AFP_TILLEGG" = '0', "ER_BEREGNET" = '0', "VUR_TRYGDEAV_FAR" = NULL, "TSS_ID_AFP" = NULL, "HENTET_TPS" = '1', "NORGE_BEHAND_LAND" = '0', "K_KRAV_VELG_T" = 'VARIG', "TILBAKEKREVING" = '0', "FAR_DOD_ID" = NULL, "SOKT_AFP_PRIVAT" = NULL, "MOR_DOD_ID" = NULL, "BODD_ARB_UTL_MOR" = NULL, "BODD_ARB_UTL_AVDOD" = NULL, "VUR_TRYGDEAV_MOR" = NULL, "REV_PGA_RED_OPPTJ" = NULL, "DATO_VERSJONERING" = NULL, "VUR_TRYGDEAV_AVDOD" = NULL, "OVERF_OMS_POENG" = '0', "BR_OPP_FR_65_I_66" = '0', "VUR_TRYGDEAV" = '0', "PEN_ORG_ENHET_ID" = '20000400', "K_REGELVERK_T" = NULL, "ER_SAMSTOT_VURDERT" = '0', "AFP_PRIV_RES_FK_ID" = NULL, "SIST_AP_BER_2011_ID" = NULL, "FORRIGE_VEDTAK_TID" = NULL, "UKJENT_AVDOD" = '0', "UKJENT_FAR" = '0', "UKJENT_MOR" = '0', "BODD_ARB_UTL_EPS" = NULL, "SISTE_SAKTYPE_FOR_AP" = NULL, "MOTTATT_TT_OPPL_EPS" = NULL, "HENTET_FEIL_UTBET_GR" = '0', "SAKSBEH_DEL_AUTO" = NULL, "ANTALL_DAGER_ANNEN_YTELSE" = NULL, "DAGSATS_ANNEN_YTELSE" = NULL, "STARTET_VILKVURD_UT" = '1', "KONVERTERINGSGRUNNLAG_UT_ID" = NULL, "HJEMMEBEREGNING_UT_ID" = NULL, "DATO_VURDERT_ONSKET_VIRK" = NULL, "SVAR_MOTTATT_UTLAND" = NULL, "BT_VURDERING_PERIODE_BENYTTET" = '1', "BERORT_SAK_BEGRUNNELSE" = NULL, "MERKNAD_LISTE" = EMPTY_CLOB(), "K_UTLANDSTILKNYTNING" = NULL, "DATO_REGISTRERT" = TO_TIMESTAMP('2019-10-02 08:47:35'), "BREV_INFO_LISTE_ID" = NULL, "BUC_ID" = NULL where "FORRIGE_IVERKSATTE_KRAV" IS NULL and "KRAVHODE_ID_FOR" IS NULL and "DATO_OPPRETTET" = TO_TIMESTAMP('2019-10-02 08:47:35') and "DATO_ENDRET" = TO_TIMESTAMP('2019-10-02 08:47:35') and "ENDRET_AV" = 'Z990192' and "OPPRETTET_AV" = 'Z990192' and "SAK_ID" = '20000600' and "DATO_MOTTATT_KRAV" = TO_DATE('2019-10-02 00:00:00', 'YYYY-MM-DD HH24:MI:SS') and "K_KRAV_GJELDER" = 'FORSTEG_BH' and "K_AFP_T" IS NULL and "K_KRAV_S" = 'TIL_BEHANDLING' and "VERSJON" = '1' and "K_BEHANDLING_T" = 'MAN' and "ORGANISASJON_NR" IS NULL and "GRUNNLAG_LAST" = '0' and "GYLDIG_VILKAR_PROV" = '0' and "K_INITIERT_AV" = 'ANNET' and "DATO_KOMPLETT" = TO_DATE('2019-10-02 00:00:00', 'YYYY-MM-DD HH24:MI:SS') and "K_FLYT_KRAVLINJE" IS NULL and "BODD_ARB_UTL" = '0' and "KRAV_LAST" = '0' and "PERSON_DOD_ID" IS NULL and "BODD_ARB_UTL_FAR" IS NULL and "DATO_ONSKET_VIRK" = TO_DATE('2019-08-01 00:00:00', 'YYYY-MM-DD HH24:MI:SS') and "KOLLEKTIVE_VILKAR" = '0' and "AFP_TILLEGG" = '0' and "ER_BEREGNET" = '0' and "VUR_TRYGDEAV_FAR" IS NULL and "TSS_ID_AFP" IS NULL and "HENTET_TPS" = '1' and "NORGE_BEHAND_LAND" = '0' and "K_KRAV_VELG_T" = 'VARIG' and "TILBAKEKREVING" = '0' and "FAR_DOD_ID" IS NULL and "SOKT_AFP_PRIVAT" IS NULL and "MOR_DOD_ID" IS NULL and "BODD_ARB_UTL_MOR" IS NULL and "BODD_ARB_UTL_AVDOD" IS NULL and "VUR_TRYGDEAV_MOR" IS NULL and "REV_PGA_RED_OPPTJ" IS NULL and "DATO_VERSJONERING" IS NULL and "VUR_TRYGDEAV_AVDOD" IS NULL and "OVERF_OMS_POENG" = '0' and "BR_OPP_FR_65_I_66" = '0' and "VUR_TRYGDEAV" = '0' and "PEN_ORG_ENHET_ID" = '20000400' and "K_REGELVERK_T" IS NULL and "ER_SAMSTOT_VURDERT" = '0' and "AFP_PRIV_RES_FK_ID" IS NULL and "SIST_AP_BER_2011_ID" IS NULL and "FORRIGE_VEDTAK_TID" IS NULL and "UKJENT_AVDOD" = '0' and "UKJENT_FAR" = '0' and "UKJENT_MOR" = '0' and "BODD_ARB_UTL_EPS" IS NULL and "SISTE_SAKTYPE_FOR_AP" IS NULL and "MOTTATT_TT_OPPL_EPS" IS NULL and "HENTET_FEIL_UTBET_GR" = '0' and "SAKSBEH_DEL_AUTO" IS NULL and "ANTALL_DAGER_ANNEN_YTELSE" IS NULL and "DAGSATS_ANNEN_YTELSE" IS NULL and "STARTET_VILKVURD_UT" = '0' and "KONVERTERINGSGRUNNLAG_UT_ID" IS NULL and "HJEMMEBEREGNING_UT_ID" IS NULL and "DATO_VURDERT_ONSKET_VIRK" IS NULL and "SVAR_MOTTATT_UTLAND" IS NULL and "BT_VURDERING_PERIODE_BENYTTET" = '1' and "BERORT_SAK_BEGRUNNELSE" IS NULL and "K_UTLANDSTILKNYTNING" IS NULL and "DATO_REGISTRERT" = TO_TIMESTAMP('2019-10-02 08:47:35') and "BREV_INFO_LISTE_ID" IS NULL and "BUC_ID" IS NULL
insert into "PEN"."T_BEREGNING_VILKAR"("BEREGNING_VILKAR_ID","DATO_OPPRETTET","OPPRETTET_AV","DATO_ENDRET","ENDRET_AV","VERSJON","VILKAR_VEDTAK_ID","K_BEREGNING_VILKAR_T","K_FPP_GARANTI_T","INNTEKT","TIDSPUNKT","K_VILKAR_STDBEGR","VURDERING","GRAD","ER_MINIMUMS_IFU","IFU_DATO","ER_GARANTIGRAD","VURDERING_TT_PERIODER","TRYGDETID_ID","TIDLIGST_VURD_OPPTJENINGSAR","DATO_SIST_MEDL_FOLKETRYGD","K_MINIMUM_IFU_T","TIDLIGERE_GJP","K_YTELSE_VED_DOD","ARLIG_PG_I_MINST_1G","ANGITT_INNTEKT","MERKNAD_LISTE") values ('20000000',TO_TIMESTAMP('2019-10-02 08:50:04'),'Z990192',TO_TIMESTAMP('2019-10-02 08:50:04'),'Z990192','0','20000400','UFORETIDSPUNKT',NULL,NULL,TO_DATE('2019-01-01 00:00:00', 'YYYY-MM-DD HH24:MI:SS'),'STDBEGR_12_7_1_3',EMPTY_CLOB(),NULL,NULL,NULL,NULL,EMPTY_CLOB(),NULL,NULL,NULL,NULL,NULL,NULL,NULL,NULL,EMPTY_CLOB())
update "PEN"."T_BEREGNING_VILKAR" set "VURDERING" = NULL, "VURDERING_TT_PERIODER" = NULL, "MERKNAD_LISTE" = NULL where "BEREGNING_VILKAR_ID" = '20000000' and "DATO_OPPRETTET" = TO_TIMESTAMP('2019-10-02 08:50:04') and "OPPRETTET_AV" = 'Z990192' and "DATO_ENDRET" = TO_TIMESTAMP('2019-10-02 08:50:04') and "ENDRET_AV" = 'Z990192' and "VERSJON" = '0' and "VILKAR_VEDTAK_ID" = '20000400' and "K_BEREGNING_VILKAR_T" = 'UFORETIDSPUNKT' and "K_FPP_GARANTI_T" IS NULL and "INNTEKT" IS NULL and "TIDSPUNKT" = TO_DATE('2019-01-01 00:00:00', 'YYYY-MM-DD HH24:MI:SS') and "K_VILKAR_STDBEGR" = 'STDBEGR_12_7_1_3' and "GRAD" IS NULL and "ER_MINIMUMS_IFU" IS NULL and "IFU_DATO" IS NULL and "ER_GARANTIGRAD" IS NULL and "TRYGDETID_ID" IS NULL and "TIDLIGST_VURD_OPPTJENINGSAR" IS NULL and "DATO_SIST_MEDL_FOLKETRYGD" IS NULL and "K_MINIMUM_IFU_T" IS NULL and "TIDLIGERE_GJP" IS NULL and "K_YTELSE_VED_DOD" IS NULL and "ARLIG_PG_I_MINST_1G" IS NULL and "ANGITT_INNTEKT" IS NULL
insert into "PEN"."T_BEREGNING_VILKAR"("BEREGNING_VILKAR_ID","DATO_OPPRETTET","OPPRETTET_AV","DATO_ENDRET","ENDRET_AV","VERSJON","VILKAR_VEDTAK_ID","K_BEREGNING_VILKAR_T","K_FPP_GARANTI_T","INNTEKT","TIDSPUNKT","K_VILKAR_STDBEGR","VURDERING","GRAD","ER_MINIMUMS_IFU","IFU_DATO","ER_GARANTIGRAD","VURDERING_TT_PERIODER","TRYGDETID_ID","TIDLIGST_VURD_OPPTJENINGSAR","DATO_SIST_MEDL_FOLKETRYGD","K_MINIMUM_IFU_T","TIDLIGERE_GJP","K_YTELSE_VED_DOD","ARLIG_PG_I_MINST_1G","ANGITT_INNTEKT","MERKNAD_LISTE") values ('20000001',TO_TIMESTAMP('2019-10-02 08:50:04'),'Z990192',TO_TIMESTAMP('2019-10-02 08:50:04'),'Z990192','0','20000400','UFOREGRAD',NULL,NULL,NULL,NULL,EMPTY_CLOB(),NULL,NULL,NULL,NULL,EMPTY_CLOB(),NULL,NULL,NULL,NULL,NULL,NULL,NULL,NULL,EMPTY_CLOB())
update "PEN"."T_BEREGNING_VILKAR" set "VURDERING" = NULL, "VURDERING_TT_PERIODER" = NULL, "MERKNAD_LISTE" = NULL where "BEREGNING_VILKAR_ID" = '20000001' and "DATO_OPPRETTET" = TO_TIMESTAMP('2019-10-02 08:50:04') and "OPPRETTET_AV" = 'Z990192' and "DATO_ENDRET" = TO_TIMESTAMP('2019-10-02 08:50:04') and "ENDRET_AV" = 'Z990192' and "VERSJON" = '0' and "VILKAR_VEDTAK_ID" = '20000400' and "K_BEREGNING_VILKAR_T" = 'UFOREGRAD' and "K_FPP_GARANTI_T" IS NULL and "INNTEKT" IS NULL and "TIDSPUNKT" IS NULL and "K_VILKAR_STDBEGR" IS NULL and "GRAD" IS NULL and "ER_MINIMUMS_IFU" IS NULL and "IFU_DATO" IS NULL and "ER_GARANTIGRAD" IS NULL and "TRYGDETID_ID" IS NULL and "TIDLIGST_VURD_OPPTJENINGSAR" IS NULL and "DATO_SIST_MEDL_FOLKETRYGD" IS NULL and "K_MINIMUM_IFU_T" IS NULL and "TIDLIGERE_GJP" IS NULL and "K_YTELSE_VED_DOD" IS NULL and "ARLIG_PG_I_MINST_1G" IS NULL and "ANGITT_INNTEKT" IS NULL
insert into "PEN"."T_BEREGNING_VILKAR"("BEREGNING_VILKAR_ID","DATO_OPPRETTET","OPPRETTET_AV","DATO_ENDRET","ENDRET_AV","VERSJON","VILKAR_VEDTAK_ID","K_BEREGNING_VILKAR_T","K_FPP_GARANTI_T","INNTEKT","TIDSPUNKT","K_VILKAR_STDBEGR","VURDERING","GRAD","ER_MINIMUMS_IFU","IFU_DATO","ER_GARANTIGRAD","VURDERING_TT_PERIODER","TRYGDETID_ID","TIDLIGST_VURD_OPPTJENINGSAR","DATO_SIST_MEDL_FOLKETRYGD","K_MINIMUM_IFU_T","TIDLIGERE_GJP","K_YTELSE_VED_DOD","ARLIG_PG_I_MINST_1G","ANGITT_INNTEKT","MERKNAD_LISTE") values ('20000002',TO_TIMESTAMP('2019-10-02 08:50:04'),'Z990192',TO_TIMESTAMP('2019-10-02 08:50:04'),'Z990192','0','20000400','INNTEKT_ETTER_UFOR',NULL,'0',NULL,'STDBEGR_12_8_1_2',EMPTY_CLOB(),NULL,NULL,NULL,NULL,EMPTY_CLOB(),NULL,NULL,NULL,NULL,NULL,NULL,NULL,NULL,EMPTY_CLOB())
update "PEN"."T_BEREGNING_VILKAR" set "VURDERING" = NULL, "VURDERING_TT_PERIODER" = NULL, "MERKNAD_LISTE" = NULL where "BEREGNING_VILKAR_ID" = '20000002' and "DATO_OPPRETTET" = TO_TIMESTAMP('2019-10-02 08:50:04') and "OPPRETTET_AV" = 'Z990192' and "DATO_ENDRET" = TO_TIMESTAMP('2019-10-02 08:50:04') and "ENDRET_AV" = 'Z990192' and "VERSJON" = '0' and "VILKAR_VEDTAK_ID" = '20000400' and "K_BEREGNING_VILKAR_T" = 'INNTEKT_ETTER_UFOR' and "K_FPP_GARANTI_T" IS NULL and "INNTEKT" = '0' and "TIDSPUNKT" IS NULL and "K_VILKAR_STDBEGR" = 'STDBEGR_12_8_1_2' and "GRAD" IS NULL and "ER_MINIMUMS_IFU" IS NULL and "IFU_DATO" IS NULL and "ER_GARANTIGRAD" IS NULL and "TRYGDETID_ID" IS NULL and "TIDLIGST_VURD_OPPTJENINGSAR" IS NULL and "DATO_SIST_MEDL_FOLKETRYGD" IS NULL and "K_MINIMUM_IFU_T" IS NULL and "TIDLIGERE_GJP" IS NULL and "K_YTELSE_VED_DOD" IS NULL and "ARLIG_PG_I_MINST_1G" IS NULL and "ANGITT_INNTEKT" IS NULL
insert into "PEN"."T_BEREGNING_VILKAR"("BEREGNING_VILKAR_ID","DATO_OPPRETTET","OPPRETTET_AV","DATO_ENDRET","ENDRET_AV","VERSJON","VILKAR_VEDTAK_ID","K_BEREGNING_VILKAR_T","K_FPP_GARANTI_T","INNTEKT","TIDSPUNKT","K_VILKAR_STDBEGR","VURDERING","GRAD","ER_MINIMUMS_IFU","IFU_DATO","ER_GARANTIGRAD","VURDERING_TT_PERIODER","TRYGDETID_ID","TIDLIGST_VURD_OPPTJENINGSAR","DATO_SIST_MEDL_FOLKETRYGD","K_MINIMUM_IFU_T","TIDLIGERE_GJP","K_YTELSE_VED_DOD","ARLIG_PG_I_MINST_1G","ANGITT_INNTEKT","MERKNAD_LISTE") values ('20000003',TO_TIMESTAMP('2019-10-02 08:50:04'),'Z990192',TO_TIMESTAMP('2019-10-02 08:50:04'),'Z990192','0','20000400','INNTEKT_FOR_UFORHET',NULL,NULL,NULL,NULL,EMPTY_CLOB(),NULL,NULL,TO_DATE('2019-01-01 00:00:00', 'YYYY-MM-DD HH24:MI:SS'),NULL,EMPTY_CLOB(),NULL,NULL,NULL,NULL,NULL,NULL,NULL,'500000',EMPTY_CLOB())
update "PEN"."T_BEREGNING_VILKAR" set "VURDERING" = NULL, "VURDERING_TT_PERIODER" = NULL, "MERKNAD_LISTE" = NULL where "BEREGNING_VILKAR_ID" = '20000003' and "DATO_OPPRETTET" = TO_TIMESTAMP('2019-10-02 08:50:04') and "OPPRETTET_AV" = 'Z990192' and "DATO_ENDRET" = TO_TIMESTAMP('2019-10-02 08:50:04') and "ENDRET_AV" = 'Z990192' and "VERSJON" = '0' and "VILKAR_VEDTAK_ID" = '20000400' and "K_BEREGNING_VILKAR_T" = 'INNTEKT_FOR_UFORHET' and "K_FPP_GARANTI_T" IS NULL and "INNTEKT" IS NULL and "TIDSPUNKT" IS NULL and "K_VILKAR_STDBEGR" IS NULL and "GRAD" IS NULL and "ER_MINIMUMS_IFU" IS NULL and "IFU_DATO" = TO_DATE('2019-01-01 00:00:00', 'YYYY-MM-DD HH24:MI:SS') and "ER_GARANTIGRAD" IS NULL and "TRYGDETID_ID" IS NULL and "TIDLIGST_VURD_OPPTJENINGSAR" IS NULL and "DATO_SIST_MEDL_FOLKETRYGD" IS NULL and "K_MINIMUM_IFU_T" IS NULL and "TIDLIGERE_GJP" IS NULL and "K_YTELSE_VED_DOD" IS NULL and "ARLIG_PG_I_MINST_1G" IS NULL and "ANGITT_INNTEKT" = '500000'
insert into "PEN"."T_VILKAR"("VILKAR_ID","K_VILKAR_T","VILKAR_VEDTAK_ID","DATO_OPPRETTET","OPPRETTET_AV","DATO_ENDRET","ENDRET_AV","VERSJON","K_VILKAR_OPPFYLT_UT_T","K_VILKAR_STDBEGR","VURDERING","FORTSATT_MEDLEM_FT","MINST_TYVE_AR_BOTID_NORGE","OPPTJENT_RETT_TIL_TP_ETTER_FT","EKSPORT_FORBUD_ID","FRI_EKSPORT_PGA_YRKESSKADE","EKSPORTRETT_GARANTERT_TP","MINST_TRE_ARS_FM_NORGE","MINST_ETT_AR_FM_NORGE","UNNTAK_FRA_FORUTGAENDE_MEDL","OPPFYLLT_ETTER_GAMLE_REGLER","OPP_VED_SAMM_ID","EKSPORTRETT_ETTER_EOS_FORORDNI","EKSPORTRETT_ETTER_TRYGDEAVTALE","EKSPORTRETT_ETTER_ANDRE_TRYGDE","KONVERTERT","TT_VURDERING") values ('20000006','GARANTERTUNGUFOR','20000400',TO_TIMESTAMP('2019-10-02 08:50:04'),'Z990192',TO_TIMESTAMP('2019-10-02 08:50:04'),'Z990192','0','OPPFYLT','STDBEGR_12_13_1_O_1',EMPTY_CLOB(),NULL,NULL,NULL,NULL,NULL,NULL,NULL,NULL,NULL,NULL,NULL,NULL,NULL,NULL,NULL,EMPTY_CLOB())
update "PEN"."T_VILKAR" set "VURDERING" = NULL, "TT_VURDERING" = NULL where "VILKAR_ID" = '20000006' and "K_VILKAR_T" = 'GARANTERTUNGUFOR' and "VILKAR_VEDTAK_ID" = '20000400' and "DATO_OPPRETTET" = TO_TIMESTAMP('2019-10-02 08:50:04') and "OPPRETTET_AV" = 'Z990192' and "DATO_ENDRET" = TO_TIMESTAMP('2019-10-02 08:50:04') and "ENDRET_AV" = 'Z990192' and "VERSJON" = '0' and "K_VILKAR_OPPFYLT_UT_T" = 'OPPFYLT' and "K_VILKAR_STDBEGR" = 'STDBEGR_12_13_1_O_1' and "FORTSATT_MEDLEM_FT" IS NULL and "MINST_TYVE_AR_BOTID_NORGE" IS NULL and "OPPTJENT_RETT_TIL_TP_ETTER_FT" IS NULL and "EKSPORT_FORBUD_ID" IS NULL and "FRI_EKSPORT_PGA_YRKESSKADE" IS NULL and "EKSPORTRETT_GARANTERT_TP" IS NULL and "MINST_TRE_ARS_FM_NORGE" IS NULL and "MINST_ETT_AR_FM_NORGE" IS NULL and "UNNTAK_FRA_FORUTGAENDE_MEDL" IS NULL and "OPPFYLLT_ETTER_GAMLE_REGLER" IS NULL and "OPP_VED_SAMM_ID" IS NULL and "EKSPORTRETT_ETTER_EOS_FORORDNI" IS NULL and "EKSPORTRETT_ETTER_TRYGDEAVTALE" IS NULL and "EKSPORTRETT_ETTER_ANDRE_TRYGDE" IS NULL and "KONVERTERT" IS NULL
update "PEN"."T_BEREGNING_VILKAR" set "VURDERING" = NULL, "MERKNAD_LISTE" = NULL where "DATO_OPPRETTET" = TO_TIMESTAMP('2019-10-02 08:50:04') and "OPPRETTET_AV" = 'Z990192' and "DATO_ENDRET" = TO_TIMESTAMP('2019-10-02 08:50:05') and "ENDRET_AV" = 'Z990192' and "VERSJON" = '1' and "VILKAR_VEDTAK_ID" = '20000400' and "INNTEKT" = '500000' and "K_VILKAR_STDBEGR" IS NULL and "ER_MINIMUMS_IFU" = '0' and "IFU_DATO" = TO_DATE('2019-01-01 00:00:00', 'YYYY-MM-DD HH24:MI:SS') and "K_MINIMUM_IFU_T" IS NULL and "ANGITT_INNTEKT" = '500000'
update "PEN"."T_BEREGNING_VILKAR" set "DATO_OPPRETTET" = TO_TIMESTAMP('2019-10-02 08:50:04'), "OPPRETTET_AV" = 'Z990192', "DATO_ENDRET" = TO_TIMESTAMP('2019-10-02 08:50:05'), "ENDRET_AV" = 'Z990192', "VERSJON" = '1', "VILKAR_VEDTAK_ID" = '20000400', "INNTEKT" = '500000', "K_VILKAR_STDBEGR" = NULL, "VURDERING" = EMPTY_CLOB(), "ER_MINIMUMS_IFU" = '0', "IFU_DATO" = TO_DATE('2019-01-01 00:00:00', 'YYYY-MM-DD HH24:MI:SS'), "K_MINIMUM_IFU_T" = NULL, "ANGITT_INNTEKT" = '500000', "MERKNAD_LISTE" = EMPTY_CLOB() where "DATO_OPPRETTET" = TO_TIMESTAMP('2019-10-02 08:50:04') and "OPPRETTET_AV" = 'Z990192' and "DATO_ENDRET" = TO_TIMESTAMP('2019-10-02 08:50:04') and "ENDRET_AV" = 'Z990192' and "VERSJON" = '0' and "VILKAR_VEDTAK_ID" = '20000400' and "INNTEKT" IS NULL and "K_VILKAR_STDBEGR" IS NULL and "ER_MINIMUMS_IFU" IS NULL and "IFU_DATO" = TO_DATE('2019-01-01 00:00:00', 'YYYY-MM-DD HH24:MI:SS') and "K_MINIMUM_IFU_T" IS NULL and "ANGITT_INNTEKT" = '500000'
update "PEN"."T_BEREGNING_VILKAR" set "VURDERING" = NULL, "MERKNAD_LISTE" = NULL where "DATO_OPPRETTET" = TO_TIMESTAMP('2019-10-02 08:50:04') and "OPPRETTET_AV" = 'Z990192' and "DATO_ENDRET" = TO_TIMESTAMP('2019-10-02 08:50:14') and "ENDRET_AV" = 'Z990192' and "VERSJON" = '1' and "VILKAR_VEDTAK_ID" = '20000400' and "INNTEKT" = '0' and "TIDSPUNKT" = TO_DATE('2019-08-01 00:00:00', 'YYYY-MM-DD HH24:MI:SS') and "K_VILKAR_STDBEGR" = 'STDBEGR_12_8_1_2'
update "PEN"."T_BEREGNING_VILKAR" set "DATO_OPPRETTET" = TO_TIMESTAMP('2019-10-02 08:50:04'), "OPPRETTET_AV" = 'Z990192', "DATO_ENDRET" = TO_TIMESTAMP('2019-10-02 08:50:14'), "ENDRET_AV" = 'Z990192', "VERSJON" = '1', "VILKAR_VEDTAK_ID" = '20000400', "INNTEKT" = '0', "TIDSPUNKT" = TO_DATE('2019-08-01 00:00:00', 'YYYY-MM-DD HH24:MI:SS'), "K_VILKAR_STDBEGR" = 'STDBEGR_12_8_1_2', "VURDERING" = EMPTY_CLOB(), "MERKNAD_LISTE" = EMPTY_CLOB() where "DATO_OPPRETTET" = TO_TIMESTAMP('2019-10-02 08:50:04') and "OPPRETTET_AV" = 'Z990192' and "DATO_ENDRET" = TO_TIMESTAMP('2019-10-02 08:50:04') and "ENDRET_AV" = 'Z990192' and "VERSJON" = '0' and "VILKAR_VEDTAK_ID" = '20000400' and "INNTEKT" = '0' and "TIDSPUNKT" IS NULL and "K_VILKAR_STDBEGR" = 'STDBEGR_12_8_1_2'
update "PEN"."T_BEREGNING_VILKAR" set "VURDERING" = NULL, "MERKNAD_LISTE" = NULL where "DATO_OPPRETTET" = TO_TIMESTAMP('2019-10-02 08:50:04') and "OPPRETTET_AV" = 'Z990192' and "DATO_ENDRET" = TO_TIMESTAMP('2019-10-02 08:50:14') and "ENDRET_AV" = 'Z990192' and "VERSJON" = '2' and "VILKAR_VEDTAK_ID" = '20000400' and "INNTEKT" = '500000' and "K_VILKAR_STDBEGR" = 'STDBEGR_12_8_2_2' and "ER_MINIMUMS_IFU" = '0' and "IFU_DATO" = TO_DATE('2019-01-01 00:00:00', 'YYYY-MM-DD HH24:MI:SS') and "K_MINIMUM_IFU_T" IS NULL and "ANGITT_INNTEKT" = '500000'
update "PEN"."T_BEREGNING_VILKAR" set "DATO_OPPRETTET" = TO_TIMESTAMP('2019-10-02 08:50:04'), "OPPRETTET_AV" = 'Z990192', "DATO_ENDRET" = TO_TIMESTAMP('2019-10-02 08:50:14'), "ENDRET_AV" = 'Z990192', "VERSJON" = '2', "VILKAR_VEDTAK_ID" = '20000400', "INNTEKT" = '500000', "K_VILKAR_STDBEGR" = 'STDBEGR_12_8_2_2', "VURDERING" = EMPTY_CLOB(), "ER_MINIMUMS_IFU" = '0', "IFU_DATO" = TO_DATE('2019-01-01 00:00:00', 'YYYY-MM-DD HH24:MI:SS'), "K_MINIMUM_IFU_T" = NULL, "ANGITT_INNTEKT" = '500000', "MERKNAD_LISTE" = EMPTY_CLOB() where "DATO_OPPRETTET" = TO_TIMESTAMP('2019-10-02 08:50:04') and "OPPRETTET_AV" = 'Z990192' and "DATO_ENDRET" = TO_TIMESTAMP('2019-10-02 08:50:05') and "ENDRET_AV" = 'Z990192' and "VERSJON" = '1' and "VILKAR_VEDTAK_ID" = '20000400' and "INNTEKT" = '500000' and "K_VILKAR_STDBEGR" IS NULL and "ER_MINIMUMS_IFU" = '0' and "IFU_DATO" = TO_DATE('2019-01-01 00:00:00', 'YYYY-MM-DD HH24:MI:SS') and "K_MINIMUM_IFU_T" IS NULL and "ANGITT_INNTEKT" = '500000'
update "PEN"."T_BEREGNING_VILKAR" set "VURDERING" = NULL, "MERKNAD_LISTE" = NULL where "DATO_OPPRETTET" = TO_TIMESTAMP('2019-10-02 08:50:04') and "OPPRETTET_AV" = 'Z990192' and "DATO_ENDRET" = TO_TIMESTAMP('2019-10-02 08:50:14') and "ENDRET_AV" = 'Z990192' and "VERSJON" = '1' and "VILKAR_VEDTAK_ID" = '20000400' and "GRAD" = '100'
update "PEN"."T_BEREGNING_VILKAR" set "DATO_OPPRETTET" = TO_TIMESTAMP('2019-10-02 08:50:04'), "OPPRETTET_AV" = 'Z990192', "DATO_ENDRET" = TO_TIMESTAMP('2019-10-02 08:50:14'), "ENDRET_AV" = 'Z990192', "VERSJON" = '1', "VILKAR_VEDTAK_ID" = '20000400', "K_VILKAR_STDBEGR" = NULL, "VURDERING" = EMPTY_CLOB(), "GRAD" = '100', "ER_GARANTIGRAD" = NULL, "MERKNAD_LISTE" = EMPTY_CLOB() where "DATO_OPPRETTET" = TO_TIMESTAMP('2019-10-02 08:50:04') and "OPPRETTET_AV" = 'Z990192' and "DATO_ENDRET" = TO_TIMESTAMP('2019-10-02 08:50:04') and "ENDRET_AV" = 'Z990192' and "VERSJON" = '0' and "VILKAR_VEDTAK_ID" = '20000400' and "K_VILKAR_STDBEGR" IS NULL and "GRAD" IS NULL and "ER_GARANTIGRAD" IS NULL
insert into "PEN"."T_BEREGNING_VILKAR"("BEREGNING_VILKAR_ID","DATO_OPPRETTET","OPPRETTET_AV","DATO_ENDRET","ENDRET_AV","VERSJON","VILKAR_VEDTAK_ID","K_BEREGNING_VILKAR_T","K_FPP_GARANTI_T","INNTEKT","TIDSPUNKT","K_VILKAR_STDBEGR","VURDERING","GRAD","ER_MINIMUMS_IFU","IFU_DATO","ER_GARANTIGRAD","VURDERING_TT_PERIODER","TRYGDETID_ID","TIDLIGST_VURD_OPPTJENINGSAR","DATO_SIST_MEDL_FOLKETRYGD","K_MINIMUM_IFU_T","TIDLIGERE_GJP","K_YTELSE_VED_DOD","ARLIG_PG_I_MINST_1G","ANGITT_INNTEKT","MERKNAD_LISTE") values ('20000008',TO_TIMESTAMP('2019-10-02 08:50:38'),'Z990192',TO_TIMESTAMP('2019-10-02 08:50:38'),'Z990192','0','20000400','VIRKNINGSTIDSPUNKT',NULL,NULL,NULL,'STDBEGR_22_12_1_11',EMPTY_CLOB(),NULL,NULL,NULL,NULL,EMPTY_CLOB(),NULL,NULL,NULL,NULL,NULL,NULL,NULL,NULL,EMPTY_CLOB())
update "PEN"."T_BEREGNING_VILKAR" set "VURDERING" = NULL, "VURDERING_TT_PERIODER" = NULL, "MERKNAD_LISTE" = NULL where "BEREGNING_VILKAR_ID" = '20000008' and "DATO_OPPRETTET" = TO_TIMESTAMP('2019-10-02 08:50:38') and "OPPRETTET_AV" = 'Z990192' and "DATO_ENDRET" = TO_TIMESTAMP('2019-10-02 08:50:38') and "ENDRET_AV" = 'Z990192' and "VERSJON" = '0' and "VILKAR_VEDTAK_ID" = '20000400' and "K_BEREGNING_VILKAR_T" = 'VIRKNINGSTIDSPUNKT' and "K_FPP_GARANTI_T" IS NULL and "INNTEKT" IS NULL and "TIDSPUNKT" IS NULL and "K_VILKAR_STDBEGR" = 'STDBEGR_22_12_1_11' and "GRAD" IS NULL and "ER_MINIMUMS_IFU" IS NULL and "IFU_DATO" IS NULL and "ER_GARANTIGRAD" IS NULL and "TRYGDETID_ID" IS NULL and "TIDLIGST_VURD_OPPTJENINGSAR" IS NULL and "DATO_SIST_MEDL_FOLKETRYGD" IS NULL and "K_MINIMUM_IFU_T" IS NULL and "TIDLIGERE_GJP" IS NULL and "K_YTELSE_VED_DOD" IS NULL and "ARLIG_PG_I_MINST_1G" IS NULL and "ANGITT_INNTEKT" IS NULL
insert into "PEN"."T_VILKAR"("VILKAR_ID","K_VILKAR_T","VILKAR_VEDTAK_ID","DATO_OPPRETTET","OPPRETTET_AV","DATO_ENDRET","ENDRET_AV","VERSJON","K_VILKAR_OPPFYLT_UT_T","K_VILKAR_STDBEGR","VURDERING","FORTSATT_MEDLEM_FT","MINST_TYVE_AR_BOTID_NORGE","OPPTJENT_RETT_TIL_TP_ETTER_FT","EKSPORT_FORBUD_ID","FRI_EKSPORT_PGA_YRKESSKADE","EKSPORTRETT_GARANTERT_TP","MINST_TRE_ARS_FM_NORGE","MINST_ETT_AR_FM_NORGE","UNNTAK_FRA_FORUTGAENDE_MEDL","OPPFYLLT_ETTER_GAMLE_REGLER","OPP_VED_SAMM_ID","EKSPORTRETT_ETTER_EOS_FORORDNI","EKSPORTRETT_ETTER_TRYGDEAVTALE","EKSPORTRETT_ETTER_ANDRE_TRYGDE","KONVERTERT","TT_VURDERING") values ('20000008','FORUT_MEDL','20000400',TO_TIMESTAMP('2019-10-02 08:50:38'),'Z990192',TO_TIMESTAMP('2019-10-02 08:50:38'),'Z990192','0','OPPFYLT','STDBEGR_12_2_1_O_1',EMPTY_CLOB(),NULL,NULL,NULL,NULL,NULL,NULL,'1','1',NULL,NULL,NULL,NULL,NULL,NULL,NULL,EMPTY_CLOB())
update "PEN"."T_VILKAR" set "VURDERING" = NULL, "TT_VURDERING" = NULL where "VILKAR_ID" = '20000008' and "K_VILKAR_T" = 'FORUT_MEDL' and "VILKAR_VEDTAK_ID" = '20000400' and "DATO_OPPRETTET" = TO_TIMESTAMP('2019-10-02 08:50:38') and "OPPRETTET_AV" = 'Z990192' and "DATO_ENDRET" = TO_TIMESTAMP('2019-10-02 08:50:38') and "ENDRET_AV" = 'Z990192' and "VERSJON" = '0' and "K_VILKAR_OPPFYLT_UT_T" = 'OPPFYLT' and "K_VILKAR_STDBEGR" = 'STDBEGR_12_2_1_O_1' and "FORTSATT_MEDLEM_FT" IS NULL and "MINST_TYVE_AR_BOTID_NORGE" IS NULL and "OPPTJENT_RETT_TIL_TP_ETTER_FT" IS NULL and "EKSPORT_FORBUD_ID" IS NULL and "FRI_EKSPORT_PGA_YRKESSKADE" IS NULL and "EKSPORTRETT_GARANTERT_TP" IS NULL and "MINST_TRE_ARS_FM_NORGE" = '1' and "MINST_ETT_AR_FM_NORGE" = '1' and "UNNTAK_FRA_FORUTGAENDE_MEDL" IS NULL and "OPPFYLLT_ETTER_GAMLE_REGLER" IS NULL and "OPP_VED_SAMM_ID" IS NULL and "EKSPORTRETT_ETTER_EOS_FORORDNI" IS NULL and "EKSPORTRETT_ETTER_TRYGDEAVTALE" IS NULL and "EKSPORTRETT_ETTER_ANDRE_TRYGDE" IS NULL and "KONVERTERT" IS NULL
insert into "PEN"."T_VILKAR"("VILKAR_ID","K_VILKAR_T","VILKAR_VEDTAK_ID","DATO_OPPRETTET","OPPRETTET_AV","DATO_ENDRET","ENDRET_AV","VERSJON","K_VILKAR_OPPFYLT_UT_T","K_VILKAR_STDBEGR","VURDERING","FORTSATT_MEDLEM_FT","MINST_TYVE_AR_BOTID_NORGE","OPPTJENT_RETT_TIL_TP_ETTER_FT","EKSPORT_FORBUD_ID","FRI_EKSPORT_PGA_YRKESSKADE","EKSPORTRETT_GARANTERT_TP","MINST_TRE_ARS_FM_NORGE","MINST_ETT_AR_FM_NORGE","UNNTAK_FRA_FORUTGAENDE_MEDL","OPPFYLLT_ETTER_GAMLE_REGLER","OPP_VED_SAMM_ID","EKSPORTRETT_ETTER_EOS_FORORDNI","EKSPORTRETT_ETTER_TRYGDEAVTALE","EKSPORTRETT_ETTER_ANDRE_TRYGDE","KONVERTERT","TT_VURDERING") values ('20000009','NEDSATT_INNT_EVNE','20000400',TO_TIMESTAMP('2019-10-02 08:50:38'),'Z990192',TO_TIMESTAMP('2019-10-02 08:50:38'),'Z990192','0','OPPFYLT','STDBEGR_12_7_2_O_2',EMPTY_CLOB(),NULL,NULL,NULL,NULL,NULL,NULL,NULL,NULL,NULL,NULL,NULL,NULL,NULL,NULL,NULL,EMPTY_CLOB())
update "PEN"."T_VILKAR" set "VURDERING" = NULL, "TT_VURDERING" = NULL where "VILKAR_ID" = '20000009' and "K_VILKAR_T" = 'NEDSATT_INNT_EVNE' and "VILKAR_VEDTAK_ID" = '20000400' and "DATO_OPPRETTET" = TO_TIMESTAMP('2019-10-02 08:50:38') and "OPPRETTET_AV" = 'Z990192' and "DATO_ENDRET" = TO_TIMESTAMP('2019-10-02 08:50:38') and "ENDRET_AV" = 'Z990192' and "VERSJON" = '0' and "K_VILKAR_OPPFYLT_UT_T" = 'OPPFYLT' and "K_VILKAR_STDBEGR" = 'STDBEGR_12_7_2_O_2' and "FORTSATT_MEDLEM_FT" IS NULL and "MINST_TYVE_AR_BOTID_NORGE" IS NULL and "OPPTJENT_RETT_TIL_TP_ETTER_FT" IS NULL and "EKSPORT_FORBUD_ID" IS NULL and "FRI_EKSPORT_PGA_YRKESSKADE" IS NULL and "EKSPORTRETT_GARANTERT_TP" IS NULL and "MINST_TRE_ARS_FM_NORGE" IS NULL and "MINST_ETT_AR_FM_NORGE" IS NULL and "UNNTAK_FRA_FORUTGAENDE_MEDL" IS NULL and "OPPFYLLT_ETTER_GAMLE_REGLER" IS NULL and "OPP_VED_SAMM_ID" IS NULL and "EKSPORTRETT_ETTER_EOS_FORORDNI" IS NULL and "EKSPORTRETT_ETTER_TRYGDEAVTALE" IS NULL and "EKSPORTRETT_ETTER_ANDRE_TRYGDE" IS NULL and "KONVERTERT" IS NULL
insert into "PEN"."T_VILKAR"("VILKAR_ID","K_VILKAR_T","VILKAR_VEDTAK_ID","DATO_OPPRETTET","OPPRETTET_AV","DATO_ENDRET","ENDRET_AV","VERSJON","K_VILKAR_OPPFYLT_UT_T","K_VILKAR_STDBEGR","VURDERING","FORTSATT_MEDLEM_FT","MINST_TYVE_AR_BOTID_NORGE","OPPTJENT_RETT_TIL_TP_ETTER_FT","EKSPORT_FORBUD_ID","FRI_EKSPORT_PGA_YRKESSKADE","EKSPORTRETT_GARANTERT_TP","MINST_TRE_ARS_FM_NORGE","MINST_ETT_AR_FM_NORGE","UNNTAK_FRA_FORUTGAENDE_MEDL","OPPFYLLT_ETTER_GAMLE_REGLER","OPP_VED_SAMM_ID","EKSPORTRETT_ETTER_EOS_FORORDNI","EKSPORTRETT_ETTER_TRYGDEAVTALE","EKSPORTRETT_ETTER_ANDRE_TRYGDE","KONVERTERT","TT_VURDERING") values ('20000010','ALDER','20000400',TO_TIMESTAMP('2019-10-02 08:50:38'),'Z990192',TO_TIMESTAMP('2019-10-02 08:50:38'),'Z990192','0','OPPFYLT','STDBEGR_12_4_1_O_3',EMPTY_CLOB(),NULL,NULL,NULL,NULL,NULL,NULL,NULL,NULL,NULL,NULL,NULL,NULL,NULL,NULL,NULL,EMPTY_CLOB())
update "PEN"."T_VILKAR" set "VURDERING" = NULL, "TT_VURDERING" = NULL where "VILKAR_ID" = '20000010' and "K_VILKAR_T" = 'ALDER' and "VILKAR_VEDTAK_ID" = '20000400' and "DATO_OPPRETTET" = TO_TIMESTAMP('2019-10-02 08:50:38') and "OPPRETTET_AV" = 'Z990192' and "DATO_ENDRET" = TO_TIMESTAMP('2019-10-02 08:50:38') and "ENDRET_AV" = 'Z990192' and "VERSJON" = '0' and "K_VILKAR_OPPFYLT_UT_T" = 'OPPFYLT' and "K_VILKAR_STDBEGR" = 'STDBEGR_12_4_1_O_3' and "FORTSATT_MEDLEM_FT" IS NULL and "MINST_TYVE_AR_BOTID_NORGE" IS NULL and "OPPTJENT_RETT_TIL_TP_ETTER_FT" IS NULL and "EKSPORT_FORBUD_ID" IS NULL and "FRI_EKSPORT_PGA_YRKESSKADE" IS NULL and "EKSPORTRETT_GARANTERT_TP" IS NULL and "MINST_TRE_ARS_FM_NORGE" IS NULL and "MINST_ETT_AR_FM_NORGE" IS NULL and "UNNTAK_FRA_FORUTGAENDE_MEDL" IS NULL and "OPPFYLLT_ETTER_GAMLE_REGLER" IS NULL and "OPP_VED_SAMM_ID" IS NULL and "EKSPORTRETT_ETTER_EOS_FORORDNI" IS NULL and "EKSPORTRETT_ETTER_TRYGDEAVTALE" IS NULL and "EKSPORTRETT_ETTER_ANDRE_TRYGDE" IS NULL and "KONVERTERT" IS NULL
insert into "PEN"."T_VILKAR"("VILKAR_ID","K_VILKAR_T","VILKAR_VEDTAK_ID","DATO_OPPRETTET","OPPRETTET_AV","DATO_ENDRET","ENDRET_AV","VERSJON","K_VILKAR_OPPFYLT_UT_T","K_VILKAR_STDBEGR","VURDERING","FORTSATT_MEDLEM_FT","MINST_TYVE_AR_BOTID_NORGE","OPPTJENT_RETT_TIL_TP_ETTER_FT","EKSPORT_FORBUD_ID","FRI_EKSPORT_PGA_YRKESSKADE","EKSPORTRETT_GARANTERT_TP","MINST_TRE_ARS_FM_NORGE","MINST_ETT_AR_FM_NORGE","UNNTAK_FRA_FORUTGAENDE_MEDL","OPPFYLLT_ETTER_GAMLE_REGLER","OPP_VED_SAMM_ID","EKSPORTRETT_ETTER_EOS_FORORDNI","EKSPORTRETT_ETTER_TRYGDEAVTALE","EKSPORTRETT_ETTER_ANDRE_TRYGDE","KONVERTERT","TT_VURDERING") values ('20000011','YRKESSKADE','20000400',TO_TIMESTAMP('2019-10-02 08:50:38'),'Z990192',TO_TIMESTAMP('2019-10-02 08:50:38'),'Z990192','0','IKKE_OPPFYLT','STDBEGR_12_17_1_I_1',EMPTY_CLOB(),NULL,NULL,NULL,NULL,NULL,NULL,NULL,NULL,NULL,NULL,NULL,NULL,NULL,NULL,NULL,EMPTY_CLOB())
update "PEN"."T_VILKAR" set "VURDERING" = NULL, "TT_VURDERING" = NULL where "VILKAR_ID" = '20000011' and "K_VILKAR_T" = 'YRKESSKADE' and "VILKAR_VEDTAK_ID" = '20000400' and "DATO_OPPRETTET" = TO_TIMESTAMP('2019-10-02 08:50:38') and "OPPRETTET_AV" = 'Z990192' and "DATO_ENDRET" = TO_TIMESTAMP('2019-10-02 08:50:38') and "ENDRET_AV" = 'Z990192' and "VERSJON" = '0' and "K_VILKAR_OPPFYLT_UT_T" = 'IKKE_OPPFYLT' and "K_VILKAR_STDBEGR" = 'STDBEGR_12_17_1_I_1' and "FORTSATT_MEDLEM_FT" IS NULL and "MINST_TYVE_AR_BOTID_NORGE" IS NULL and "OPPTJENT_RETT_TIL_TP_ETTER_FT" IS NULL and "EKSPORT_FORBUD_ID" IS NULL and "FRI_EKSPORT_PGA_YRKESSKADE" IS NULL and "EKSPORTRETT_GARANTERT_TP" IS NULL and "MINST_TRE_ARS_FM_NORGE" IS NULL and "MINST_ETT_AR_FM_NORGE" IS NULL and "UNNTAK_FRA_FORUTGAENDE_MEDL" IS NULL and "OPPFYLLT_ETTER_GAMLE_REGLER" IS NULL and "OPP_VED_SAMM_ID" IS NULL and "EKSPORTRETT_ETTER_EOS_FORORDNI" IS NULL and "EKSPORTRETT_ETTER_TRYGDEAVTALE" IS NULL and "EKSPORTRETT_ETTER_ANDRE_TRYGDE" IS NULL and "KONVERTERT" IS NULL
insert into "PEN"."T_VILKAR"("VILKAR_ID","K_VILKAR_T","VILKAR_VEDTAK_ID","DATO_OPPRETTET","OPPRETTET_AV","DATO_ENDRET","ENDRET_AV","VERSJON","K_VILKAR_OPPFYLT_UT_T","K_VILKAR_STDBEGR","VURDERING","FORTSATT_MEDLEM_FT","MINST_TYVE_AR_BOTID_NORGE","OPPTJENT_RETT_TIL_TP_ETTER_FT","EKSPORT_FORBUD_ID","FRI_EKSPORT_PGA_YRKESSKADE","EKSPORTRETT_GARANTERT_TP","MINST_TRE_ARS_FM_NORGE","MINST_ETT_AR_FM_NORGE","UNNTAK_FRA_FORUTGAENDE_MEDL","OPPFYLLT_ETTER_GAMLE_REGLER","OPP_VED_SAMM_ID","EKSPORTRETT_ETTER_EOS_FORORDNI","EKSPORTRETT_ETTER_TRYGDEAVTALE","EKSPORTRETT_ETTER_ANDRE_TRYGDE","KONVERTERT","TT_VURDERING") values ('20000012','FORTSATT_MEDL','20000400',TO_TIMESTAMP('2019-10-02 08:50:38'),'Z990192',TO_TIMESTAMP('2019-10-02 08:50:38'),'Z990192','0','OPPFYLT','STDBEGR_12_3_1_O_1',EMPTY_CLOB(),'1',NULL,NULL,NULL,NULL,NULL,NULL,NULL,NULL,NULL,NULL,NULL,NULL,NULL,NULL,EMPTY_CLOB())
update "PEN"."T_VILKAR" set "VURDERING" = NULL, "TT_VURDERING" = NULL where "VILKAR_ID" = '20000012' and "K_VILKAR_T" = 'FORTSATT_MEDL' and "VILKAR_VEDTAK_ID" = '20000400' and "DATO_OPPRETTET" = TO_TIMESTAMP('2019-10-02 08:50:38') and "OPPRETTET_AV" = 'Z990192' and "DATO_ENDRET" = TO_TIMESTAMP('2019-10-02 08:50:38') and "ENDRET_AV" = 'Z990192' and "VERSJON" = '0' and "K_VILKAR_OPPFYLT_UT_T" = 'OPPFYLT' and "K_VILKAR_STDBEGR" = 'STDBEGR_12_3_1_O_1' and "FORTSATT_MEDLEM_FT" = '1' and "MINST_TYVE_AR_BOTID_NORGE" IS NULL and "OPPTJENT_RETT_TIL_TP_ETTER_FT" IS NULL and "EKSPORT_FORBUD_ID" IS NULL and "FRI_EKSPORT_PGA_YRKESSKADE" IS NULL and "EKSPORTRETT_GARANTERT_TP" IS NULL and "MINST_TRE_ARS_FM_NORGE" IS NULL and "MINST_ETT_AR_FM_NORGE" IS NULL and "UNNTAK_FRA_FORUTGAENDE_MEDL" IS NULL and "OPPFYLLT_ETTER_GAMLE_REGLER" IS NULL and "OPP_VED_SAMM_ID" IS NULL and "EKSPORTRETT_ETTER_EOS_FORORDNI" IS NULL and "EKSPORTRETT_ETTER_TRYGDEAVTALE" IS NULL and "EKSPORTRETT_ETTER_ANDRE_TRYGDE" IS NULL and "KONVERTERT" IS NULL
update "PEN"."T_VILKAR" set "VURDERING" = NULL where "VILKAR_VEDTAK_ID" = '20000400' and "DATO_OPPRETTET" = TO_TIMESTAMP('2019-10-02 08:50:04') and "OPPRETTET_AV" = 'Z990192' and "DATO_ENDRET" = TO_TIMESTAMP('2019-10-02 08:50:38') and "ENDRET_AV" = 'Z990192' and "VERSJON" = '1' and "K_VILKAR_OPPFYLT_UT_T" = 'OPPFYLT' and "K_VILKAR_STDBEGR" = 'STDBEGR_12_13_1_O_1'
update "PEN"."T_VILKAR" set "VILKAR_VEDTAK_ID" = '20000400', "DATO_OPPRETTET" = TO_TIMESTAMP('2019-10-02 08:50:04'), "OPPRETTET_AV" = 'Z990192', "DATO_ENDRET" = TO_TIMESTAMP('2019-10-02 08:50:38'), "ENDRET_AV" = 'Z990192', "VERSJON" = '1', "K_VILKAR_OPPFYLT_UT_T" = 'OPPFYLT', "K_VILKAR_STDBEGR" = 'STDBEGR_12_13_1_O_1', "VURDERING" = EMPTY_CLOB() where "VILKAR_VEDTAK_ID" = '20000400' and "DATO_OPPRETTET" = TO_TIMESTAMP('2019-10-02 08:50:04') and "OPPRETTET_AV" = 'Z990192' and "DATO_ENDRET" = TO_TIMESTAMP('2019-10-02 08:50:04') and "ENDRET_AV" = 'Z990192' and "VERSJON" = '0' and "K_VILKAR_OPPFYLT_UT_T" = 'OPPFYLT' and "K_VILKAR_STDBEGR" = 'STDBEGR_12_13_1_O_1'
update "PEN"."T_BEREGNING_VILKAR" set "VURDERING" = NULL, "MERKNAD_LISTE" = NULL where "DATO_OPPRETTET" = TO_TIMESTAMP('2019-10-02 08:50:04') and "OPPRETTET_AV" = 'Z990192' and "DATO_ENDRET" = TO_TIMESTAMP('2019-10-02 08:50:38') and "ENDRET_AV" = 'Z990192' and "VERSJON" = '2' and "VILKAR_VEDTAK_ID" = '20000400' and "INNTEKT" = '0' and "TIDSPUNKT" = TO_DATE('2019-08-01 00:00:00', 'YYYY-MM-DD HH24:MI:SS') and "K_VILKAR_STDBEGR" = 'STDBEGR_12_8_1_2'
update "PEN"."T_BEREGNING_VILKAR" set "DATO_OPPRETTET" = TO_TIMESTAMP('2019-10-02 08:50:04'), "OPPRETTET_AV" = 'Z990192', "DATO_ENDRET" = TO_TIMESTAMP('2019-10-02 08:50:38'), "ENDRET_AV" = 'Z990192', "VERSJON" = '2', "VILKAR_VEDTAK_ID" = '20000400', "INNTEKT" = '0', "TIDSPUNKT" = TO_DATE('2019-08-01 00:00:00', 'YYYY-MM-DD HH24:MI:SS'), "K_VILKAR_STDBEGR" = 'STDBEGR_12_8_1_2', "VURDERING" = EMPTY_CLOB(), "MERKNAD_LISTE" = EMPTY_CLOB() where "DATO_OPPRETTET" = TO_TIMESTAMP('2019-10-02 08:50:04') and "OPPRETTET_AV" = 'Z990192' and "DATO_ENDRET" = TO_TIMESTAMP('2019-10-02 08:50:14') and "ENDRET_AV" = 'Z990192' and "VERSJON" = '1' and "VILKAR_VEDTAK_ID" = '20000400' and "INNTEKT" = '0' and "TIDSPUNKT" = TO_DATE('2019-08-01 00:00:00', 'YYYY-MM-DD HH24:MI:SS') and "K_VILKAR_STDBEGR" = 'STDBEGR_12_8_1_2'
update "PEN"."T_BEREGNING_VILKAR" set "VURDERING" = NULL, "MERKNAD_LISTE" = NULL where "DATO_OPPRETTET" = TO_TIMESTAMP('2019-10-02 08:50:04') and "OPPRETTET_AV" = 'Z990192' and "DATO_ENDRET" = TO_TIMESTAMP('2019-10-02 08:50:38') and "ENDRET_AV" = 'Z990192' and "VERSJON" = '3' and "VILKAR_VEDTAK_ID" = '20000400' and "INNTEKT" = '500000' and "K_VILKAR_STDBEGR" = 'STDBEGR_12_8_2_2' and "ER_MINIMUMS_IFU" = '0' and "IFU_DATO" = TO_DATE('2019-01-01 00:00:00', 'YYYY-MM-DD HH24:MI:SS') and "K_MINIMUM_IFU_T" IS NULL and "ANGITT_INNTEKT" = '500000'
update "PEN"."T_BEREGNING_VILKAR" set "DATO_OPPRETTET" = TO_TIMESTAMP('2019-10-02 08:50:04'), "OPPRETTET_AV" = 'Z990192', "DATO_ENDRET" = TO_TIMESTAMP('2019-10-02 08:50:38'), "ENDRET_AV" = 'Z990192', "VERSJON" = '3', "VILKAR_VEDTAK_ID" = '20000400', "INNTEKT" = '500000', "K_VILKAR_STDBEGR" = 'STDBEGR_12_8_2_2', "VURDERING" = EMPTY_CLOB(), "ER_MINIMUMS_IFU" = '0', "IFU_DATO" = TO_DATE('2019-01-01 00:00:00', 'YYYY-MM-DD HH24:MI:SS'), "K_MINIMUM_IFU_T" = NULL, "ANGITT_INNTEKT" = '500000', "MERKNAD_LISTE" = EMPTY_CLOB() where "DATO_OPPRETTET" = TO_TIMESTAMP('2019-10-02 08:50:04') and "OPPRETTET_AV" = 'Z990192' and "DATO_ENDRET" = TO_TIMESTAMP('2019-10-02 08:50:14') and "ENDRET_AV" = 'Z990192' and "VERSJON" = '2' and "VILKAR_VEDTAK_ID" = '20000400' and "INNTEKT" = '500000' and "K_VILKAR_STDBEGR" = 'STDBEGR_12_8_2_2' and "ER_MINIMUMS_IFU" = '0' and "IFU_DATO" = TO_DATE('2019-01-01 00:00:00', 'YYYY-MM-DD HH24:MI:SS') and "K_MINIMUM_IFU_T" IS NULL and "ANGITT_INNTEKT" = '500000'
update "PEN"."T_BEREGNING_VILKAR" set "VURDERING" = NULL where "DATO_OPPRETTET" = TO_TIMESTAMP('2019-10-02 08:50:04') and "OPPRETTET_AV" = 'Z990192' and "DATO_ENDRET" = TO_TIMESTAMP('2019-10-02 08:50:38') and "ENDRET_AV" = 'Z990192' and "VERSJON" = '2' and "VILKAR_VEDTAK_ID" = '20000400' and "K_VILKAR_STDBEGR" = 'STDBEGR_12_9_1_1' and "GRAD" = '100'
update "PEN"."T_BEREGNING_VILKAR" set "DATO_OPPRETTET" = TO_TIMESTAMP('2019-10-02 08:50:04'), "OPPRETTET_AV" = 'Z990192', "DATO_ENDRET" = TO_TIMESTAMP('2019-10-02 08:50:38'), "ENDRET_AV" = 'Z990192', "VERSJON" = '2', "VILKAR_VEDTAK_ID" = '20000400', "K_VILKAR_STDBEGR" = 'STDBEGR_12_9_1_1', "VURDERING" = EMPTY_CLOB(), "GRAD" = '100', "ER_GARANTIGRAD" = NULL, "MERKNAD_LISTE" = EMPTY_CLOB() where "DATO_OPPRETTET" = TO_TIMESTAMP('2019-10-02 08:50:04') and "OPPRETTET_AV" = 'Z990192' and "DATO_ENDRET" = TO_TIMESTAMP('2019-10-02 08:50:14') and "ENDRET_AV" = 'Z990192' and "VERSJON" = '1' and "VILKAR_VEDTAK_ID" = '20000400' and "K_VILKAR_STDBEGR" IS NULL and "GRAD" = '100' and "ER_GARANTIGRAD" IS NULL
update "PEN"."T_BEREGNING_VILKAR" set "VURDERING" = NULL, "VURDERING_TT_PERIODER" = NULL, "MERKNAD_LISTE" = NULL where "DATO_OPPRETTET" = TO_TIMESTAMP('2019-10-02 08:50:04') and "OPPRETTET_AV" = 'Z990192' and "DATO_ENDRET" = TO_TIMESTAMP('2019-10-02 08:50:38') and "ENDRET_AV" = 'Z990192' and "VERSJON" = '1' and "VILKAR_VEDTAK_ID" = '20000400' and "TIDSPUNKT" = TO_DATE('2019-01-01 00:00:00', 'YYYY-MM-DD HH24:MI:SS') and "K_VILKAR_STDBEGR" = 'STDBEGR_12_7_1_3'
update "PEN"."T_BEREGNING_VILKAR" set "DATO_OPPRETTET" = TO_TIMESTAMP('2019-10-02 08:50:04'), "OPPRETTET_AV" = 'Z990192', "DATO_ENDRET" = TO_TIMESTAMP('2019-10-02 08:50:38'), "ENDRET_AV" = 'Z990192', "VERSJON" = '1', "VILKAR_VEDTAK_ID" = '20000400', "TIDSPUNKT" = TO_DATE('2019-01-01 00:00:00', 'YYYY-MM-DD HH24:MI:SS'), "K_VILKAR_STDBEGR" = 'STDBEGR_12_7_1_3', "VURDERING" = EMPTY_CLOB(), "VURDERING_TT_PERIODER" = EMPTY_CLOB(), "TIDLIGST_VURD_OPPTJENINGSAR" = NULL, "DATO_SIST_MEDL_FOLKETRYGD" = NULL, "MERKNAD_LISTE" = EMPTY_CLOB() where "DATO_OPPRETTET" = TO_TIMESTAMP('2019-10-02 08:50:04') and "OPPRETTET_AV" = 'Z990192' and "DATO_ENDRET" = TO_TIMESTAMP('2019-10-02 08:50:04') and "ENDRET_AV" = 'Z990192' and "VERSJON" = '0' and "VILKAR_VEDTAK_ID" = '20000400' and "TIDSPUNKT" = TO_DATE('2019-01-01 00:00:00', 'YYYY-MM-DD HH24:MI:SS') and "K_VILKAR_STDBEGR" = 'STDBEGR_12_7_1_3' and "TIDLIGST_VURD_OPPTJENINGSAR" IS NULL and "DATO_SIST_MEDL_FOLKETRYGD" IS NULL
update "PEN"."T_VILKAR_VEDTAK" set "MERKNAD_LISTE" = NULL, "MERKNAD_LISTE_PREG" = NULL where "KRAVLINJE_ID" = '20000800' and "DATO_OPPRETTET" = TO_TIMESTAMP('2019-10-02 08:48:00') and "OPPRETTET_AV" = 'Z990192' and "DATO_ENDRET" = TO_TIMESTAMP('2019-10-02 08:50:38') and "ENDRET_AV" = 'Z990192' and "ANBEFALT_RESULTAT" = 'VETIKKE' and "DATO_VIRK_FOM" = TO_DATE('2019-08-01 00:00:00', 'YYYY-MM-DD HH24:MI:SS') and "DATO_VIRK_TOM" = TO_DATE('2019-10-31 00:00:00', 'YYYY-MM-DD HH24:MI:SS') and "DATO_FORSTE_VIRK" = TO_DATE('2019-08-01 00:00:00', 'YYYY-MM-DD HH24:MI:SS') and "VERSJON" = '2' and "K_KRAVLINJE_T" = 'UT' and "VEDTAK_ID" = '20000600' and "PERSON_ID" = '20000800' and "K_VILK_RES_SPS_T" IS NULL and "K_VILK_VURD_T" IS NULL and "K_VILKAR_RESUL_T" = 'INNV' and "BEHANDL_PERIODE_ID" IS NULL and "VILKARSPROVRESULTAT" IS NULL and "BEGRUNNELSE" IS NULL and "ANBEFALT_BEGR" IS NULL and "OVERSTYRT_AV" IS NULL and "AVSLATT_KAP19" IS NULL and "AVSLATT_GARANTI_PEN" IS NULL and "UNNTAK_HALV_MINSTEPENSJON" IS NULL and "MOTREGNING" IS NULL and "VILKVEDTAK_UFORETRYGD_GRNL_ID" IS NULL and "VIDEREFORT" = '0'
update "PEN"."T_VILKAR_VEDTAK" set "KRAVLINJE_ID" = '20000800', "DATO_OPPRETTET" = TO_TIMESTAMP('2019-10-02 08:48:00'), "OPPRETTET_AV" = 'Z990192', "DATO_ENDRET" = TO_TIMESTAMP('2019-10-02 08:50:38'), "ENDRET_AV" = 'Z990192', "ANBEFALT_RESULTAT" = 'VETIKKE', "DATO_VIRK_FOM" = TO_DATE('2019-08-01 00:00:00', 'YYYY-MM-DD HH24:MI:SS'), "DATO_VIRK_TOM" = TO_DATE('2019-10-31 00:00:00', 'YYYY-MM-DD HH24:MI:SS'), "DATO_FORSTE_VIRK" = TO_DATE('2019-08-01 00:00:00', 'YYYY-MM-DD HH24:MI:SS'), "VERSJON" = '2', "K_KRAVLINJE_T" = 'UT', "VEDTAK_ID" = '20000600', "PERSON_ID" = '20000800', "K_VILK_RES_SPS_T" = NULL, "K_VILK_VURD_T" = NULL, "K_VILKAR_RESUL_T" = 'INNV', "BEHANDL_PERIODE_ID" = NULL, "VILKARSPROVRESULTAT" = NULL, "BEGRUNNELSE" = NULL, "ANBEFALT_BEGR" = NULL, "OVERSTYRT_AV" = NULL, "AVSLATT_KAP19" = NULL, "AVSLATT_GARANTI_PEN" = NULL, "UNNTAK_HALV_MINSTEPENSJON" = NULL, "MOTREGNING" = NULL, "VILKVEDTAK_UFORETRYGD_GRNL_ID" = NULL, "VIDEREFORT" = '0', "MERKNAD_LISTE" = EMPTY_CLOB(), "MERKNAD_LISTE_PREG" = EMPTY_CLOB() where "KRAVLINJE_ID" = '20000800' and "DATO_OPPRETTET" = TO_TIMESTAMP('2019-10-02 08:48:00') and "OPPRETTET_AV" = 'Z990192' and "DATO_ENDRET" = TO_TIMESTAMP('2019-10-02 08:48:00') and "ENDRET_AV" = 'Z990192' and "ANBEFALT_RESULTAT" = 'VETIKKE' and "DATO_VIRK_FOM" = TO_DATE('2019-08-01 00:00:00', 'YYYY-MM-DD HH24:MI:SS') and "DATO_VIRK_TOM" = TO_DATE('2019-10-31 00:00:00', 'YYYY-MM-DD HH24:MI:SS') and "DATO_FORSTE_VIRK" = TO_DATE('2019-08-01 00:00:00', 'YYYY-MM-DD HH24:MI:SS') and "VERSJON" = '1' and "K_KRAVLINJE_T" = 'UT' and "VEDTAK_ID" = '20000600' and "PERSON_ID" = '20000800' and "K_VILK_RES_SPS_T" IS NULL and "K_VILK_VURD_T" IS NULL and "K_VILKAR_RESUL_T" = 'VETIKKE' and "BEHANDL_PERIODE_ID" IS NULL and "VILKARSPROVRESULTAT" IS NULL and "BEGRUNNELSE" IS NULL and "ANBEFALT_BEGR" IS NULL and "OVERSTYRT_AV" IS NULL and "AVSLATT_KAP19" IS NULL and "AVSLATT_GARANTI_PEN" IS NULL and "UNNTAK_HALV_MINSTEPENSJON" IS NULL and "MOTREGNING" IS NULL and "VILKVEDTAK_UFORETRYGD_GRNL_ID" IS NULL and "VIDEREFORT" = '0'
insert into "PEN"."T_BEREGNING_VILKAR"("BEREGNING_VILKAR_ID","DATO_OPPRETTET","OPPRETTET_AV","DATO_ENDRET","ENDRET_AV","VERSJON","VILKAR_VEDTAK_ID","K_BEREGNING_VILKAR_T","K_FPP_GARANTI_T","INNTEKT","TIDSPUNKT","K_VILKAR_STDBEGR","VURDERING","GRAD","ER_MINIMUMS_IFU","IFU_DATO","ER_GARANTIGRAD","VURDERING_TT_PERIODER","TRYGDETID_ID","TIDLIGST_VURD_OPPTJENINGSAR","DATO_SIST_MEDL_FOLKETRYGD","K_MINIMUM_IFU_T","TIDLIGERE_GJP","K_YTELSE_VED_DOD","ARLIG_PG_I_MINST_1G","ANGITT_INNTEKT","MERKNAD_LISTE") values ('20000010',TO_TIMESTAMP('2019-10-02 08:50:43'),'Z990192',TO_TIMESTAMP('2019-10-02 08:50:43'),'Z990192','0','20000402','UFORETIDSPUNKT',NULL,NULL,TO_DATE('2019-01-01 00:00:00', 'YYYY-MM-DD HH24:MI:SS'),'STDBEGR_12_7_1_3',EMPTY_CLOB(),NULL,NULL,NULL,NULL,EMPTY_CLOB(),NULL,NULL,NULL,NULL,NULL,NULL,NULL,NULL,EMPTY_CLOB())
update "PEN"."T_BEREGNING_VILKAR" set "VURDERING" = NULL, "VURDERING_TT_PERIODER" = NULL, "MERKNAD_LISTE" = NULL where "BEREGNING_VILKAR_ID" = '20000010' and "DATO_OPPRETTET" = TO_TIMESTAMP('2019-10-02 08:50:43') and "OPPRETTET_AV" = 'Z990192' and "DATO_ENDRET" = TO_TIMESTAMP('2019-10-02 08:50:43') and "ENDRET_AV" = 'Z990192' and "VERSJON" = '0' and "VILKAR_VEDTAK_ID" = '20000402' and "K_BEREGNING_VILKAR_T" = 'UFORETIDSPUNKT' and "K_FPP_GARANTI_T" IS NULL and "INNTEKT" IS NULL and "TIDSPUNKT" = TO_DATE('2019-01-01 00:00:00', 'YYYY-MM-DD HH24:MI:SS') and "K_VILKAR_STDBEGR" = 'STDBEGR_12_7_1_3' and "GRAD" IS NULL and "ER_MINIMUMS_IFU" IS NULL and "IFU_DATO" IS NULL and "ER_GARANTIGRAD" IS NULL and "TRYGDETID_ID" IS NULL and "TIDLIGST_VURD_OPPTJENINGSAR" IS NULL and "DATO_SIST_MEDL_FOLKETRYGD" IS NULL and "K_MINIMUM_IFU_T" IS NULL and "TIDLIGERE_GJP" IS NULL and "K_YTELSE_VED_DOD" IS NULL and "ARLIG_PG_I_MINST_1G" IS NULL and "ANGITT_INNTEKT" IS NULL
insert into "PEN"."T_BEREGNING_VILKAR"("BEREGNING_VILKAR_ID","DATO_OPPRETTET","OPPRETTET_AV","DATO_ENDRET","ENDRET_AV","VERSJON","VILKAR_VEDTAK_ID","K_BEREGNING_VILKAR_T","K_FPP_GARANTI_T","INNTEKT","TIDSPUNKT","K_VILKAR_STDBEGR","VURDERING","GRAD","ER_MINIMUMS_IFU","IFU_DATO","ER_GARANTIGRAD","VURDERING_TT_PERIODER","TRYGDETID_ID","TIDLIGST_VURD_OPPTJENINGSAR","DATO_SIST_MEDL_FOLKETRYGD","K_MINIMUM_IFU_T","TIDLIGERE_GJP","K_YTELSE_VED_DOD","ARLIG_PG_I_MINST_1G","ANGITT_INNTEKT","MERKNAD_LISTE") values ('20000011',TO_TIMESTAMP('2019-10-02 08:50:43'),'Z990192',TO_TIMESTAMP('2019-10-02 08:50:43'),'Z990192','0','20000402','UFOREGRAD',NULL,NULL,NULL,'STDBEGR_12_9_1_1',EMPTY_CLOB(),'100',NULL,NULL,NULL,EMPTY_CLOB(),NULL,NULL,NULL,NULL,NULL,NULL,NULL,NULL,EMPTY_CLOB())
update "PEN"."T_BEREGNING_VILKAR" set "VURDERING" = NULL, "VURDERING_TT_PERIODER" = NULL where "BEREGNING_VILKAR_ID" = '20000011' and "DATO_OPPRETTET" = TO_TIMESTAMP('2019-10-02 08:50:43') and "OPPRETTET_AV" = 'Z990192' and "DATO_ENDRET" = TO_TIMESTAMP('2019-10-02 08:50:43') and "ENDRET_AV" = 'Z990192' and "VERSJON" = '0' and "VILKAR_VEDTAK_ID" = '20000402' and "K_BEREGNING_VILKAR_T" = 'UFOREGRAD' and "K_FPP_GARANTI_T" IS NULL and "INNTEKT" IS NULL and "TIDSPUNKT" IS NULL and "K_VILKAR_STDBEGR" = 'STDBEGR_12_9_1_1' and "GRAD" = '100' and "ER_MINIMUMS_IFU" IS NULL and "IFU_DATO" IS NULL and "ER_GARANTIGRAD" IS NULL and "TRYGDETID_ID" IS NULL and "TIDLIGST_VURD_OPPTJENINGSAR" IS NULL and "DATO_SIST_MEDL_FOLKETRYGD" IS NULL and "K_MINIMUM_IFU_T" IS NULL and "TIDLIGERE_GJP" IS NULL and "K_YTELSE_VED_DOD" IS NULL and "ARLIG_PG_I_MINST_1G" IS NULL and "ANGITT_INNTEKT" IS NULL
insert into "PEN"."T_BEREGNING_VILKAR"("BEREGNING_VILKAR_ID","DATO_OPPRETTET","OPPRETTET_AV","DATO_ENDRET","ENDRET_AV","VERSJON","VILKAR_VEDTAK_ID","K_BEREGNING_VILKAR_T","K_FPP_GARANTI_T","INNTEKT","TIDSPUNKT","K_VILKAR_STDBEGR","VURDERING","GRAD","ER_MINIMUMS_IFU","IFU_DATO","ER_GARANTIGRAD","VURDERING_TT_PERIODER","TRYGDETID_ID","TIDLIGST_VURD_OPPTJENINGSAR","DATO_SIST_MEDL_FOLKETRYGD","K_MINIMUM_IFU_T","TIDLIGERE_GJP","K_YTELSE_VED_DOD","ARLIG_PG_I_MINST_1G","ANGITT_INNTEKT","MERKNAD_LISTE") values ('20000012',TO_TIMESTAMP('2019-10-02 08:50:43'),'Z990192',TO_TIMESTAMP('2019-10-02 08:50:43'),'Z990192','0','20000402','INNTEKT_ETTER_UFOR',NULL,'0',TO_DATE('2019-08-01 00:00:00', 'YYYY-MM-DD HH24:MI:SS'),'STDBEGR_12_8_1_2',EMPTY_CLOB(),NULL,NULL,NULL,NULL,EMPTY_CLOB(),NULL,NULL,NULL,NULL,NULL,NULL,NULL,NULL,EMPTY_CLOB())
update "PEN"."T_BEREGNING_VILKAR" set "VURDERING" = NULL, "VURDERING_TT_PERIODER" = NULL, "MERKNAD_LISTE" = NULL where "BEREGNING_VILKAR_ID" = '20000012' and "DATO_OPPRETTET" = TO_TIMESTAMP('2019-10-02 08:50:43') and "OPPRETTET_AV" = 'Z990192' and "DATO_ENDRET" = TO_TIMESTAMP('2019-10-02 08:50:43') and "ENDRET_AV" = 'Z990192' and "VERSJON" = '0' and "VILKAR_VEDTAK_ID" = '20000402' and "K_BEREGNING_VILKAR_T" = 'INNTEKT_ETTER_UFOR' and "K_FPP_GARANTI_T" IS NULL and "INNTEKT" = '0' and "TIDSPUNKT" = TO_DATE('2019-08-01 00:00:00', 'YYYY-MM-DD HH24:MI:SS') and "K_VILKAR_STDBEGR" = 'STDBEGR_12_8_1_2' and "GRAD" IS NULL and "ER_MINIMUMS_IFU" IS NULL and "IFU_DATO" IS NULL and "ER_GARANTIGRAD" IS NULL and "TRYGDETID_ID" IS NULL and "TIDLIGST_VURD_OPPTJENINGSAR" IS NULL and "DATO_SIST_MEDL_FOLKETRYGD" IS NULL and "K_MINIMUM_IFU_T" IS NULL and "TIDLIGERE_GJP" IS NULL and "K_YTELSE_VED_DOD" IS NULL and "ARLIG_PG_I_MINST_1G" IS NULL and "ANGITT_INNTEKT" IS NULL
insert into "PEN"."T_BEREGNING_VILKAR"("BEREGNING_VILKAR_ID","DATO_OPPRETTET","OPPRETTET_AV","DATO_ENDRET","ENDRET_AV","VERSJON","VILKAR_VEDTAK_ID","K_BEREGNING_VILKAR_T","K_FPP_GARANTI_T","INNTEKT","TIDSPUNKT","K_VILKAR_STDBEGR","VURDERING","GRAD","ER_MINIMUMS_IFU","IFU_DATO","ER_GARANTIGRAD","VURDERING_TT_PERIODER","TRYGDETID_ID","TIDLIGST_VURD_OPPTJENINGSAR","DATO_SIST_MEDL_FOLKETRYGD","K_MINIMUM_IFU_T","TIDLIGERE_GJP","K_YTELSE_VED_DOD","ARLIG_PG_I_MINST_1G","ANGITT_INNTEKT","MERKNAD_LISTE") values ('20000013',TO_TIMESTAMP('2019-10-02 08:50:43'),'Z990192',TO_TIMESTAMP('2019-10-02 08:50:43'),'Z990192','0','20000402','INNTEKT_FOR_UFORHET',NULL,'500000',NULL,'STDBEGR_12_8_2_2',EMPTY_CLOB(),NULL,'0',TO_DATE('2019-01-01 00:00:00', 'YYYY-MM-DD HH24:MI:SS'),NULL,EMPTY_CLOB(),NULL,NULL,NULL,NULL,NULL,NULL,NULL,'500000',EMPTY_CLOB())
update "PEN"."T_BEREGNING_VILKAR" set "VURDERING" = NULL, "VURDERING_TT_PERIODER" = NULL, "MERKNAD_LISTE" = NULL where "BEREGNING_VILKAR_ID" = '20000013' and "DATO_OPPRETTET" = TO_TIMESTAMP('2019-10-02 08:50:43') and "OPPRETTET_AV" = 'Z990192' and "DATO_ENDRET" = TO_TIMESTAMP('2019-10-02 08:50:43') and "ENDRET_AV" = 'Z990192' and "VERSJON" = '0' and "VILKAR_VEDTAK_ID" = '20000402' and "K_BEREGNING_VILKAR_T" = 'INNTEKT_FOR_UFORHET' and "K_FPP_GARANTI_T" IS NULL and "INNTEKT" = '500000' and "TIDSPUNKT" IS NULL and "K_VILKAR_STDBEGR" = 'STDBEGR_12_8_2_2' and "GRAD" IS NULL and "ER_MINIMUMS_IFU" = '0' and "IFU_DATO" = TO_DATE('2019-01-01 00:00:00', 'YYYY-MM-DD HH24:MI:SS') and "ER_GARANTIGRAD" IS NULL and "TRYGDETID_ID" IS NULL and "TIDLIGST_VURD_OPPTJENINGSAR" IS NULL and "DATO_SIST_MEDL_FOLKETRYGD" IS NULL and "K_MINIMUM_IFU_T" IS NULL and "TIDLIGERE_GJP" IS NULL and "K_YTELSE_VED_DOD" IS NULL and "ARLIG_PG_I_MINST_1G" IS NULL and "ANGITT_INNTEKT" = '500000'
insert into "PEN"."T_BEREGNING_VILKAR"("BEREGNING_VILKAR_ID","DATO_OPPRETTET","OPPRETTET_AV","DATO_ENDRET","ENDRET_AV","VERSJON","VILKAR_VEDTAK_ID","K_BEREGNING_VILKAR_T","K_FPP_GARANTI_T","INNTEKT","TIDSPUNKT","K_VILKAR_STDBEGR","VURDERING","GRAD","ER_MINIMUMS_IFU","IFU_DATO","ER_GARANTIGRAD","VURDERING_TT_PERIODER","TRYGDETID_ID","TIDLIGST_VURD_OPPTJENINGSAR","DATO_SIST_MEDL_FOLKETRYGD","K_MINIMUM_IFU_T","TIDLIGERE_GJP","K_YTELSE_VED_DOD","ARLIG_PG_I_MINST_1G","ANGITT_INNTEKT","MERKNAD_LISTE") values ('20000014',TO_TIMESTAMP('2019-10-02 08:50:43'),'Z990192',TO_TIMESTAMP('2019-10-02 08:50:43'),'Z990192','0','20000402','VIRKNINGSTIDSPUNKT',NULL,NULL,NULL,'STDBEGR_22_12_1_11',EMPTY_CLOB(),NULL,NULL,NULL,NULL,EMPTY_CLOB(),NULL,NULL,NULL,NULL,NULL,NULL,NULL,NULL,EMPTY_CLOB())
update "PEN"."T_BEREGNING_VILKAR" set "VURDERING" = NULL, "VURDERING_TT_PERIODER" = NULL, "MERKNAD_LISTE" = NULL where "BEREGNING_VILKAR_ID" = '20000014' and "DATO_OPPRETTET" = TO_TIMESTAMP('2019-10-02 08:50:43') and "OPPRETTET_AV" = 'Z990192' and "DATO_ENDRET" = TO_TIMESTAMP('2019-10-02 08:50:43') and "ENDRET_AV" = 'Z990192' and "VERSJON" = '0' and "VILKAR_VEDTAK_ID" = '20000402' and "K_BEREGNING_VILKAR_T" = 'VIRKNINGSTIDSPUNKT' and "K_FPP_GARANTI_T" IS NULL and "INNTEKT" IS NULL and "TIDSPUNKT" IS NULL and "K_VILKAR_STDBEGR" = 'STDBEGR_22_12_1_11' and "GRAD" IS NULL and "ER_MINIMUMS_IFU" IS NULL and "IFU_DATO" IS NULL and "ER_GARANTIGRAD" IS NULL and "TRYGDETID_ID" IS NULL and "TIDLIGST_VURD_OPPTJENINGSAR" IS NULL and "DATO_SIST_MEDL_FOLKETRYGD" IS NULL and "K_MINIMUM_IFU_T" IS NULL and "TIDLIGERE_GJP" IS NULL and "K_YTELSE_VED_DOD" IS NULL and "ARLIG_PG_I_MINST_1G" IS NULL and "ANGITT_INNTEKT" IS NULL
insert into "PEN"."T_VILKAR"("VILKAR_ID","K_VILKAR_T","VILKAR_VEDTAK_ID","DATO_OPPRETTET","OPPRETTET_AV","DATO_ENDRET","ENDRET_AV","VERSJON","K_VILKAR_OPPFYLT_UT_T","K_VILKAR_STDBEGR","VURDERING","FORTSATT_MEDLEM_FT","MINST_TYVE_AR_BOTID_NORGE","OPPTJENT_RETT_TIL_TP_ETTER_FT","EKSPORT_FORBUD_ID","FRI_EKSPORT_PGA_YRKESSKADE","EKSPORTRETT_GARANTERT_TP","MINST_TRE_ARS_FM_NORGE","MINST_ETT_AR_FM_NORGE","UNNTAK_FRA_FORUTGAENDE_MEDL","OPPFYLLT_ETTER_GAMLE_REGLER","OPP_VED_SAMM_ID","EKSPORTRETT_ETTER_EOS_FORORDNI","EKSPORTRETT_ETTER_TRYGDEAVTALE","EKSPORTRETT_ETTER_ANDRE_TRYGDE","KONVERTERT","TT_VURDERING") values ('20000018','ALDER','20000402',TO_TIMESTAMP('2019-10-02 08:50:43'),'Z990192',TO_TIMESTAMP('2019-10-02 08:50:43'),'Z990192','0','OPPFYLT','STDBEGR_12_4_1_O_3',EMPTY_CLOB(),NULL,NULL,NULL,NULL,NULL,NULL,NULL,NULL,NULL,NULL,NULL,NULL,NULL,NULL,NULL,EMPTY_CLOB())
update "PEN"."T_VILKAR" set "VURDERING" = NULL, "TT_VURDERING" = NULL where "VILKAR_ID" = '20000018' and "K_VILKAR_T" = 'ALDER' and "VILKAR_VEDTAK_ID" = '20000402' and "DATO_OPPRETTET" = TO_TIMESTAMP('2019-10-02 08:50:43') and "OPPRETTET_AV" = 'Z990192' and "DATO_ENDRET" = TO_TIMESTAMP('2019-10-02 08:50:43') and "ENDRET_AV" = 'Z990192' and "VERSJON" = '0' and "K_VILKAR_OPPFYLT_UT_T" = 'OPPFYLT' and "K_VILKAR_STDBEGR" = 'STDBEGR_12_4_1_O_3' and "FORTSATT_MEDLEM_FT" IS NULL and "MINST_TYVE_AR_BOTID_NORGE" IS NULL and "OPPTJENT_RETT_TIL_TP_ETTER_FT" IS NULL and "EKSPORT_FORBUD_ID" IS NULL and "FRI_EKSPORT_PGA_YRKESSKADE" IS NULL and "EKSPORTRETT_GARANTERT_TP" IS NULL and "MINST_TRE_ARS_FM_NORGE" IS NULL and "MINST_ETT_AR_FM_NORGE" IS NULL and "UNNTAK_FRA_FORUTGAENDE_MEDL" IS NULL and "OPPFYLLT_ETTER_GAMLE_REGLER" IS NULL and "OPP_VED_SAMM_ID" IS NULL and "EKSPORTRETT_ETTER_EOS_FORORDNI" IS NULL and "EKSPORTRETT_ETTER_TRYGDEAVTALE" IS NULL and "EKSPORTRETT_ETTER_ANDRE_TRYGDE" IS NULL and "KONVERTERT" IS NULL
insert into "PEN"."T_VILKAR"("VILKAR_ID","K_VILKAR_T","VILKAR_VEDTAK_ID","DATO_OPPRETTET","OPPRETTET_AV","DATO_ENDRET","ENDRET_AV","VERSJON","K_VILKAR_OPPFYLT_UT_T","K_VILKAR_STDBEGR","VURDERING","FORTSATT_MEDLEM_FT","MINST_TYVE_AR_BOTID_NORGE","OPPTJENT_RETT_TIL_TP_ETTER_FT","EKSPORT_FORBUD_ID","FRI_EKSPORT_PGA_YRKESSKADE","EKSPORTRETT_GARANTERT_TP","MINST_TRE_ARS_FM_NORGE","MINST_ETT_AR_FM_NORGE","UNNTAK_FRA_FORUTGAENDE_MEDL","OPPFYLLT_ETTER_GAMLE_REGLER","OPP_VED_SAMM_ID","EKSPORTRETT_ETTER_EOS_FORORDNI","EKSPORTRETT_ETTER_TRYGDEAVTALE","EKSPORTRETT_ETTER_ANDRE_TRYGDE","KONVERTERT","TT_VURDERING") values ('20000019','FORTSATT_MEDL','20000402',TO_TIMESTAMP('2019-10-02 08:50:43'),'Z990192',TO_TIMESTAMP('2019-10-02 08:50:43'),'Z990192','0','OPPFYLT','STDBEGR_12_3_1_O_1',EMPTY_CLOB(),'1',NULL,NULL,NULL,NULL,NULL,NULL,NULL,NULL,NULL,NULL,NULL,NULL,NULL,NULL,EMPTY_CLOB())
update "PEN"."T_VILKAR" set "VURDERING" = NULL, "TT_VURDERING" = NULL where "VILKAR_ID" = '20000019' and "K_VILKAR_T" = 'FORTSATT_MEDL' and "VILKAR_VEDTAK_ID" = '20000402' and "DATO_OPPRETTET" = TO_TIMESTAMP('2019-10-02 08:50:43') and "OPPRETTET_AV" = 'Z990192' and "DATO_ENDRET" = TO_TIMESTAMP('2019-10-02 08:50:43') and "ENDRET_AV" = 'Z990192' and "VERSJON" = '0' and "K_VILKAR_OPPFYLT_UT_T" = 'OPPFYLT' and "K_VILKAR_STDBEGR" = 'STDBEGR_12_3_1_O_1' and "FORTSATT_MEDLEM_FT" = '1' and "MINST_TYVE_AR_BOTID_NORGE" IS NULL and "OPPTJENT_RETT_TIL_TP_ETTER_FT" IS NULL and "EKSPORT_FORBUD_ID" IS NULL and "FRI_EKSPORT_PGA_YRKESSKADE" IS NULL and "EKSPORTRETT_GARANTERT_TP" IS NULL and "MINST_TRE_ARS_FM_NORGE" IS NULL and "MINST_ETT_AR_FM_NORGE" IS NULL and "UNNTAK_FRA_FORUTGAENDE_MEDL" IS NULL and "OPPFYLLT_ETTER_GAMLE_REGLER" IS NULL and "OPP_VED_SAMM_ID" IS NULL and "EKSPORTRETT_ETTER_EOS_FORORDNI" IS NULL and "EKSPORTRETT_ETTER_TRYGDEAVTALE" IS NULL and "EKSPORTRETT_ETTER_ANDRE_TRYGDE" IS NULL and "KONVERTERT" IS NULL
insert into "PEN"."T_VILKAR"("VILKAR_ID","K_VILKAR_T","VILKAR_VEDTAK_ID","DATO_OPPRETTET","OPPRETTET_AV","DATO_ENDRET","ENDRET_AV","VERSJON","K_VILKAR_OPPFYLT_UT_T","K_VILKAR_STDBEGR","VURDERING","FORTSATT_MEDLEM_FT","MINST_TYVE_AR_BOTID_NORGE","OPPTJENT_RETT_TIL_TP_ETTER_FT","EKSPORT_FORBUD_ID","FRI_EKSPORT_PGA_YRKESSKADE","EKSPORTRETT_GARANTERT_TP","MINST_TRE_ARS_FM_NORGE","MINST_ETT_AR_FM_NORGE","UNNTAK_FRA_FORUTGAENDE_MEDL","OPPFYLLT_ETTER_GAMLE_REGLER","OPP_VED_SAMM_ID","EKSPORTRETT_ETTER_EOS_FORORDNI","EKSPORTRETT_ETTER_TRYGDEAVTALE","EKSPORTRETT_ETTER_ANDRE_TRYGDE","KONVERTERT","TT_VURDERING") values ('20000020','FORUT_MEDL','20000402',TO_TIMESTAMP('2019-10-02 08:50:43'),'Z990192',TO_TIMESTAMP('2019-10-02 08:50:43'),'Z990192','0','OPPFYLT','STDBEGR_12_2_1_O_1',EMPTY_CLOB(),NULL,NULL,NULL,NULL,NULL,NULL,'1','1',NULL,NULL,NULL,NULL,NULL,NULL,NULL,EMPTY_CLOB())
update "PEN"."T_VILKAR" set "VURDERING" = NULL, "TT_VURDERING" = NULL where "VILKAR_ID" = '20000020' and "K_VILKAR_T" = 'FORUT_MEDL' and "VILKAR_VEDTAK_ID" = '20000402' and "DATO_OPPRETTET" = TO_TIMESTAMP('2019-10-02 08:50:43') and "OPPRETTET_AV" = 'Z990192' and "DATO_ENDRET" = TO_TIMESTAMP('2019-10-02 08:50:43') and "ENDRET_AV" = 'Z990192' and "VERSJON" = '0' and "K_VILKAR_OPPFYLT_UT_T" = 'OPPFYLT' and "K_VILKAR_STDBEGR" = 'STDBEGR_12_2_1_O_1' and "FORTSATT_MEDLEM_FT" IS NULL and "MINST_TYVE_AR_BOTID_NORGE" IS NULL and "OPPTJENT_RETT_TIL_TP_ETTER_FT" IS NULL and "EKSPORT_FORBUD_ID" IS NULL and "FRI_EKSPORT_PGA_YRKESSKADE" IS NULL and "EKSPORTRETT_GARANTERT_TP" IS NULL and "MINST_TRE_ARS_FM_NORGE" = '1' and "MINST_ETT_AR_FM_NORGE" = '1' and "UNNTAK_FRA_FORUTGAENDE_MEDL" IS NULL and "OPPFYLLT_ETTER_GAMLE_REGLER" IS NULL and "OPP_VED_SAMM_ID" IS NULL and "EKSPORTRETT_ETTER_EOS_FORORDNI" IS NULL and "EKSPORTRETT_ETTER_TRYGDEAVTALE" IS NULL and "EKSPORTRETT_ETTER_ANDRE_TRYGDE" IS NULL and "KONVERTERT" IS NULL
insert into "PEN"."T_VILKAR"("VILKAR_ID","K_VILKAR_T","VILKAR_VEDTAK_ID","DATO_OPPRETTET","OPPRETTET_AV","DATO_ENDRET","ENDRET_AV","VERSJON","K_VILKAR_OPPFYLT_UT_T","K_VILKAR_STDBEGR","VURDERING","FORTSATT_MEDLEM_FT","MINST_TYVE_AR_BOTID_NORGE","OPPTJENT_RETT_TIL_TP_ETTER_FT","EKSPORT_FORBUD_ID","FRI_EKSPORT_PGA_YRKESSKADE","EKSPORTRETT_GARANTERT_TP","MINST_TRE_ARS_FM_NORGE","MINST_ETT_AR_FM_NORGE","UNNTAK_FRA_FORUTGAENDE_MEDL","OPPFYLLT_ETTER_GAMLE_REGLER","OPP_VED_SAMM_ID","EKSPORTRETT_ETTER_EOS_FORORDNI","EKSPORTRETT_ETTER_TRYGDEAVTALE","EKSPORTRETT_ETTER_ANDRE_TRYGDE","KONVERTERT","TT_VURDERING") values ('20000021','GARANTERTUNGUFOR','20000402',TO_TIMESTAMP('2019-10-02 08:50:43'),'Z990192',TO_TIMESTAMP('2019-10-02 08:50:43'),'Z990192','0','OPPFYLT','STDBEGR_12_13_1_O_1',EMPTY_CLOB(),NULL,NULL,NULL,NULL,NULL,NULL,NULL,NULL,NULL,NULL,NULL,NULL,NULL,NULL,NULL,EMPTY_CLOB())
update "PEN"."T_VILKAR" set "VURDERING" = NULL, "TT_VURDERING" = NULL where "VILKAR_ID" = '20000021' and "K_VILKAR_T" = 'GARANTERTUNGUFOR' and "VILKAR_VEDTAK_ID" = '20000402' and "DATO_OPPRETTET" = TO_TIMESTAMP('2019-10-02 08:50:43') and "OPPRETTET_AV" = 'Z990192' and "DATO_ENDRET" = TO_TIMESTAMP('2019-10-02 08:50:43') and "ENDRET_AV" = 'Z990192' and "VERSJON" = '0' and "K_VILKAR_OPPFYLT_UT_T" = 'OPPFYLT' and "K_VILKAR_STDBEGR" = 'STDBEGR_12_13_1_O_1' and "FORTSATT_MEDLEM_FT" IS NULL and "MINST_TYVE_AR_BOTID_NORGE" IS NULL and "OPPTJENT_RETT_TIL_TP_ETTER_FT" IS NULL and "EKSPORT_FORBUD_ID" IS NULL and "FRI_EKSPORT_PGA_YRKESSKADE" IS NULL and "EKSPORTRETT_GARANTERT_TP" IS NULL and "MINST_TRE_ARS_FM_NORGE" IS NULL and "MINST_ETT_AR_FM_NORGE" IS NULL and "UNNTAK_FRA_FORUTGAENDE_MEDL" IS NULL and "OPPFYLLT_ETTER_GAMLE_REGLER" IS NULL and "OPP_VED_SAMM_ID" IS NULL and "EKSPORTRETT_ETTER_EOS_FORORDNI" IS NULL and "EKSPORTRETT_ETTER_TRYGDEAVTALE" IS NULL and "EKSPORTRETT_ETTER_ANDRE_TRYGDE" IS NULL and "KONVERTERT" IS NULL
insert into "PEN"."T_VILKAR"("VILKAR_ID","K_VILKAR_T","VILKAR_VEDTAK_ID","DATO_OPPRETTET","OPPRETTET_AV","DATO_ENDRET","ENDRET_AV","VERSJON","K_VILKAR_OPPFYLT_UT_T","K_VILKAR_STDBEGR","VURDERING","FORTSATT_MEDLEM_FT","MINST_TYVE_AR_BOTID_NORGE","OPPTJENT_RETT_TIL_TP_ETTER_FT","EKSPORT_FORBUD_ID","FRI_EKSPORT_PGA_YRKESSKADE","EKSPORTRETT_GARANTERT_TP","MINST_TRE_ARS_FM_NORGE","MINST_ETT_AR_FM_NORGE","UNNTAK_FRA_FORUTGAENDE_MEDL","OPPFYLLT_ETTER_GAMLE_REGLER","OPP_VED_SAMM_ID","EKSPORTRETT_ETTER_EOS_FORORDNI","EKSPORTRETT_ETTER_TRYGDEAVTALE","EKSPORTRETT_ETTER_ANDRE_TRYGDE","KONVERTERT","TT_VURDERING") values ('20000022','HENSIKTSMESSIG_BEH','20000402',TO_TIMESTAMP('2019-10-02 08:50:43'),'Z990192',TO_TIMESTAMP('2019-10-02 08:50:43'),'Z990192','0','OPPFYLT','STDBEGR_12_5_1_O_2',EMPTY_CLOB(),NULL,NULL,NULL,NULL,NULL,NULL,NULL,NULL,NULL,NULL,NULL,NULL,NULL,NULL,NULL,EMPTY_CLOB())
update "PEN"."T_VILKAR" set "VURDERING" = NULL, "TT_VURDERING" = NULL where "VILKAR_ID" = '20000022' and "K_VILKAR_T" = 'HENSIKTSMESSIG_BEH' and "VILKAR_VEDTAK_ID" = '20000402' and "DATO_OPPRETTET" = TO_TIMESTAMP('2019-10-02 08:50:43') and "OPPRETTET_AV" = 'Z990192' and "DATO_ENDRET" = TO_TIMESTAMP('2019-10-02 08:50:43') and "ENDRET_AV" = 'Z990192' and "VERSJON" = '0' and "K_VILKAR_OPPFYLT_UT_T" = 'OPPFYLT' and "K_VILKAR_STDBEGR" = 'STDBEGR_12_5_1_O_2' and "FORTSATT_MEDLEM_FT" IS NULL and "MINST_TYVE_AR_BOTID_NORGE" IS NULL and "OPPTJENT_RETT_TIL_TP_ETTER_FT" IS NULL and "EKSPORT_FORBUD_ID" IS NULL and "FRI_EKSPORT_PGA_YRKESSKADE" IS NULL and "EKSPORTRETT_GARANTERT_TP" IS NULL and "MINST_TRE_ARS_FM_NORGE" IS NULL and "MINST_ETT_AR_FM_NORGE" IS NULL and "UNNTAK_FRA_FORUTGAENDE_MEDL" IS NULL and "OPPFYLLT_ETTER_GAMLE_REGLER" IS NULL and "OPP_VED_SAMM_ID" IS NULL and "EKSPORTRETT_ETTER_EOS_FORORDNI" IS NULL and "EKSPORTRETT_ETTER_TRYGDEAVTALE" IS NULL and "EKSPORTRETT_ETTER_ANDRE_TRYGDE" IS NULL and "KONVERTERT" IS NULL
insert into "PEN"."T_VILKAR"("VILKAR_ID","K_VILKAR_T","VILKAR_VEDTAK_ID","DATO_OPPRETTET","OPPRETTET_AV","DATO_ENDRET","ENDRET_AV","VERSJON","K_VILKAR_OPPFYLT_UT_T","K_VILKAR_STDBEGR","VURDERING","FORTSATT_MEDLEM_FT","MINST_TYVE_AR_BOTID_NORGE","OPPTJENT_RETT_TIL_TP_ETTER_FT","EKSPORT_FORBUD_ID","FRI_EKSPORT_PGA_YRKESSKADE","EKSPORTRETT_GARANTERT_TP","MINST_TRE_ARS_FM_NORGE","MINST_ETT_AR_FM_NORGE","UNNTAK_FRA_FORUTGAENDE_MEDL","OPPFYLLT_ETTER_GAMLE_REGLER","OPP_VED_SAMM_ID","EKSPORTRETT_ETTER_EOS_FORORDNI","EKSPORTRETT_ETTER_TRYGDEAVTALE","EKSPORTRETT_ETTER_ANDRE_TRYGDE","KONVERTERT","TT_VURDERING") values ('20000023','HENS_ARBRETT_TILTAK','20000402',TO_TIMESTAMP('2019-10-02 08:50:43'),'Z990192',TO_TIMESTAMP('2019-10-02 08:50:43'),'Z990192','0','OPPFYLT','STDBEGR_12_5_2_O_2',EMPTY_CLOB(),NULL,NULL,NULL,NULL,NULL,NULL,NULL,NULL,NULL,NULL,NULL,NULL,NULL,NULL,NULL,EMPTY_CLOB())
update "PEN"."T_VILKAR" set "VURDERING" = NULL, "TT_VURDERING" = NULL where "VILKAR_ID" = '20000023' and "K_VILKAR_T" = 'HENS_ARBRETT_TILTAK' and "VILKAR_VEDTAK_ID" = '20000402' and "DATO_OPPRETTET" = TO_TIMESTAMP('2019-10-02 08:50:43') and "OPPRETTET_AV" = 'Z990192' and "DATO_ENDRET" = TO_TIMESTAMP('2019-10-02 08:50:43') and "ENDRET_AV" = 'Z990192' and "VERSJON" = '0' and "K_VILKAR_OPPFYLT_UT_T" = 'OPPFYLT' and "K_VILKAR_STDBEGR" = 'STDBEGR_12_5_2_O_2' and "FORTSATT_MEDLEM_FT" IS NULL and "MINST_TYVE_AR_BOTID_NORGE" IS NULL and "OPPTJENT_RETT_TIL_TP_ETTER_FT" IS NULL and "EKSPORT_FORBUD_ID" IS NULL and "FRI_EKSPORT_PGA_YRKESSKADE" IS NULL and "EKSPORTRETT_GARANTERT_TP" IS NULL and "MINST_TRE_ARS_FM_NORGE" IS NULL and "MINST_ETT_AR_FM_NORGE" IS NULL and "UNNTAK_FRA_FORUTGAENDE_MEDL" IS NULL and "OPPFYLLT_ETTER_GAMLE_REGLER" IS NULL and "OPP_VED_SAMM_ID" IS NULL and "EKSPORTRETT_ETTER_EOS_FORORDNI" IS NULL and "EKSPORTRETT_ETTER_TRYGDEAVTALE" IS NULL and "EKSPORTRETT_ETTER_ANDRE_TRYGDE" IS NULL and "KONVERTERT" IS NULL
insert into "PEN"."T_VILKAR"("VILKAR_ID","K_VILKAR_T","VILKAR_VEDTAK_ID","DATO_OPPRETTET","OPPRETTET_AV","DATO_ENDRET","ENDRET_AV","VERSJON","K_VILKAR_OPPFYLT_UT_T","K_VILKAR_STDBEGR","VURDERING","FORTSATT_MEDLEM_FT","MINST_TYVE_AR_BOTID_NORGE","OPPTJENT_RETT_TIL_TP_ETTER_FT","EKSPORT_FORBUD_ID","FRI_EKSPORT_PGA_YRKESSKADE","EKSPORTRETT_GARANTERT_TP","MINST_TRE_ARS_FM_NORGE","MINST_ETT_AR_FM_NORGE","UNNTAK_FRA_FORUTGAENDE_MEDL","OPPFYLLT_ETTER_GAMLE_REGLER","OPP_VED_SAMM_ID","EKSPORTRETT_ETTER_EOS_FORORDNI","EKSPORTRETT_ETTER_TRYGDEAVTALE","EKSPORTRETT_ETTER_ANDRE_TRYGDE","KONVERTERT","TT_VURDERING") values ('20000024','NEDSATT_INNT_EVNE','20000402',TO_TIMESTAMP('2019-10-02 08:50:43'),'Z990192',TO_TIMESTAMP('2019-10-02 08:50:43'),'Z990192','0','OPPFYLT','STDBEGR_12_7_2_O_2',EMPTY_CLOB(),NULL,NULL,NULL,NULL,NULL,NULL,NULL,NULL,NULL,NULL,NULL,NULL,NULL,NULL,NULL,EMPTY_CLOB())
update "PEN"."T_VILKAR" set "VURDERING" = NULL, "TT_VURDERING" = NULL where "VILKAR_ID" = '20000024' and "K_VILKAR_T" = 'NEDSATT_INNT_EVNE' and "VILKAR_VEDTAK_ID" = '20000402' and "DATO_OPPRETTET" = TO_TIMESTAMP('2019-10-02 08:50:43') and "OPPRETTET_AV" = 'Z990192' and "DATO_ENDRET" = TO_TIMESTAMP('2019-10-02 08:50:43') and "ENDRET_AV" = 'Z990192' and "VERSJON" = '0' and "K_VILKAR_OPPFYLT_UT_T" = 'OPPFYLT' and "K_VILKAR_STDBEGR" = 'STDBEGR_12_7_2_O_2' and "FORTSATT_MEDLEM_FT" IS NULL and "MINST_TYVE_AR_BOTID_NORGE" IS NULL and "OPPTJENT_RETT_TIL_TP_ETTER_FT" IS NULL and "EKSPORT_FORBUD_ID" IS NULL and "FRI_EKSPORT_PGA_YRKESSKADE" IS NULL and "EKSPORTRETT_GARANTERT_TP" IS NULL and "MINST_TRE_ARS_FM_NORGE" IS NULL and "MINST_ETT_AR_FM_NORGE" IS NULL and "UNNTAK_FRA_FORUTGAENDE_MEDL" IS NULL and "OPPFYLLT_ETTER_GAMLE_REGLER" IS NULL and "OPP_VED_SAMM_ID" IS NULL and "EKSPORTRETT_ETTER_EOS_FORORDNI" IS NULL and "EKSPORTRETT_ETTER_TRYGDEAVTALE" IS NULL and "EKSPORTRETT_ETTER_ANDRE_TRYGDE" IS NULL and "KONVERTERT" IS NULL
insert into "PEN"."T_VILKAR"("VILKAR_ID","K_VILKAR_T","VILKAR_VEDTAK_ID","DATO_OPPRETTET","OPPRETTET_AV","DATO_ENDRET","ENDRET_AV","VERSJON","K_VILKAR_OPPFYLT_UT_T","K_VILKAR_STDBEGR","VURDERING","FORTSATT_MEDLEM_FT","MINST_TYVE_AR_BOTID_NORGE","OPPTJENT_RETT_TIL_TP_ETTER_FT","EKSPORT_FORBUD_ID","FRI_EKSPORT_PGA_YRKESSKADE","EKSPORTRETT_GARANTERT_TP","MINST_TRE_ARS_FM_NORGE","MINST_ETT_AR_FM_NORGE","UNNTAK_FRA_FORUTGAENDE_MEDL","OPPFYLLT_ETTER_GAMLE_REGLER","OPP_VED_SAMM_ID","EKSPORTRETT_ETTER_EOS_FORORDNI","EKSPORTRETT_ETTER_TRYGDEAVTALE","EKSPORTRETT_ETTER_ANDRE_TRYGDE","KONVERTERT","TT_VURDERING") values ('20000025','SYKDOM_SKADE_LYTE','20000402',TO_TIMESTAMP('2019-10-02 08:50:43'),'Z990192',TO_TIMESTAMP('2019-10-02 08:50:43'),'Z990192','0','OPPFYLT','STDBEGR_12_6_1_O_2',EMPTY_CLOB(),NULL,NULL,NULL,NULL,NULL,NULL,NULL,NULL,NULL,NULL,NULL,NULL,NULL,NULL,NULL,EMPTY_CLOB())
update "PEN"."T_VILKAR" set "VURDERING" = NULL, "TT_VURDERING" = NULL where "VILKAR_ID" = '20000025' and "K_VILKAR_T" = 'SYKDOM_SKADE_LYTE' and "VILKAR_VEDTAK_ID" = '20000402' and "DATO_OPPRETTET" = TO_TIMESTAMP('2019-10-02 08:50:43') and "OPPRETTET_AV" = 'Z990192' and "DATO_ENDRET" = TO_TIMESTAMP('2019-10-02 08:50:43') and "ENDRET_AV" = 'Z990192' and "VERSJON" = '0' and "K_VILKAR_OPPFYLT_UT_T" = 'OPPFYLT' and "K_VILKAR_STDBEGR" = 'STDBEGR_12_6_1_O_2' and "FORTSATT_MEDLEM_FT" IS NULL and "MINST_TYVE_AR_BOTID_NORGE" IS NULL and "OPPTJENT_RETT_TIL_TP_ETTER_FT" IS NULL and "EKSPORT_FORBUD_ID" IS NULL and "FRI_EKSPORT_PGA_YRKESSKADE" IS NULL and "EKSPORTRETT_GARANTERT_TP" IS NULL and "MINST_TRE_ARS_FM_NORGE" IS NULL and "MINST_ETT_AR_FM_NORGE" IS NULL and "UNNTAK_FRA_FORUTGAENDE_MEDL" IS NULL and "OPPFYLLT_ETTER_GAMLE_REGLER" IS NULL and "OPP_VED_SAMM_ID" IS NULL and "EKSPORTRETT_ETTER_EOS_FORORDNI" IS NULL and "EKSPORTRETT_ETTER_TRYGDEAVTALE" IS NULL and "EKSPORTRETT_ETTER_ANDRE_TRYGDE" IS NULL and "KONVERTERT" IS NULL
insert into "PEN"."T_VILKAR"("VILKAR_ID","K_VILKAR_T","VILKAR_VEDTAK_ID","DATO_OPPRETTET","OPPRETTET_AV","DATO_ENDRET","ENDRET_AV","VERSJON","K_VILKAR_OPPFYLT_UT_T","K_VILKAR_STDBEGR","VURDERING","FORTSATT_MEDLEM_FT","MINST_TYVE_AR_BOTID_NORGE","OPPTJENT_RETT_TIL_TP_ETTER_FT","EKSPORT_FORBUD_ID","FRI_EKSPORT_PGA_YRKESSKADE","EKSPORTRETT_GARANTERT_TP","MINST_TRE_ARS_FM_NORGE","MINST_ETT_AR_FM_NORGE","UNNTAK_FRA_FORUTGAENDE_MEDL","OPPFYLLT_ETTER_GAMLE_REGLER","OPP_VED_SAMM_ID","EKSPORTRETT_ETTER_EOS_FORORDNI","EKSPORTRETT_ETTER_TRYGDEAVTALE","EKSPORTRETT_ETTER_ANDRE_TRYGDE","KONVERTERT","TT_VURDERING") values ('20000026','YRKESSKADE','20000402',TO_TIMESTAMP('2019-10-02 08:50:43'),'Z990192',TO_TIMESTAMP('2019-10-02 08:50:43'),'Z990192','0','IKKE_OPPFYLT','STDBEGR_12_17_1_I_1',EMPTY_CLOB(),NULL,NULL,NULL,NULL,NULL,NULL,NULL,NULL,NULL,NULL,NULL,NULL,NULL,NULL,NULL,EMPTY_CLOB())
update "PEN"."T_VILKAR" set "VURDERING" = NULL, "TT_VURDERING" = NULL where "VILKAR_ID" = '20000026' and "K_VILKAR_T" = 'YRKESSKADE' and "VILKAR_VEDTAK_ID" = '20000402' and "DATO_OPPRETTET" = TO_TIMESTAMP('2019-10-02 08:50:43') and "OPPRETTET_AV" = 'Z990192' and "DATO_ENDRET" = TO_TIMESTAMP('2019-10-02 08:50:43') and "ENDRET_AV" = 'Z990192' and "VERSJON" = '0' and "K_VILKAR_OPPFYLT_UT_T" = 'IKKE_OPPFYLT' and "K_VILKAR_STDBEGR" = 'STDBEGR_12_17_1_I_1' and "FORTSATT_MEDLEM_FT" IS NULL and "MINST_TYVE_AR_BOTID_NORGE" IS NULL and "OPPTJENT_RETT_TIL_TP_ETTER_FT" IS NULL and "EKSPORT_FORBUD_ID" IS NULL and "FRI_EKSPORT_PGA_YRKESSKADE" IS NULL and "EKSPORTRETT_GARANTERT_TP" IS NULL and "MINST_TRE_ARS_FM_NORGE" IS NULL and "MINST_ETT_AR_FM_NORGE" IS NULL and "UNNTAK_FRA_FORUTGAENDE_MEDL" IS NULL and "OPPFYLLT_ETTER_GAMLE_REGLER" IS NULL and "OPP_VED_SAMM_ID" IS NULL and "EKSPORTRETT_ETTER_EOS_FORORDNI" IS NULL and "EKSPORTRETT_ETTER_TRYGDEAVTALE" IS NULL and "EKSPORTRETT_ETTER_ANDRE_TRYGDE" IS NULL and "KONVERTERT" IS NULL
update "PEN"."T_VILKAR_VEDTAK" set "MERKNAD_LISTE" = NULL, "MERKNAD_LISTE_PREG" = NULL where "KRAVLINJE_ID" = '20000800' and "DATO_OPPRETTET" = TO_TIMESTAMP('2019-10-02 08:48:00') and "OPPRETTET_AV" = 'Z990192' and "DATO_ENDRET" = TO_TIMESTAMP('2019-10-02 08:50:43') and "ENDRET_AV" = 'Z990192' and "ANBEFALT_RESULTAT" = 'VETIKKE' and "DATO_VIRK_FOM" = TO_DATE('2019-11-01 00:00:00', 'YYYY-MM-DD HH24:MI:SS') and "DATO_VIRK_TOM" IS NULL and "DATO_FORSTE_VIRK" = TO_DATE('2019-08-01 00:00:00', 'YYYY-MM-DD HH24:MI:SS') and "VERSJON" = '2' and "K_KRAVLINJE_T" = 'UT' and "VEDTAK_ID" = '20000600' and "PERSON_ID" = '20000800' and "K_VILK_RES_SPS_T" IS NULL and "K_VILK_VURD_T" IS NULL and "K_VILKAR_RESUL_T" = 'INNV' and "BEHANDL_PERIODE_ID" IS NULL and "VILKARSPROVRESULTAT" IS NULL and "BEGRUNNELSE" IS NULL and "ANBEFALT_BEGR" IS NULL and "OVERSTYRT_AV" IS NULL and "AVSLATT_KAP19" IS NULL and "AVSLATT_GARANTI_PEN" IS NULL and "UNNTAK_HALV_MINSTEPENSJON" IS NULL and "MOTREGNING" IS NULL and "VILKVEDTAK_UFORETRYGD_GRNL_ID" IS NULL and "VIDEREFORT" = '1'
update "PEN"."T_VILKAR_VEDTAK" set "KRAVLINJE_ID" = '20000800', "DATO_OPPRETTET" = TO_TIMESTAMP('2019-10-02 08:48:00'), "OPPRETTET_AV" = 'Z990192', "DATO_ENDRET" = TO_TIMESTAMP('2019-10-02 08:50:43'), "ENDRET_AV" = 'Z990192', "ANBEFALT_RESULTAT" = 'VETIKKE', "DATO_VIRK_FOM" = TO_DATE('2019-11-01 00:00:00', 'YYYY-MM-DD HH24:MI:SS'), "DATO_VIRK_TOM" = NULL, "DATO_FORSTE_VIRK" = TO_DATE('2019-08-01 00:00:00', 'YYYY-MM-DD HH24:MI:SS'), "VERSJON" = '2', "K_KRAVLINJE_T" = 'UT', "VEDTAK_ID" = '20000600', "PERSON_ID" = '20000800', "K_VILK_RES_SPS_T" = NULL, "K_VILK_VURD_T" = NULL, "K_VILKAR_RESUL_T" = 'INNV', "BEHANDL_PERIODE_ID" = NULL, "VILKARSPROVRESULTAT" = NULL, "BEGRUNNELSE" = NULL, "ANBEFALT_BEGR" = NULL, "OVERSTYRT_AV" = NULL, "AVSLATT_KAP19" = NULL, "AVSLATT_GARANTI_PEN" = NULL, "UNNTAK_HALV_MINSTEPENSJON" = NULL, "MOTREGNING" = NULL, "VILKVEDTAK_UFORETRYGD_GRNL_ID" = NULL, "VIDEREFORT" = '1', "MERKNAD_LISTE" = EMPTY_CLOB(), "MERKNAD_LISTE_PREG" = EMPTY_CLOB() where "KRAVLINJE_ID" = '20000800' and "DATO_OPPRETTET" = TO_TIMESTAMP('2019-10-02 08:48:00') and "OPPRETTET_AV" = 'Z990192' and "DATO_ENDRET" = TO_TIMESTAMP('2019-10-02 08:48:00') and "ENDRET_AV" = 'Z990192' and "ANBEFALT_RESULTAT" = 'VETIKKE' and "DATO_VIRK_FOM" = TO_DATE('2019-11-01 00:00:00', 'YYYY-MM-DD HH24:MI:SS') and "DATO_VIRK_TOM" IS NULL and "DATO_FORSTE_VIRK" = TO_DATE('2019-08-01 00:00:00', 'YYYY-MM-DD HH24:MI:SS') and "VERSJON" = '1' and "K_KRAVLINJE_T" = 'UT' and "VEDTAK_ID" = '20000600' and "PERSON_ID" = '20000800' and "K_VILK_RES_SPS_T" IS NULL and "K_VILK_VURD_T" IS NULL and "K_VILKAR_RESUL_T" = 'VETIKKE' and "BEHANDL_PERIODE_ID" IS NULL and "VILKARSPROVRESULTAT" IS NULL and "BEGRUNNELSE" IS NULL and "ANBEFALT_BEGR" IS NULL and "OVERSTYRT_AV" IS NULL and "AVSLATT_KAP19" IS NULL and "AVSLATT_GARANTI_PEN" IS NULL and "UNNTAK_HALV_MINSTEPENSJON" IS NULL and "MOTREGNING" IS NULL and "VILKVEDTAK_UFORETRYGD_GRNL_ID" IS NULL and "VIDEREFORT" = '0'
update "PEN"."T_VILKAR_VEDTAK" set "MERKNAD_LISTE" = NULL, "MERKNAD_LISTE_PREG" = NULL where "KRAVLINJE_ID" = '20000800' and "DATO_OPPRETTET" = TO_TIMESTAMP('2019-10-02 08:48:00') and "OPPRETTET_AV" = 'Z990192' and "DATO_ENDRET" = TO_TIMESTAMP('2019-10-02 08:50:47') and "ENDRET_AV" = 'Z990192' and "ANBEFALT_RESULTAT" = 'VETIKKE' and "DATO_VIRK_FOM" = TO_DATE('2019-08-01 00:00:00', 'YYYY-MM-DD HH24:MI:SS') and "DATO_VIRK_TOM" = TO_DATE('2019-10-31 00:00:00', 'YYYY-MM-DD HH24:MI:SS') and "DATO_FORSTE_VIRK" = TO_DATE('2019-08-01 00:00:00', 'YYYY-MM-DD HH24:MI:SS') and "VERSJON" = '3' and "K_KRAVLINJE_T" = 'UT' and "VEDTAK_ID" = '20000600' and "PERSON_ID" = '20000800' and "K_VILK_RES_SPS_T" IS NULL and "K_VILK_VURD_T" IS NULL and "K_VILKAR_RESUL_T" = 'INNV' and "BEHANDL_PERIODE_ID" IS NULL and "VILKARSPROVRESULTAT" IS NULL and "BEGRUNNELSE" IS NULL and "ANBEFALT_BEGR" IS NULL and "OVERSTYRT_AV" IS NULL and "AVSLATT_KAP19" IS NULL and "AVSLATT_GARANTI_PEN" IS NULL and "UNNTAK_HALV_MINSTEPENSJON" IS NULL and "MOTREGNING" = '0' and "VILKVEDTAK_UFORETRYGD_GRNL_ID" IS NULL and "VIDEREFORT" = '0'
update "PEN"."T_VILKAR_VEDTAK" set "KRAVLINJE_ID" = '20000800', "DATO_OPPRETTET" = TO_TIMESTAMP('2019-10-02 08:48:00'), "OPPRETTET_AV" = 'Z990192', "DATO_ENDRET" = TO_TIMESTAMP('2019-10-02 08:50:47'), "ENDRET_AV" = 'Z990192', "ANBEFALT_RESULTAT" = 'VETIKKE', "DATO_VIRK_FOM" = TO_DATE('2019-08-01 00:00:00', 'YYYY-MM-DD HH24:MI:SS'), "DATO_VIRK_TOM" = TO_DATE('2019-10-31 00:00:00', 'YYYY-MM-DD HH24:MI:SS'), "DATO_FORSTE_VIRK" = TO_DATE('2019-08-01 00:00:00', 'YYYY-MM-DD HH24:MI:SS'), "VERSJON" = '3', "K_KRAVLINJE_T" = 'UT', "VEDTAK_ID" = '20000600', "PERSON_ID" = '20000800', "K_VILK_RES_SPS_T" = NULL, "K_VILK_VURD_T" = NULL, "K_VILKAR_RESUL_T" = 'INNV', "BEHANDL_PERIODE_ID" = NULL, "VILKARSPROVRESULTAT" = NULL, "BEGRUNNELSE" = NULL, "ANBEFALT_BEGR" = NULL, "OVERSTYRT_AV" = NULL, "AVSLATT_KAP19" = NULL, "AVSLATT_GARANTI_PEN" = NULL, "UNNTAK_HALV_MINSTEPENSJON" = NULL, "MOTREGNING" = '0', "VILKVEDTAK_UFORETRYGD_GRNL_ID" = NULL, "VIDEREFORT" = '0', "MERKNAD_LISTE" = EMPTY_CLOB(), "MERKNAD_LISTE_PREG" = EMPTY_CLOB() where "KRAVLINJE_ID" = '20000800' and "DATO_OPPRETTET" = TO_TIMESTAMP('2019-10-02 08:48:00') and "OPPRETTET_AV" = 'Z990192' and "DATO_ENDRET" = TO_TIMESTAMP('2019-10-02 08:50:38') and "ENDRET_AV" = 'Z990192' and "ANBEFALT_RESULTAT" = 'VETIKKE' and "DATO_VIRK_FOM" = TO_DATE('2019-08-01 00:00:00', 'YYYY-MM-DD HH24:MI:SS') and "DATO_VIRK_TOM" = TO_DATE('2019-10-31 00:00:00', 'YYYY-MM-DD HH24:MI:SS') and "DATO_FORSTE_VIRK" = TO_DATE('2019-08-01 00:00:00', 'YYYY-MM-DD HH24:MI:SS') and "VERSJON" = '2' and "K_KRAVLINJE_T" = 'UT' and "VEDTAK_ID" = '20000600' and "PERSON_ID" = '20000800' and "K_VILK_RES_SPS_T" IS NULL and "K_VILK_VURD_T" IS NULL and "K_VILKAR_RESUL_T" = 'INNV' and "BEHANDL_PERIODE_ID" IS NULL and "VILKARSPROVRESULTAT" IS NULL and "BEGRUNNELSE" IS NULL and "ANBEFALT_BEGR" IS NULL and "OVERSTYRT_AV" IS NULL and "AVSLATT_KAP19" IS NULL and "AVSLATT_GARANTI_PEN" IS NULL and "UNNTAK_HALV_MINSTEPENSJON" IS NULL and "MOTREGNING" IS NULL and "VILKVEDTAK_UFORETRYGD_GRNL_ID" IS NULL and "VIDEREFORT" = '0'
insert into "PEN"."T_ANT_AR_MND_DAG"("ANT_AR_MND_DAG_ID","ANT_AR","ANT_MND","ANT_DAGER","DATO_OPPRETTET","OPPRETTET_AV","DATO_ENDRET","ENDRET_AV","VERSJON") values ('20000600','50','2','11',TO_TIMESTAMP('2019-10-02 08:50:47'),'Z990192',TO_TIMESTAMP('2019-10-02 08:50:47'),'Z990192','0')
insert into "PEN"."T_TRYGDETID"("TRYGDETID_ID","PERSON_GRUNNLAG_ID","PERSON_GRNL_TT_KAP20","FTT","FTT_REDUSERT","TT_ETTER_UFT","DATO_OPPRETTET","TT_ETTER_DOD","OPPRETTET_AV","TT_OVERFORT","DATO_ENDRET","TT_GARANTI","ENDRET_AV","TT_ANV","TT_FA_MND","TT_67_70","TT_E66","TT_F67","VERSJON","OPPTJENING_PERIODE","TT_FAKTISK","K_REGELVERK_T","K_TRYGDETIDGAR_T","PRORATA_TELLER_VK_AP","PRORATA_NEVNER_VK_AP","FTT_FOM","VIRK_FOM","VIRK_TOM","GRUNNLAG_VEDLEGG_ID","FAKTISK_TRYGDETID_AR_MND_DAG","ANT_AR_MND_DAG_ID","MERKNAD_LISTE") values ('20000600',NULL,NULL,'1','0','0',TO_TIMESTAMP('2019-10-02 08:50:47'),'0','Z990192','0',TO_TIMESTAMP('2019-10-02 08:50:47'),'0','Z990192','40','603','0','40','0','0','601','603','G_REG',NULL,'0','0',TO_DATE('2018-12-31 00:00:00', 'YYYY-MM-DD HH24:MI:SS'),NULL,NULL,NULL,'20000600',NULL,EMPTY_CLOB())
insert into "PEN"."T_BEREGNING_VILKAR"("BEREGNING_VILKAR_ID","DATO_OPPRETTET","OPPRETTET_AV","DATO_ENDRET","ENDRET_AV","VERSJON","VILKAR_VEDTAK_ID","K_BEREGNING_VILKAR_T","K_FPP_GARANTI_T","INNTEKT","TIDSPUNKT","K_VILKAR_STDBEGR","VURDERING","GRAD","ER_MINIMUMS_IFU","IFU_DATO","ER_GARANTIGRAD","VURDERING_TT_PERIODER","TRYGDETID_ID","TIDLIGST_VURD_OPPTJENINGSAR","DATO_SIST_MEDL_FOLKETRYGD","K_MINIMUM_IFU_T","TIDLIGERE_GJP","K_YTELSE_VED_DOD","ARLIG_PG_I_MINST_1G","ANGITT_INNTEKT","MERKNAD_LISTE") values ('20000020',TO_TIMESTAMP('2019-10-02 08:50:47'),'Z990192',TO_TIMESTAMP('2019-10-02 08:50:47'),'Z990192','0','20000400','TRYGDETID_BER_VILKAR',NULL,NULL,NULL,NULL,EMPTY_CLOB(),NULL,NULL,NULL,NULL,EMPTY_CLOB(),'20000600',NULL,NULL,NULL,NULL,NULL,NULL,NULL,EMPTY_CLOB())
update "PEN"."T_BEREGNING_VILKAR" set "VURDERING" = NULL, "VURDERING_TT_PERIODER" = NULL, "MERKNAD_LISTE" = NULL where "BEREGNING_VILKAR_ID" = '20000020' and "DATO_OPPRETTET" = TO_TIMESTAMP('2019-10-02 08:50:47') and "OPPRETTET_AV" = 'Z990192' and "DATO_ENDRET" = TO_TIMESTAMP('2019-10-02 08:50:47') and "ENDRET_AV" = 'Z990192' and "VERSJON" = '0' and "VILKAR_VEDTAK_ID" = '20000400' and "K_BEREGNING_VILKAR_T" = 'TRYGDETID_BER_VILKAR' and "K_FPP_GARANTI_T" IS NULL and "INNTEKT" IS NULL and "TIDSPUNKT" IS NULL and "K_VILKAR_STDBEGR" IS NULL and "GRAD" IS NULL and "ER_MINIMUMS_IFU" IS NULL and "IFU_DATO" IS NULL and "ER_GARANTIGRAD" IS NULL and "TRYGDETID_ID" = '20000600' and "TIDLIGST_VURD_OPPTJENINGSAR" IS NULL and "DATO_SIST_MEDL_FOLKETRYGD" IS NULL and "K_MINIMUM_IFU_T" IS NULL and "TIDLIGERE_GJP" IS NULL and "K_YTELSE_VED_DOD" IS NULL and "ARLIG_PG_I_MINST_1G" IS NULL and "ANGITT_INNTEKT" IS NULL
insert into "PEN"."T_ANT_AR_MND_DAG"("ANT_AR_MND_DAG_ID","ANT_AR","ANT_MND","ANT_DAGER","DATO_OPPRETTET","OPPRETTET_AV","DATO_ENDRET","ENDRET_AV","VERSJON") values ('20000602','50','2','11',TO_TIMESTAMP('2019-10-02 08:50:48'),'Z990192',TO_TIMESTAMP('2019-10-02 08:50:48'),'Z990192','0')
insert into "PEN"."T_TRYGDETID"("TRYGDETID_ID","PERSON_GRUNNLAG_ID","PERSON_GRNL_TT_KAP20","FTT","FTT_REDUSERT","TT_ETTER_UFT","DATO_OPPRETTET","TT_ETTER_DOD","OPPRETTET_AV","TT_OVERFORT","DATO_ENDRET","TT_GARANTI","ENDRET_AV","TT_ANV","TT_FA_MND","TT_67_70","TT_E66","TT_F67","VERSJON","OPPTJENING_PERIODE","TT_FAKTISK","K_REGELVERK_T","K_TRYGDETIDGAR_T","PRORATA_TELLER_VK_AP","PRORATA_NEVNER_VK_AP","FTT_FOM","VIRK_FOM","VIRK_TOM","GRUNNLAG_VEDLEGG_ID","FAKTISK_TRYGDETID_AR_MND_DAG","ANT_AR_MND_DAG_ID","MERKNAD_LISTE") values ('20000602',NULL,NULL,'1','0','0',TO_TIMESTAMP('2019-10-02 08:50:48'),'0','Z990192','0',TO_TIMESTAMP('2019-10-02 08:50:48'),'0','Z990192','40','603','0','40','0','0','601','603','G_REG',NULL,'0','0',TO_DATE('2018-12-31 00:00:00', 'YYYY-MM-DD HH24:MI:SS'),NULL,NULL,NULL,'20000602',NULL,EMPTY_CLOB())
insert into "PEN"."T_BEREGNING_VILKAR"("BEREGNING_VILKAR_ID","DATO_OPPRETTET","OPPRETTET_AV","DATO_ENDRET","ENDRET_AV","VERSJON","VILKAR_VEDTAK_ID","K_BEREGNING_VILKAR_T","K_FPP_GARANTI_T","INNTEKT","TIDSPUNKT","K_VILKAR_STDBEGR","VURDERING","GRAD","ER_MINIMUMS_IFU","IFU_DATO","ER_GARANTIGRAD","VURDERING_TT_PERIODER","TRYGDETID_ID","TIDLIGST_VURD_OPPTJENINGSAR","DATO_SIST_MEDL_FOLKETRYGD","K_MINIMUM_IFU_T","TIDLIGERE_GJP","K_YTELSE_VED_DOD","ARLIG_PG_I_MINST_1G","ANGITT_INNTEKT","MERKNAD_LISTE") values ('20000022',TO_TIMESTAMP('2019-10-02 08:50:48'),'Z990192',TO_TIMESTAMP('2019-10-02 08:50:48'),'Z990192','0','20000402','TRYGDETID_BER_VILKAR',NULL,NULL,NULL,NULL,EMPTY_CLOB(),NULL,NULL,NULL,NULL,EMPTY_CLOB(),'20000602',NULL,NULL,NULL,NULL,NULL,NULL,NULL,EMPTY_CLOB())
update "PEN"."T_BEREGNING_VILKAR" set "VURDERING" = NULL, "VURDERING_TT_PERIODER" = NULL, "MERKNAD_LISTE" = NULL where "BEREGNING_VILKAR_ID" = '20000022' and "DATO_OPPRETTET" = TO_TIMESTAMP('2019-10-02 08:50:48') and "OPPRETTET_AV" = 'Z990192' and "DATO_ENDRET" = TO_TIMESTAMP('2019-10-02 08:50:48') and "ENDRET_AV" = 'Z990192' and "VERSJON" = '0' and "VILKAR_VEDTAK_ID" = '20000402' and "K_BEREGNING_VILKAR_T" = 'TRYGDETID_BER_VILKAR' and "K_FPP_GARANTI_T" IS NULL and "INNTEKT" IS NULL and "TIDSPUNKT" IS NULL and "K_VILKAR_STDBEGR" IS NULL and "GRAD" IS NULL and "ER_MINIMUMS_IFU" IS NULL and "IFU_DATO" IS NULL and "ER_GARANTIGRAD" IS NULL and "TRYGDETID_ID" = '20000602' and "TIDLIGST_VURD_OPPTJENINGSAR" IS NULL and "DATO_SIST_MEDL_FOLKETRYGD" IS NULL and "K_MINIMUM_IFU_T" IS NULL and "TIDLIGERE_GJP" IS NULL and "K_YTELSE_VED_DOD" IS NULL and "ARLIG_PG_I_MINST_1G" IS NULL and "ANGITT_INNTEKT" IS NULL
insert into "PEN"."T_KRAVLINJE_S"("KRAVLINJE_S_ID","DATO_OPPRETTET","OPPRETTET_AV","DATO_ENDRET","ENDRET_AV","K_KRAVLINJE_S","KRAVLINJE_ID","VERSJON") values ('20000410',TO_TIMESTAMP('2019-10-02 08:50:48'),'Z990192',TO_TIMESTAMP('2019-10-02 08:50:48'),'Z990192','VILKARSPROVD','20000800','0')
update "PEN"."T_KRAVHODE" set "MERKNAD_LISTE" = NULL where "FORRIGE_IVERKSATTE_KRAV" IS NULL and "KRAVHODE_ID_FOR" IS NULL and "DATO_OPPRETTET" = TO_TIMESTAMP('2019-10-02 08:47:35') and "DATO_ENDRET" = TO_TIMESTAMP('2019-10-02 08:50:48') and "ENDRET_AV" = 'Z990192' and "OPPRETTET_AV" = 'Z990192' and "SAK_ID" = '20000600' and "DATO_MOTTATT_KRAV" = TO_DATE('2019-10-02 00:00:00', 'YYYY-MM-DD HH24:MI:SS') and "K_KRAV_GJELDER" = 'FORSTEG_BH' and "K_AFP_T" IS NULL and "K_KRAV_S" = 'VILKARSPROVD' and "VERSJON" = '3' and "K_BEHANDLING_T" = 'MAN' and "ORGANISASJON_NR" IS NULL and "GRUNNLAG_LAST" = '0' and "GYLDIG_VILKAR_PROV" = '1' and "K_INITIERT_AV" = 'ANNET' and "DATO_KOMPLETT" = TO_DATE('2019-10-02 00:00:00', 'YYYY-MM-DD HH24:MI:SS') and "K_FLYT_KRAVLINJE" IS NULL and "BODD_ARB_UTL" = '0' and "KRAV_LAST" = '0' and "PERSON_DOD_ID" IS NULL and "BODD_ARB_UTL_FAR" IS NULL and "DATO_ONSKET_VIRK" = TO_DATE('2019-08-01 00:00:00', 'YYYY-MM-DD HH24:MI:SS') and "KOLLEKTIVE_VILKAR" = '0' and "AFP_TILLEGG" = '0' and "ER_BEREGNET" = '0' and "VUR_TRYGDEAV_FAR" IS NULL and "TSS_ID_AFP" IS NULL and "HENTET_TPS" = '1' and "NORGE_BEHAND_LAND" = '0' and "K_KRAV_VELG_T" = 'VARIG' and "TILBAKEKREVING" = '0' and "FAR_DOD_ID" IS NULL and "SOKT_AFP_PRIVAT" IS NULL and "MOR_DOD_ID" IS NULL and "BODD_ARB_UTL_MOR" IS NULL and "BODD_ARB_UTL_AVDOD" IS NULL and "VUR_TRYGDEAV_MOR" IS NULL and "REV_PGA_RED_OPPTJ" IS NULL and "DATO_VERSJONERING" IS NULL and "VUR_TRYGDEAV_AVDOD" IS NULL and "OVERF_OMS_POENG" = '0' and "BR_OPP_FR_65_I_66" = '0' and "VUR_TRYGDEAV" = '0' and "PEN_ORG_ENHET_ID" = '20000400' and "K_REGELVERK_T" IS NULL and "ER_SAMSTOT_VURDERT" = '0' and "AFP_PRIV_RES_FK_ID" IS NULL and "SIST_AP_BER_2011_ID" IS NULL and "FORRIGE_VEDTAK_TID" IS NULL and "UKJENT_AVDOD" = '0' and "UKJENT_FAR" = '0' and "UKJENT_MOR" = '0' and "BODD_ARB_UTL_EPS" IS NULL and "SISTE_SAKTYPE_FOR_AP" IS NULL and "MOTTATT_TT_OPPL_EPS" IS NULL and "HENTET_FEIL_UTBET_GR" = '0' and "SAKSBEH_DEL_AUTO" IS NULL and "ANTALL_DAGER_ANNEN_YTELSE" IS NULL and "DAGSATS_ANNEN_YTELSE" IS NULL and "STARTET_VILKVURD_UT" = '0' and "KONVERTERINGSGRUNNLAG_UT_ID" IS NULL and "HJEMMEBEREGNING_UT_ID" IS NULL and "DATO_VURDERT_ONSKET_VIRK" IS NULL and "SVAR_MOTTATT_UTLAND" IS NULL and "BT_VURDERING_PERIODE_BENYTTET" = '1' and "BERORT_SAK_BEGRUNNELSE" IS NULL and "K_UTLANDSTILKNYTNING" IS NULL and "DATO_REGISTRERT" = TO_TIMESTAMP('2019-10-02 08:47:35')
update "PEN"."T_KRAVHODE" set "FORRIGE_IVERKSATTE_KRAV" = NULL, "KRAVHODE_ID_FOR" = NULL, "DATO_OPPRETTET" = TO_TIMESTAMP('2019-10-02 08:47:35'), "DATO_ENDRET" = TO_TIMESTAMP('2019-10-02 08:50:48'), "ENDRET_AV" = 'Z990192', "OPPRETTET_AV" = 'Z990192', "SAK_ID" = '20000600', "DATO_MOTTATT_KRAV" = TO_DATE('2019-10-02 00:00:00', 'YYYY-MM-DD HH24:MI:SS'), "K_KRAV_GJELDER" = 'FORSTEG_BH', "K_AFP_T" = NULL, "K_KRAV_S" = 'VILKARSPROVD', "VERSJON" = '3', "K_BEHANDLING_T" = 'MAN', "ORGANISASJON_NR" = NULL, "GRUNNLAG_LAST" = '0', "GYLDIG_VILKAR_PROV" = '1', "K_INITIERT_AV" = 'ANNET', "DATO_KOMPLETT" = TO_DATE('2019-10-02 00:00:00', 'YYYY-MM-DD HH24:MI:SS'), "K_FLYT_KRAVLINJE" = NULL, "BODD_ARB_UTL" = '0', "KRAV_LAST" = '0', "PERSON_DOD_ID" = NULL, "BODD_ARB_UTL_FAR" = NULL, "DATO_ONSKET_VIRK" = TO_DATE('2019-08-01 00:00:00', 'YYYY-MM-DD HH24:MI:SS'), "KOLLEKTIVE_VILKAR" = '0', "AFP_TILLEGG" = '0', "ER_BEREGNET" = '0', "VUR_TRYGDEAV_FAR" = NULL, "TSS_ID_AFP" = NULL, "HENTET_TPS" = '1', "NORGE_BEHAND_LAND" = '0', "K_KRAV_VELG_T" = 'VARIG', "TILBAKEKREVING" = '0', "FAR_DOD_ID" = NULL, "SOKT_AFP_PRIVAT" = NULL, "MOR_DOD_ID" = NULL, "BODD_ARB_UTL_MOR" = NULL, "BODD_ARB_UTL_AVDOD" = NULL, "VUR_TRYGDEAV_MOR" = NULL, "REV_PGA_RED_OPPTJ" = NULL, "DATO_VERSJONERING" = NULL, "VUR_TRYGDEAV_AVDOD" = NULL, "OVERF_OMS_POENG" = '0', "BR_OPP_FR_65_I_66" = '0', "VUR_TRYGDEAV" = '0', "PEN_ORG_ENHET_ID" = '20000400', "K_REGELVERK_T" = NULL, "ER_SAMSTOT_VURDERT" = '0', "AFP_PRIV_RES_FK_ID" = NULL, "SIST_AP_BER_2011_ID" = NULL, "FORRIGE_VEDTAK_TID" = NULL, "UKJENT_AVDOD" = '0', "UKJENT_FAR" = '0', "UKJENT_MOR" = '0', "BODD_ARB_UTL_EPS" = NULL, "SISTE_SAKTYPE_FOR_AP" = NULL, "MOTTATT_TT_OPPL_EPS" = NULL, "HENTET_FEIL_UTBET_GR" = '0', "SAKSBEH_DEL_AUTO" = NULL, "ANTALL_DAGER_ANNEN_YTELSE" = NULL, "DAGSATS_ANNEN_YTELSE" = NULL, "STARTET_VILKVURD_UT" = '0', "KONVERTERINGSGRUNNLAG_UT_ID" = NULL, "HJEMMEBEREGNING_UT_ID" = NULL, "DATO_VURDERT_ONSKET_VIRK" = NULL, "SVAR_MOTTATT_UTLAND" = NULL, "BT_VURDERING_PERIODE_BENYTTET" = '1', "BERORT_SAK_BEGRUNNELSE" = NULL, "MERKNAD_LISTE" = EMPTY_CLOB(), "K_UTLANDSTILKNYTNING" = NULL, "DATO_REGISTRERT" = TO_TIMESTAMP('2019-10-02 08:47:35'), "BREV_INFO_LISTE_ID" = NULL, "BUC_ID" = NULL where "FORRIGE_IVERKSATTE_KRAV" IS NULL and "KRAVHODE_ID_FOR" IS NULL and "DATO_OPPRETTET" = TO_TIMESTAMP('2019-10-02 08:47:35') and "DATO_ENDRET" = TO_TIMESTAMP('2019-10-02 08:48:35') and "ENDRET_AV" = 'Z990192' and "OPPRETTET_AV" = 'Z990192' and "SAK_ID" = '20000600' and "DATO_MOTTATT_KRAV" = TO_DATE('2019-10-02 00:00:00', 'YYYY-MM-DD HH24:MI:SS') and "K_KRAV_GJELDER" = 'FORSTEG_BH' and "K_AFP_T" IS NULL and "K_KRAV_S" = 'TIL_BEHANDLING' and "VERSJON" = '2' and "K_BEHANDLING_T" = 'MAN' and "ORGANISASJON_NR" IS NULL and "GRUNNLAG_LAST" = '0' and "GYLDIG_VILKAR_PROV" = '0' and "K_INITIERT_AV" = 'ANNET' and "DATO_KOMPLETT" = TO_DATE('2019-10-02 00:00:00', 'YYYY-MM-DD HH24:MI:SS') and "K_FLYT_KRAVLINJE" IS NULL and "BODD_ARB_UTL" = '0' and "KRAV_LAST" = '0' and "PERSON_DOD_ID" IS NULL and "BODD_ARB_UTL_FAR" IS NULL and "DATO_ONSKET_VIRK" = TO_DATE('2019-08-01 00:00:00', 'YYYY-MM-DD HH24:MI:SS') and "KOLLEKTIVE_VILKAR" = '0' and "AFP_TILLEGG" = '0' and "ER_BEREGNET" = '0' and "VUR_TRYGDEAV_FAR" IS NULL and "TSS_ID_AFP" IS NULL and "HENTET_TPS" = '1' and "NORGE_BEHAND_LAND" = '0' and "K_KRAV_VELG_T" = 'VARIG' and "TILBAKEKREVING" = '0' and "FAR_DOD_ID" IS NULL and "SOKT_AFP_PRIVAT" IS NULL and "MOR_DOD_ID" IS NULL and "BODD_ARB_UTL_MOR" IS NULL and "BODD_ARB_UTL_AVDOD" IS NULL and "VUR_TRYGDEAV_MOR" IS NULL and "REV_PGA_RED_OPPTJ" IS NULL and "DATO_VERSJONERING" IS NULL and "VUR_TRYGDEAV_AVDOD" IS NULL and "OVERF_OMS_POENG" = '0' and "BR_OPP_FR_65_I_66" = '0' and "VUR_TRYGDEAV" = '0' and "PEN_ORG_ENHET_ID" = '20000400' and "K_REGELVERK_T" IS NULL and "ER_SAMSTOT_VURDERT" = '0' and "AFP_PRIV_RES_FK_ID" IS NULL and "SIST_AP_BER_2011_ID" IS NULL and "FORRIGE_VEDTAK_TID" IS NULL and "UKJENT_AVDOD" = '0' and "UKJENT_FAR" = '0' and "UKJENT_MOR" = '0' and "BODD_ARB_UTL_EPS" IS NULL and "SISTE_SAKTYPE_FOR_AP" IS NULL and "MOTTATT_TT_OPPL_EPS" IS NULL and "HENTET_FEIL_UTBET_GR" = '0' and "SAKSBEH_DEL_AUTO" IS NULL and "ANTALL_DAGER_ANNEN_YTELSE" IS NULL and "DAGSATS_ANNEN_YTELSE" IS NULL and "STARTET_VILKVURD_UT" = '1' and "KONVERTERINGSGRUNNLAG_UT_ID" IS NULL and "HJEMMEBEREGNING_UT_ID" IS NULL and "DATO_VURDERT_ONSKET_VIRK" IS NULL and "SVAR_MOTTATT_UTLAND" IS NULL and "BT_VURDERING_PERIODE_BENYTTET" = '1' and "BERORT_SAK_BEGRUNNELSE" IS NULL and "K_UTLANDSTILKNYTNING" IS NULL and "DATO_REGISTRERT" = TO_TIMESTAMP('2019-10-02 08:47:35') and "BREV_INFO_LISTE_ID" IS NULL and "BUC_ID" IS NULL
update "PEN"."T_KRAVLINJE" set "KRAVHODE_ID" = '20000800', "K_KRAVLINJE_T" = 'UT', "PERSON_ID" = '20000800', "KRAVLINJE_S_ID" = '20000410', "K_LAND_3_TEGN_ID" = '161', "DATO_OPPRETTET" = TO_TIMESTAMP('2019-10-02 08:47:35'), "OPPRETTET_AV" = 'Z990192', "DATO_ENDRET" = TO_TIMESTAMP('2019-10-02 08:50:48'), "ENDRET_AV" = 'Z990192', "VERSJON" = '2', "K_UTLAND_S" = 'IKKE_UTL' where "KRAVHODE_ID" = '20000800' and "K_KRAVLINJE_T" = 'UT' and "PERSON_ID" = '20000800' and "KRAVLINJE_S_ID" = '20000408' and "K_LAND_3_TEGN_ID" = '161' and "DATO_OPPRETTET" = TO_TIMESTAMP('2019-10-02 08:47:35') and "OPPRETTET_AV" = 'Z990192' and "DATO_ENDRET" = TO_TIMESTAMP('2019-10-02 08:47:39') and "ENDRET_AV" = 'Z990192' and "VERSJON" = '1' and "K_UTLAND_S" = 'IKKE_UTL'
update "PEN"."T_VEDTAK" set "MERKNAD_LISTE" = NULL where "BASERT_PA_VEDTAK" IS NULL and "REL_ALDER_VEDTAK" IS NULL and "REL_AFP_PR_VEDTAK" IS NULL and "VEDTAK_ID_FORRIGE" IS NULL and "PERSON_ID" = '20000800' and "KRAVHODE_ID" = '20000800' and "DATO_OPPRETTET" = TO_TIMESTAMP('2019-10-02 08:48:00') and "OPPRETTET_AV" = 'Z990192' and "DATO_ENDRET" = TO_TIMESTAMP('2019-10-02 08:50:48') and "ENDRET_AV" = 'Z990192' and "DATO_VIRK_FOM" = TO_DATE('2019-08-01 00:00:00', 'YYYY-MM-DD HH24:MI:SS') and "DATO_VIRK_TOM" IS NULL and "SAK_ID" = '20000600' and "K_VEDTAK_T" = 'FORGANG' and "K_VEDTAK_S" = 'FASTS' and "VERSJON" = '2' and "ANSV_SAKSBH" IS NULL and "ATTESTERER" IS NULL and "DATO_ATTESTERT" IS NULL and "K_SAK_T" = 'UFOREP' and "K_BEHANDLING_T" = 'MAN' and "VEDTAK_LAST" = '0' and "DATO_VEDTAK" IS NULL and "DATO_TILVERKSETT" IS NULL and "DATO_LOPENDE_FOM" IS NULL and "DATO_SENDT_SAMORD" IS NULL and "ANNEN_PENGEMOT" IS NULL and "DATO_LOPENDE_TOM" IS NULL and "SENDT_NAVI" IS NULL and "ETTER_BETALING" IS NULL and "DATO_SIM_FEIL_UTB" IS NULL and "DATO_SAMORDNET" IS NULL and "UTVIDT_SAMOR_FRIST" = '0' and "DATO_IVERKSATT" IS NULL and "INTERN_BATCHBREV_KODE" IS NULL and "VIRK_GAM_VEDTAK" IS NULL and "K_KLAGEANK_RES_T" IS NULL and "K_INNSTILLING_T" IS NULL and "DATO_STOPPET" IS NULL and "DATO_REAKT" IS NULL and "K_VILKAR_RESUL_T" = 'INNV' and "SAMSTOTSTILFELLE_ID" IS NULL and "DATO_FOR_GYLDIG_SATS" IS NULL and "REGULERING_SKAL_FULLBEREGNES" IS NULL and "UFORE_HISTORIK_ID" IS NULL and "K_VARSLING_S" IS NULL and "AUTOMATISK_OMREGNING_AV_UT" IS NULL and "VIDEREFOR_TIL_UT" IS NULL and "BEREGNET_UTBINFOGRUNN_UT_ID" = '20000000'
update "PEN"."T_VEDTAK" set "BASERT_PA_VEDTAK" = NULL, "REL_ALDER_VEDTAK" = NULL, "REL_AFP_PR_VEDTAK" = NULL, "VEDTAK_ID_FORRIGE" = NULL, "PERSON_ID" = '20000800', "KRAVHODE_ID" = '20000800', "DATO_OPPRETTET" = TO_TIMESTAMP('2019-10-02 08:48:00'), "OPPRETTET_AV" = 'Z990192', "DATO_ENDRET" = TO_TIMESTAMP('2019-10-02 08:50:48'), "ENDRET_AV" = 'Z990192', "DATO_VIRK_FOM" = TO_DATE('2019-08-01 00:00:00', 'YYYY-MM-DD HH24:MI:SS'), "DATO_VIRK_TOM" = NULL, "SAK_ID" = '20000600', "K_VEDTAK_T" = 'FORGANG', "K_VEDTAK_S" = 'FASTS', "VERSJON" = '2', "ANSV_SAKSBH" = NULL, "ATTESTERER" = NULL, "DATO_ATTESTERT" = NULL, "K_SAK_T" = 'UFOREP', "K_BEHANDLING_T" = 'MAN', "VEDTAK_LAST" = '0', "DATO_VEDTAK" = NULL, "DATO_TILVERKSETT" = NULL, "DATO_LOPENDE_FOM" = NULL, "DATO_SENDT_SAMORD" = NULL, "ANNEN_PENGEMOT" = NULL, "DATO_LOPENDE_TOM" = NULL, "SENDT_NAVI" = NULL, "ETTER_BETALING" = NULL, "DATO_SIM_FEIL_UTB" = NULL, "DATO_SAMORDNET" = NULL, "UTVIDT_SAMOR_FRIST" = '0', "DATO_IVERKSATT" = NULL, "INTERN_BATCHBREV_KODE" = NULL, "VIRK_GAM_VEDTAK" = NULL, "K_KLAGEANK_RES_T" = NULL, "K_INNSTILLING_T" = NULL, "DATO_STOPPET" = NULL, "DATO_REAKT" = NULL, "K_VILKAR_RESUL_T" = 'INNV', "SAMSTOTSTILFELLE_ID" = NULL, "DATO_FOR_GYLDIG_SATS" = NULL, "REGULERING_SKAL_FULLBEREGNES" = NULL, "UFORE_HISTORIK_ID" = NULL, "K_VARSLING_S" = NULL, "AUTOMATISK_OMREGNING_AV_UT" = NULL, "VIDEREFOR_TIL_UT" = NULL, "BEREGNET_UTBINFOGRUNN_UT_ID" = '20000000', "EO_RESULTAT_UT_ID" = NULL, "MERKNAD_LISTE" = EMPTY_CLOB() where "BASERT_PA_VEDTAK" IS NULL and "REL_ALDER_VEDTAK" IS NULL and "REL_AFP_PR_VEDTAK" IS NULL and "VEDTAK_ID_FORRIGE" IS NULL and "PERSON_ID" = '20000800' and "KRAVHODE_ID" = '20000800' and "DATO_OPPRETTET" = TO_TIMESTAMP('2019-10-02 08:48:00') and "OPPRETTET_AV" = 'Z990192' and "DATO_ENDRET" = TO_TIMESTAMP('2019-10-02 08:48:00') and "ENDRET_AV" = 'Z990192' and "DATO_VIRK_FOM" = TO_DATE('2019-08-01 00:00:00', 'YYYY-MM-DD HH24:MI:SS') and "DATO_VIRK_TOM" IS NULL and "SAK_ID" = '20000600' and "K_VEDTAK_T" = 'FORGANG' and "K_VEDTAK_S" = 'FASTS' and "VERSJON" = '1' and "ANSV_SAKSBH" IS NULL and "ATTESTERER" IS NULL and "DATO_ATTESTERT" IS NULL and "K_SAK_T" = 'UFOREP' and "K_BEHANDLING_T" = 'MAN' and "VEDTAK_LAST" = '0' and "DATO_VEDTAK" IS NULL and "DATO_TILVERKSETT" IS NULL and "DATO_LOPENDE_FOM" IS NULL and "DATO_SENDT_SAMORD" IS NULL and "ANNEN_PENGEMOT" IS NULL and "DATO_LOPENDE_TOM" IS NULL and "SENDT_NAVI" IS NULL and "ETTER_BETALING" IS NULL and "DATO_SIM_FEIL_UTB" IS NULL and "DATO_SAMORDNET" IS NULL and "UTVIDT_SAMOR_FRIST" = '0' and "DATO_IVERKSATT" IS NULL and "INTERN_BATCHBREV_KODE" IS NULL and "VIRK_GAM_VEDTAK" IS NULL and "K_KLAGEANK_RES_T" IS NULL and "K_INNSTILLING_T" IS NULL and "DATO_STOPPET" IS NULL and "DATO_REAKT" IS NULL and "K_VILKAR_RESUL_T" IS NULL and "SAMSTOTSTILFELLE_ID" IS NULL and "DATO_FOR_GYLDIG_SATS" IS NULL and "REGULERING_SKAL_FULLBEREGNES" IS NULL and "UFORE_HISTORIK_ID" IS NULL and "K_VARSLING_S" IS NULL and "AUTOMATISK_OMREGNING_AV_UT" IS NULL and "VIDEREFOR_TIL_UT" IS NULL and "BEREGNET_UTBINFOGRUNN_UT_ID" = '20000000' and "EO_RESULTAT_UT_ID" IS NULL
insert into "PEN"."T_ANT_AR_MND_DAG"("ANT_AR_MND_DAG_ID","ANT_AR","ANT_MND","ANT_DAGER","DATO_OPPRETTET","OPPRETTET_AV","DATO_ENDRET","ENDRET_AV","VERSJON") values ('20000604','50','2','11',TO_TIMESTAMP('2019-10-02 08:50:50'),'Z990192',TO_TIMESTAMP('2019-10-02 08:50:50'),'Z990192','0')
insert into "PEN"."T_TRYGDETID"("TRYGDETID_ID","PERSON_GRUNNLAG_ID","PERSON_GRNL_TT_KAP20","FTT","FTT_REDUSERT","TT_ETTER_UFT","DATO_OPPRETTET","TT_ETTER_DOD","OPPRETTET_AV","TT_OVERFORT","DATO_ENDRET","TT_GARANTI","ENDRET_AV","TT_ANV","TT_FA_MND","TT_67_70","TT_E66","TT_F67","VERSJON","OPPTJENING_PERIODE","TT_FAKTISK","K_REGELVERK_T","K_TRYGDETIDGAR_T","PRORATA_TELLER_VK_AP","PRORATA_NEVNER_VK_AP","FTT_FOM","VIRK_FOM","VIRK_TOM","GRUNNLAG_VEDLEGG_ID","FAKTISK_TRYGDETID_AR_MND_DAG","ANT_AR_MND_DAG_ID","MERKNAD_LISTE") values ('20000604',NULL,NULL,'1','0','0',TO_TIMESTAMP('2019-10-02 08:50:50'),'0','Z990192','0',TO_TIMESTAMP('2019-10-02 08:50:50'),'0','Z990192','40','603','0','40','0','0','601','603','G_REG',NULL,'0','0',TO_DATE('2018-12-31 00:00:00', 'YYYY-MM-DD HH24:MI:SS'),NULL,NULL,NULL,'20000604',NULL,EMPTY_CLOB())
update "PEN"."T_BEREGNING_VILKAR" set "VURDERING" = NULL, "MERKNAD_LISTE" = NULL where "DATO_OPPRETTET" = TO_TIMESTAMP('2019-10-02 08:50:47') and "OPPRETTET_AV" = 'Z990192' and "DATO_ENDRET" = TO_TIMESTAMP('2019-10-02 08:50:50') and "ENDRET_AV" = 'Z990192' and "VERSJON" = '1' and "VILKAR_VEDTAK_ID" = '20000400' and "K_VILKAR_STDBEGR" IS NULL and "TRYGDETID_ID" = '20000604'
update "PEN"."T_BEREGNING_VILKAR" set "DATO_OPPRETTET" = TO_TIMESTAMP('2019-10-02 08:50:47'), "OPPRETTET_AV" = 'Z990192', "DATO_ENDRET" = TO_TIMESTAMP('2019-10-02 08:50:50'), "ENDRET_AV" = 'Z990192', "VERSJON" = '1', "VILKAR_VEDTAK_ID" = '20000400', "K_VILKAR_STDBEGR" = NULL, "VURDERING" = EMPTY_CLOB(), "TRYGDETID_ID" = '20000604', "MERKNAD_LISTE" = EMPTY_CLOB() where "DATO_OPPRETTET" = TO_TIMESTAMP('2019-10-02 08:50:47') and "OPPRETTET_AV" = 'Z990192' and "DATO_ENDRET" = TO_TIMESTAMP('2019-10-02 08:50:47') and "ENDRET_AV" = 'Z990192' and "VERSJON" = '0' and "VILKAR_VEDTAK_ID" = '20000400' and "K_VILKAR_STDBEGR" IS NULL and "TRYGDETID_ID" = '20000600'
delete from "PEN"."T_TRYGDETID" where "TRYGDETID_ID" = '20000600' and "PERSON_GRUNNLAG_ID" IS NULL and "PERSON_GRNL_TT_KAP20" IS NULL and "FTT" = '1' and "FTT_REDUSERT" = '0' and "TT_ETTER_UFT" = '0' and "DATO_OPPRETTET" = TO_TIMESTAMP('2019-10-02 08:50:47') and "TT_ETTER_DOD" = '0' and "OPPRETTET_AV" = 'Z990192' and "TT_OVERFORT" = '0' and "DATO_ENDRET" = TO_TIMESTAMP('2019-10-02 08:50:47') and "TT_GARANTI" = '0' and "ENDRET_AV" = 'Z990192' and "TT_ANV" = '40' and "TT_FA_MND" = '603' and "TT_67_70" = '0' and "TT_E66" = '40' and "TT_F67" = '0' and "VERSJON" = '0' and "OPPTJENING_PERIODE" = '601' and "TT_FAKTISK" = '603' and "K_REGELVERK_T" = 'G_REG' and "K_TRYGDETIDGAR_T" IS NULL and "PRORATA_TELLER_VK_AP" = '0' and "PRORATA_NEVNER_VK_AP" = '0' and "FTT_FOM" = TO_DATE('2018-12-31 00:00:00', 'YYYY-MM-DD HH24:MI:SS') and "VIRK_FOM" IS NULL and "VIRK_TOM" IS NULL and "GRUNNLAG_VEDLEGG_ID" IS NULL and "FAKTISK_TRYGDETID_AR_MND_DAG" = '20000600' and "ANT_AR_MND_DAG_ID" IS NULL
delete from "PEN"."T_ANT_AR_MND_DAG" where "ANT_AR_MND_DAG_ID" = '20000600' and "ANT_AR" = '50' and "ANT_MND" = '2' and "ANT_DAGER" = '11' and "DATO_OPPRETTET" = TO_TIMESTAMP('2019-10-02 08:50:47') and "OPPRETTET_AV" = 'Z990192' and "DATO_ENDRET" = TO_TIMESTAMP('2019-10-02 08:50:47') and "ENDRET_AV" = 'Z990192' and "VERSJON" = '0'
insert into "PEN"."T_ANT_AR_MND_DAG"("ANT_AR_MND_DAG_ID","ANT_AR","ANT_MND","ANT_DAGER","DATO_OPPRETTET","OPPRETTET_AV","DATO_ENDRET","ENDRET_AV","VERSJON") values ('20000606','50','2','11',TO_TIMESTAMP('2019-10-02 08:50:50'),'Z990192',TO_TIMESTAMP('2019-10-02 08:50:50'),'Z990192','0')
insert into "PEN"."T_TRYGDETID"("TRYGDETID_ID","PERSON_GRUNNLAG_ID","PERSON_GRNL_TT_KAP20","FTT","FTT_REDUSERT","TT_ETTER_UFT","DATO_OPPRETTET","TT_ETTER_DOD","OPPRETTET_AV","TT_OVERFORT","DATO_ENDRET","TT_GARANTI","ENDRET_AV","TT_ANV","TT_FA_MND","TT_67_70","TT_E66","TT_F67","VERSJON","OPPTJENING_PERIODE","TT_FAKTISK","K_REGELVERK_T","K_TRYGDETIDGAR_T","PRORATA_TELLER_VK_AP","PRORATA_NEVNER_VK_AP","FTT_FOM","VIRK_FOM","VIRK_TOM","GRUNNLAG_VEDLEGG_ID","FAKTISK_TRYGDETID_AR_MND_DAG","ANT_AR_MND_DAG_ID","MERKNAD_LISTE") values ('20000606',NULL,NULL,'1','0','0',TO_TIMESTAMP('2019-10-02 08:50:50'),'0','Z990192','0',TO_TIMESTAMP('2019-10-02 08:50:50'),'0','Z990192','40','603','0','40','0','0','601','603','G_REG',NULL,'0','0',TO_DATE('2018-12-31 00:00:00', 'YYYY-MM-DD HH24:MI:SS'),NULL,NULL,NULL,'20000606',NULL,EMPTY_CLOB())
update "PEN"."T_BEREGNING_VILKAR" set "VURDERING" = NULL, "MERKNAD_LISTE" = NULL where "DATO_OPPRETTET" = TO_TIMESTAMP('2019-10-02 08:50:48') and "OPPRETTET_AV" = 'Z990192' and "DATO_ENDRET" = TO_TIMESTAMP('2019-10-02 08:50:50') and "ENDRET_AV" = 'Z990192' and "VERSJON" = '1' and "VILKAR_VEDTAK_ID" = '20000402' and "K_VILKAR_STDBEGR" IS NULL and "TRYGDETID_ID" = '20000606'
update "PEN"."T_BEREGNING_VILKAR" set "DATO_OPPRETTET" = TO_TIMESTAMP('2019-10-02 08:50:48'), "OPPRETTET_AV" = 'Z990192', "DATO_ENDRET" = TO_TIMESTAMP('2019-10-02 08:50:50'), "ENDRET_AV" = 'Z990192', "VERSJON" = '1', "VILKAR_VEDTAK_ID" = '20000402', "K_VILKAR_STDBEGR" = NULL, "VURDERING" = EMPTY_CLOB(), "TRYGDETID_ID" = '20000606', "MERKNAD_LISTE" = EMPTY_CLOB() where "DATO_OPPRETTET" = TO_TIMESTAMP('2019-10-02 08:50:48') and "OPPRETTET_AV" = 'Z990192' and "DATO_ENDRET" = TO_TIMESTAMP('2019-10-02 08:50:48') and "ENDRET_AV" = 'Z990192' and "VERSJON" = '0' and "VILKAR_VEDTAK_ID" = '20000402' and "K_VILKAR_STDBEGR" IS NULL and "TRYGDETID_ID" = '20000602'
insert into "PEN"."T_BER_PERIODE"("BER_PERIODE_ID","DATO_FOM","VEDTAK_ID_BRUKER","DATO_TOM","VEDTAK_ID_SAMMENSTOT","DATO_OPPRETTET","OPPRETTET_AV","DATO_ENDRET","ENDRET_AV","VERSJON","VEDTAK_ID","VEDTAK_EIER_FK","BEREGNING_ID","BEREGNING_REVURD_ID","INFO_PAVIRK_YT_ID","EPS_MOTTAR_PENSJON") values ('20000600',TO_DATE('2019-08-01 00:00:00', 'YYYY-MM-DD HH24:MI:SS'),NULL,TO_DATE('2019-10-31 00:00:00', 'YYYY-MM-DD HH24:MI:SS'),NULL,TO_TIMESTAMP('2019-10-02 08:50:51'),'Z990192',TO_TIMESTAMP('2019-10-02 08:50:51'),'Z990192','0','20000600',NULL,NULL,NULL,NULL,'0')
insert into "PEN"."T_BER_PERIODE"("BER_PERIODE_ID","DATO_FOM","VEDTAK_ID_BRUKER","DATO_TOM","VEDTAK_ID_SAMMENSTOT","DATO_OPPRETTET","OPPRETTET_AV","DATO_ENDRET","ENDRET_AV","VERSJON","VEDTAK_ID","VEDTAK_EIER_FK","BEREGNING_ID","BEREGNING_REVURD_ID","INFO_PAVIRK_YT_ID","EPS_MOTTAR_PENSJON") values ('20000601',TO_DATE('2019-11-01 00:00:00', 'YYYY-MM-DD HH24:MI:SS'),NULL,NULL,NULL,TO_TIMESTAMP('2019-10-02 08:50:51'),'Z990192',TO_TIMESTAMP('2019-10-02 08:50:51'),'Z990192','0','20000600',NULL,NULL,NULL,NULL,'0')
insert into "PEN"."T_VEDTAK_BERP_REL"("VEDTAK_BERP_REL_ID","DATO_OPPRETTET","OPPRETTET_AV","DATO_ENDRET","ENDRET_AV","VEDTAK_ID","BER_PERIODE_ID","VERSJON") values ('20000400',TO_TIMESTAMP('2019-10-02 08:50:51'),'Z990192',TO_TIMESTAMP('2019-10-02 08:50:51'),'Z990192','20000600','20000600','0')
insert into "PEN"."T_VEDTAK_BERP_REL"("VEDTAK_BERP_REL_ID","DATO_OPPRETTET","OPPRETTET_AV","DATO_ENDRET","ENDRET_AV","VEDTAK_ID","BER_PERIODE_ID","VERSJON") values ('20000401',TO_TIMESTAMP('2019-10-02 08:50:51'),'Z990192',TO_TIMESTAMP('2019-10-02 08:50:51'),'Z990192','20000600','20000601','0')
insert into "PEN"."T_PERIODE_ARSAK"("PERIODE_ARSAK_ID","DATO_OPPRETTET","OPPRETTET_AV","DATO_ENDRET","ENDRET_AV","VERSJON","BEHANDL_PERIODE_ID","BER_PERIODE_ID","K_PERIODE_ARSAK") values ('20000002',TO_TIMESTAMP('2019-10-02 08:50:51'),'Z990192',TO_TIMESTAMP('2019-10-02 08:50:51'),'Z990192','0',NULL,'20000601','ENDR_UT_67')
update "PEN"."T_KRAVHODE" set "MERKNAD_LISTE" = NULL where "FORRIGE_IVERKSATTE_KRAV" IS NULL and "KRAVHODE_ID_FOR" IS NULL and "DATO_OPPRETTET" = TO_TIMESTAMP('2019-10-02 08:47:35') and "DATO_ENDRET" = TO_TIMESTAMP('2019-10-02 08:50:51') and "ENDRET_AV" = 'Z990192' and "OPPRETTET_AV" = 'Z990192' and "SAK_ID" = '20000600' and "DATO_MOTTATT_KRAV" = TO_DATE('2019-10-02 00:00:00', 'YYYY-MM-DD HH24:MI:SS') and "K_KRAV_GJELDER" = 'FORSTEG_BH' and "K_AFP_T" IS NULL and "K_KRAV_S" = 'VILKARSPROVD' and "VERSJON" = '4' and "K_BEHANDLING_T" = 'MAN' and "ORGANISASJON_NR" IS NULL and "GRUNNLAG_LAST" = '0' and "GYLDIG_VILKAR_PROV" = '1' and "K_INITIERT_AV" = 'ANNET' and "DATO_KOMPLETT" = TO_DATE('2019-10-02 00:00:00', 'YYYY-MM-DD HH24:MI:SS') and "K_FLYT_KRAVLINJE" IS NULL and "BODD_ARB_UTL" = '0' and "KRAV_LAST" = '0' and "PERSON_DOD_ID" IS NULL and "BODD_ARB_UTL_FAR" IS NULL and "DATO_ONSKET_VIRK" = TO_DATE('2019-08-01 00:00:00', 'YYYY-MM-DD HH24:MI:SS') and "KOLLEKTIVE_VILKAR" = '0' and "AFP_TILLEGG" = '0' and "ER_BEREGNET" = '0' and "VUR_TRYGDEAV_FAR" IS NULL and "TSS_ID_AFP" IS NULL and "HENTET_TPS" = '1' and "NORGE_BEHAND_LAND" = '0' and "K_KRAV_VELG_T" = 'VARIG' and "TILBAKEKREVING" = '0' and "FAR_DOD_ID" IS NULL and "SOKT_AFP_PRIVAT" IS NULL and "MOR_DOD_ID" IS NULL and "BODD_ARB_UTL_MOR" IS NULL and "BODD_ARB_UTL_AVDOD" IS NULL and "VUR_TRYGDEAV_MOR" IS NULL and "REV_PGA_RED_OPPTJ" IS NULL and "DATO_VERSJONERING" IS NULL and "VUR_TRYGDEAV_AVDOD" IS NULL and "OVERF_OMS_POENG" = '0' and "BR_OPP_FR_65_I_66" = '0' and "VUR_TRYGDEAV" = '0' and "PEN_ORG_ENHET_ID" = '20000400' and "K_REGELVERK_T" IS NULL and "ER_SAMSTOT_VURDERT" = '1' and "AFP_PRIV_RES_FK_ID" IS NULL and "SIST_AP_BER_2011_ID" IS NULL and "FORRIGE_VEDTAK_TID" IS NULL and "UKJENT_AVDOD" = '0' and "UKJENT_FAR" = '0' and "UKJENT_MOR" = '0' and "BODD_ARB_UTL_EPS" IS NULL and "SISTE_SAKTYPE_FOR_AP" IS NULL and "MOTTATT_TT_OPPL_EPS" IS NULL and "HENTET_FEIL_UTBET_GR" = '0' and "SAKSBEH_DEL_AUTO" IS NULL and "ANTALL_DAGER_ANNEN_YTELSE" IS NULL and "DAGSATS_ANNEN_YTELSE" IS NULL and "STARTET_VILKVURD_UT" = '0' and "KONVERTERINGSGRUNNLAG_UT_ID" IS NULL and "HJEMMEBEREGNING_UT_ID" IS NULL and "DATO_VURDERT_ONSKET_VIRK" IS NULL and "SVAR_MOTTATT_UTLAND" IS NULL and "BT_VURDERING_PERIODE_BENYTTET" = '1' and "BERORT_SAK_BEGRUNNELSE" IS NULL and "K_UTLANDSTILKNYTNING" IS NULL and "DATO_REGISTRERT" = TO_TIMESTAMP('2019-10-02 08:47:35')
update "PEN"."T_KRAVHODE" set "FORRIGE_IVERKSATTE_KRAV" = NULL, "KRAVHODE_ID_FOR" = NULL, "DATO_OPPRETTET" = TO_TIMESTAMP('2019-10-02 08:47:35'), "DATO_ENDRET" = TO_TIMESTAMP('2019-10-02 08:50:51'), "ENDRET_AV" = 'Z990192', "OPPRETTET_AV" = 'Z990192', "SAK_ID" = '20000600', "DATO_MOTTATT_KRAV" = TO_DATE('2019-10-02 00:00:00', 'YYYY-MM-DD HH24:MI:SS'), "K_KRAV_GJELDER" = 'FORSTEG_BH', "K_AFP_T" = NULL, "K_KRAV_S" = 'VILKARSPROVD', "VERSJON" = '4', "K_BEHANDLING_T" = 'MAN', "ORGANISASJON_NR" = NULL, "GRUNNLAG_LAST" = '0', "GYLDIG_VILKAR_PROV" = '1', "K_INITIERT_AV" = 'ANNET', "DATO_KOMPLETT" = TO_DATE('2019-10-02 00:00:00', 'YYYY-MM-DD HH24:MI:SS'), "K_FLYT_KRAVLINJE" = NULL, "BODD_ARB_UTL" = '0', "KRAV_LAST" = '0', "PERSON_DOD_ID" = NULL, "BODD_ARB_UTL_FAR" = NULL, "DATO_ONSKET_VIRK" = TO_DATE('2019-08-01 00:00:00', 'YYYY-MM-DD HH24:MI:SS'), "KOLLEKTIVE_VILKAR" = '0', "AFP_TILLEGG" = '0', "ER_BEREGNET" = '0', "VUR_TRYGDEAV_FAR" = NULL, "TSS_ID_AFP" = NULL, "HENTET_TPS" = '1', "NORGE_BEHAND_LAND" = '0', "K_KRAV_VELG_T" = 'VARIG', "TILBAKEKREVING" = '0', "FAR_DOD_ID" = NULL, "SOKT_AFP_PRIVAT" = NULL, "MOR_DOD_ID" = NULL, "BODD_ARB_UTL_MOR" = NULL, "BODD_ARB_UTL_AVDOD" = NULL, "VUR_TRYGDEAV_MOR" = NULL, "REV_PGA_RED_OPPTJ" = NULL, "DATO_VERSJONERING" = NULL, "VUR_TRYGDEAV_AVDOD" = NULL, "OVERF_OMS_POENG" = '0', "BR_OPP_FR_65_I_66" = '0', "VUR_TRYGDEAV" = '0', "PEN_ORG_ENHET_ID" = '20000400', "K_REGELVERK_T" = NULL, "ER_SAMSTOT_VURDERT" = '1', "AFP_PRIV_RES_FK_ID" = NULL, "SIST_AP_BER_2011_ID" = NULL, "FORRIGE_VEDTAK_TID" = NULL, "UKJENT_AVDOD" = '0', "UKJENT_FAR" = '0', "UKJENT_MOR" = '0', "BODD_ARB_UTL_EPS" = NULL, "SISTE_SAKTYPE_FOR_AP" = NULL, "MOTTATT_TT_OPPL_EPS" = NULL, "HENTET_FEIL_UTBET_GR" = '0', "SAKSBEH_DEL_AUTO" = NULL, "ANTALL_DAGER_ANNEN_YTELSE" = NULL, "DAGSATS_ANNEN_YTELSE" = NULL, "STARTET_VILKVURD_UT" = '0', "KONVERTERINGSGRUNNLAG_UT_ID" = NULL, "HJEMMEBEREGNING_UT_ID" = NULL, "DATO_VURDERT_ONSKET_VIRK" = NULL, "SVAR_MOTTATT_UTLAND" = NULL, "BT_VURDERING_PERIODE_BENYTTET" = '1', "BERORT_SAK_BEGRUNNELSE" = NULL, "MERKNAD_LISTE" = EMPTY_CLOB(), "K_UTLANDSTILKNYTNING" = NULL, "DATO_REGISTRERT" = TO_TIMESTAMP('2019-10-02 08:47:35'), "BREV_INFO_LISTE_ID" = NULL, "BUC_ID" = NULL where "FORRIGE_IVERKSATTE_KRAV" IS NULL and "KRAVHODE_ID_FOR" IS NULL and "DATO_OPPRETTET" = TO_TIMESTAMP('2019-10-02 08:47:35') and "DATO_ENDRET" = TO_TIMESTAMP('2019-10-02 08:50:48') and "ENDRET_AV" = 'Z990192' and "OPPRETTET_AV" = 'Z990192' and "SAK_ID" = '20000600' and "DATO_MOTTATT_KRAV" = TO_DATE('2019-10-02 00:00:00', 'YYYY-MM-DD HH24:MI:SS') and "K_KRAV_GJELDER" = 'FORSTEG_BH' and "K_AFP_T" IS NULL and "K_KRAV_S" = 'VILKARSPROVD' and "VERSJON" = '3' and "K_BEHANDLING_T" = 'MAN' and "ORGANISASJON_NR" IS NULL and "GRUNNLAG_LAST" = '0' and "GYLDIG_VILKAR_PROV" = '1' and "K_INITIERT_AV" = 'ANNET' and "DATO_KOMPLETT" = TO_DATE('2019-10-02 00:00:00', 'YYYY-MM-DD HH24:MI:SS') and "K_FLYT_KRAVLINJE" IS NULL and "BODD_ARB_UTL" = '0' and "KRAV_LAST" = '0' and "PERSON_DOD_ID" IS NULL and "BODD_ARB_UTL_FAR" IS NULL and "DATO_ONSKET_VIRK" = TO_DATE('2019-08-01 00:00:00', 'YYYY-MM-DD HH24:MI:SS') and "KOLLEKTIVE_VILKAR" = '0' and "AFP_TILLEGG" = '0' and "ER_BEREGNET" = '0' and "VUR_TRYGDEAV_FAR" IS NULL and "TSS_ID_AFP" IS NULL and "HENTET_TPS" = '1' and "NORGE_BEHAND_LAND" = '0' and "K_KRAV_VELG_T" = 'VARIG' and "TILBAKEKREVING" = '0' and "FAR_DOD_ID" IS NULL and "SOKT_AFP_PRIVAT" IS NULL and "MOR_DOD_ID" IS NULL and "BODD_ARB_UTL_MOR" IS NULL and "BODD_ARB_UTL_AVDOD" IS NULL and "VUR_TRYGDEAV_MOR" IS NULL and "REV_PGA_RED_OPPTJ" IS NULL and "DATO_VERSJONERING" IS NULL and "VUR_TRYGDEAV_AVDOD" IS NULL and "OVERF_OMS_POENG" = '0' and "BR_OPP_FR_65_I_66" = '0' and "VUR_TRYGDEAV" = '0' and "PEN_ORG_ENHET_ID" = '20000400' and "K_REGELVERK_T" IS NULL and "ER_SAMSTOT_VURDERT" = '0' and "AFP_PRIV_RES_FK_ID" IS NULL and "SIST_AP_BER_2011_ID" IS NULL and "FORRIGE_VEDTAK_TID" IS NULL and "UKJENT_AVDOD" = '0' and "UKJENT_FAR" = '0' and "UKJENT_MOR" = '0' and "BODD_ARB_UTL_EPS" IS NULL and "SISTE_SAKTYPE_FOR_AP" IS NULL and "MOTTATT_TT_OPPL_EPS" IS NULL and "HENTET_FEIL_UTBET_GR" = '0' and "SAKSBEH_DEL_AUTO" IS NULL and "ANTALL_DAGER_ANNEN_YTELSE" IS NULL and "DAGSATS_ANNEN_YTELSE" IS NULL and "STARTET_VILKVURD_UT" = '0' and "KONVERTERINGSGRUNNLAG_UT_ID" IS NULL and "HJEMMEBEREGNING_UT_ID" IS NULL and "DATO_VURDERT_ONSKET_VIRK" IS NULL and "SVAR_MOTTATT_UTLAND" IS NULL and "BT_VURDERING_PERIODE_BENYTTET" = '1' and "BERORT_SAK_BEGRUNNELSE" IS NULL and "K_UTLANDSTILKNYTNING" IS NULL and "DATO_REGISTRERT" = TO_TIMESTAMP('2019-10-02 08:47:35') and "BREV_INFO_LISTE_ID" IS NULL and "BUC_ID" IS NULL
insert into "PEN"."T_KRAVLINJE_S"("KRAVLINJE_S_ID","DATO_OPPRETTET","OPPRETTET_AV","DATO_ENDRET","ENDRET_AV","K_KRAVLINJE_S","KRAVLINJE_ID","VERSJON") values ('20000412',TO_TIMESTAMP('2019-10-02 08:50:52'),'Z990192',TO_TIMESTAMP('2019-10-02 08:50:52'),'Z990192','BEREGNET','20000800','0')
insert into "PEN"."T_PEN_UNDER_UTBET"("PEN_UNDER_UTBET_ID","DATO_OPPRETTET","OPPRETTET_AV","DATO_ENDRET","ENDRET_AV","VERSJON","K_FORMELKODE","PUB_REG_FRATREKK","TOTAL_BELOP_NETTO","TOTAL_BELOP_NETTO_AR","TOTAL_BELOP_BRUTTO","TOTAL_BELOP_BRUTTO_AR") values ('20000600',TO_TIMESTAMP('2019-10-02 08:50:52'),'Z990192',TO_TIMESTAMP('2019-10-02 08:50:52'),'Z990192','0','BPUx','0','32953','395438','32953','395438')
insert into "PEN"."T_PEN_UNDER_UTBET"("PEN_UNDER_UTBET_ID","DATO_OPPRETTET","OPPRETTET_AV","DATO_ENDRET","ENDRET_AV","VERSJON","K_FORMELKODE","PUB_REG_FRATREKK","TOTAL_BELOP_NETTO","TOTAL_BELOP_NETTO_AR","TOTAL_BELOP_BRUTTO","TOTAL_BELOP_BRUTTO_AR") values ('20000601',TO_TIMESTAMP('2019-10-02 08:50:52'),'Z990192',TO_TIMESTAMP('2019-10-02 08:50:52'),'Z990192','0','BPUx','0','32953','395438','32953','395438')
insert into "PEN"."T_AVKORT_INFO"("AVKORT_INFO_ID","OIFU","OIEU","BELOPSGRENSE","INNTEKTSGRENSE","INNTEKTSTAK","UGRADERT_BRUTTO_PER_AR","KOMPENSASJONSGRAD","UTBETALINGSGRAD","FORVENTET_INNTEKT","DATO_OPPRETTET","OPPRETTET_AV","ENDRET_AV","DATO_ENDRET","VERSJON","AVKORTINGSBELOP_PER_AR","DIFFERANSEBELOP","INNTEKTSGRENSE_NESTE_AR","REST_TIL_UTBETALING","K_INNTEKTSAVKORTNING_T","ANTALL_MND_FOR","ANTALL_MND_ETTER","FRIBELOP_VED_VIRK","K_KRAVLINJE_T","REST_TIL_UTBET_FOR_JUST","AVVIKSBELOP","JUST_BELOP_UBEGR_PER_AR","JUST_BELOP_PER_AR","FORV_ETTEROPPGJOR","INNTEKT_PERIODISERT","FRIBELOP_PERIODISERT","K_AVVIKSJUSTERING_T","INNTEKTSTAK_NESTE_AR","OIFU_FOR_BARNETILLEGG") values ('20000000','515354','0','39943','39943','412283','395438','76,73','100','0',TO_TIMESTAMP('2019-10-02 08:50:52'),'Z990192','Z990192',TO_TIMESTAMP('2019-10-02 08:50:52'),'0','0','0','0','98860','ORDINER','0','3',NULL,'UT',NULL,NULL,NULL,NULL,NULL,NULL,NULL,NULL,'0','515354')
insert into "PEN"."T_AVKORT_INFO"("AVKORT_INFO_ID","OIFU","OIEU","BELOPSGRENSE","INNTEKTSGRENSE","INNTEKTSTAK","UGRADERT_BRUTTO_PER_AR","KOMPENSASJONSGRAD","UTBETALINGSGRAD","FORVENTET_INNTEKT","DATO_OPPRETTET","OPPRETTET_AV","ENDRET_AV","DATO_ENDRET","VERSJON","AVKORTINGSBELOP_PER_AR","DIFFERANSEBELOP","INNTEKTSGRENSE_NESTE_AR","REST_TIL_UTBETALING","K_INNTEKTSAVKORTNING_T","ANTALL_MND_FOR","ANTALL_MND_ETTER","FRIBELOP_VED_VIRK","K_KRAVLINJE_T","REST_TIL_UTBET_FOR_JUST","AVVIKSBELOP","JUST_BELOP_UBEGR_PER_AR","JUST_BELOP_PER_AR","FORV_ETTEROPPGJOR","INNTEKT_PERIODISERT","FRIBELOP_PERIODISERT","K_AVVIKSJUSTERING_T","INNTEKTSTAK_NESTE_AR","OIFU_FOR_BARNETILLEGG") values ('20000001','515354','0','39943','39943','412283','395438','76,73','100','0',TO_TIMESTAMP('2019-10-02 08:50:52'),'Z990192','Z990192',TO_TIMESTAMP('2019-10-02 08:50:52'),'0','0','0','0','0','ORDINER','3','0',NULL,'UT',NULL,NULL,NULL,NULL,NULL,NULL,NULL,NULL,'0','515354')
insert into "PEN"."T_ANVENDT_TRYGDETID"("ANVENDT_TRYGDETID_ID","DATO_OPPRETTET","OPPRETTET_AV","DATO_ENDRET","ENDRET_AV","VERSJON","TT_ANV","PRO_RATA") values ('20000400',TO_TIMESTAMP('2019-10-02 08:50:52'),'Z990192',TO_TIMESTAMP('2019-10-02 08:50:52'),'Z990192','0','40',NULL)
insert into "PEN"."T_ANVENDT_TRYGDETID"("ANVENDT_TRYGDETID_ID","DATO_OPPRETTET","OPPRETTET_AV","DATO_ENDRET","ENDRET_AV","VERSJON","TT_ANV","PRO_RATA") values ('20000401',TO_TIMESTAMP('2019-10-02 08:50:52'),'Z990192',TO_TIMESTAMP('2019-10-02 08:50:52'),'Z990192','0','40',NULL)
insert into "PEN"."T_ANVENDT_TRYGDETID"("ANVENDT_TRYGDETID_ID","DATO_OPPRETTET","OPPRETTET_AV","DATO_ENDRET","ENDRET_AV","VERSJON","TT_ANV","PRO_RATA") values ('20000402',TO_TIMESTAMP('2019-10-02 08:50:52'),'Z990192',TO_TIMESTAMP('2019-10-02 08:50:52'),'Z990192','0','40',NULL)
insert into "PEN"."T_ANVENDT_TRYGDETID"("ANVENDT_TRYGDETID_ID","DATO_OPPRETTET","OPPRETTET_AV","DATO_ENDRET","ENDRET_AV","VERSJON","TT_ANV","PRO_RATA") values ('20000403',TO_TIMESTAMP('2019-10-02 08:50:52'),'Z990192',TO_TIMESTAMP('2019-10-02 08:50:52'),'Z990192','0','40',NULL)
insert into "PEN"."T_ANVENDT_TRYGDETID"("ANVENDT_TRYGDETID_ID","DATO_OPPRETTET","OPPRETTET_AV","DATO_ENDRET","ENDRET_AV","VERSJON","TT_ANV","PRO_RATA") values ('20000404',TO_TIMESTAMP('2019-10-02 08:50:52'),'Z990192',TO_TIMESTAMP('2019-10-02 08:50:52'),'Z990192','0','40',NULL)
insert into "PEN"."T_ANVENDT_TRYGDETID"("ANVENDT_TRYGDETID_ID","DATO_OPPRETTET","OPPRETTET_AV","DATO_ENDRET","ENDRET_AV","VERSJON","TT_ANV","PRO_RATA") values ('20000405',TO_TIMESTAMP('2019-10-02 08:50:52'),'Z990192',TO_TIMESTAMP('2019-10-02 08:50:52'),'Z990192','0','40',NULL)
insert into "PEN"."T_ANVENDT_TRYGDETID"("ANVENDT_TRYGDETID_ID","DATO_OPPRETTET","OPPRETTET_AV","DATO_ENDRET","ENDRET_AV","VERSJON","TT_ANV","PRO_RATA") values ('20000406',TO_TIMESTAMP('2019-10-02 08:50:52'),'Z990192',TO_TIMESTAMP('2019-10-02 08:50:52'),'Z990192','0','40',NULL)
insert into "PEN"."T_ANVENDT_TRYGDETID"("ANVENDT_TRYGDETID_ID","DATO_OPPRETTET","OPPRETTET_AV","DATO_ENDRET","ENDRET_AV","VERSJON","TT_ANV","PRO_RATA") values ('20000407',TO_TIMESTAMP('2019-10-02 08:50:52'),'Z990192',TO_TIMESTAMP('2019-10-02 08:50:52'),'Z990192','0','40',NULL)
insert into "PEN"."T_BEREGNINGSGRUNNLAG"("BEREGNINGSGRUNNLAG_ID","K_BER_GRUNNLAG_T","K_FORMELKODE","ARSBELOP","VERSJON","OPPRETTET_AV","DATO_OPPRETTET","ENDRET_AV","DATO_ENDRET","SKATTEKOMP_BELOP_ID","INNTEKT_VED_SKADETIDSPUNKT","SKADETIDSPUNKT","ANTATT_INNTEKT_FAKTOR_KAP_19","NASJONALT_SNITT","SLUTTPOENGTALL","ANTATT_INNTEKT_FAKTOR_KAP_20") values ('20000000','ORDINER',NULL,'599148','0','Z990192',TO_TIMESTAMP('2019-10-02 08:50:52'),'Z990192',TO_TIMESTAMP('2019-10-02 08:50:52'),NULL,NULL,NULL,'5,2999588657070245','0','0','6,899876597121074')
insert into "PEN"."T_BEREGNINGSGRUNNLAG"("BEREGNINGSGRUNNLAG_ID","K_BER_GRUNNLAG_T","K_FORMELKODE","ARSBELOP","VERSJON","OPPRETTET_AV","DATO_OPPRETTET","ENDRET_AV","DATO_ENDRET","SKATTEKOMP_BELOP_ID","INNTEKT_VED_SKADETIDSPUNKT","SKADETIDSPUNKT","ANTATT_INNTEKT_FAKTOR_KAP_19","NASJONALT_SNITT","SLUTTPOENGTALL","ANTATT_INNTEKT_FAKTOR_KAP_20") values ('20000001','ORDINER',NULL,'599148','0','Z990192',TO_TIMESTAMP('2019-10-02 08:50:52'),'Z990192',TO_TIMESTAMP('2019-10-02 08:50:52'),NULL,NULL,NULL,'5,2999588657070245','0','0','6,899876597121074')
insert into "PEN"."T_BEREGNINGSGRUNNLAG"("BEREGNINGSGRUNNLAG_ID","K_BER_GRUNNLAG_T","K_FORMELKODE","ARSBELOP","VERSJON","OPPRETTET_AV","DATO_OPPRETTET","ENDRET_AV","DATO_ENDRET","SKATTEKOMP_BELOP_ID","INNTEKT_VED_SKADETIDSPUNKT","SKADETIDSPUNKT","ANTATT_INNTEKT_FAKTOR_KAP_19","NASJONALT_SNITT","SLUTTPOENGTALL","ANTATT_INNTEKT_FAKTOR_KAP_20") values ('20000002','ORDINER',NULL,'599148','0','Z990192',TO_TIMESTAMP('2019-10-02 08:50:52'),'Z990192',TO_TIMESTAMP('2019-10-02 08:50:52'),NULL,NULL,NULL,'5,2999588657070245','0','0','6,899876597121074')
insert into "PEN"."T_BEREGNINGSGRUNNLAG"("BEREGNINGSGRUNNLAG_ID","K_BER_GRUNNLAG_T","K_FORMELKODE","ARSBELOP","VERSJON","OPPRETTET_AV","DATO_OPPRETTET","ENDRET_AV","DATO_ENDRET","SKATTEKOMP_BELOP_ID","INNTEKT_VED_SKADETIDSPUNKT","SKADETIDSPUNKT","ANTATT_INNTEKT_FAKTOR_KAP_19","NASJONALT_SNITT","SLUTTPOENGTALL","ANTATT_INNTEKT_FAKTOR_KAP_20") values ('20000003','ORDINER',NULL,'599148','0','Z990192',TO_TIMESTAMP('2019-10-02 08:50:52'),'Z990192',TO_TIMESTAMP('2019-10-02 08:50:52'),NULL,NULL,NULL,'5,2999588657070245','0','0','6,899876597121074')
insert into "PEN"."T_OPPTJENING_UT"("OPPTJENING_UT_ID","BRUKT_I_BEREGNING","K_FORMELKODE","PGI","JUSTERT_BELOP","AVKORTET_BELOP","K_POENGTALL_T","VEIET_G","AR","BER_GRUNNLAG_ORDINER_ID","VERSJON","OPPRETTET_AV","DATO_OPPRETTET","ENDRET_AV","DATO_ENDRET","FORSTEGANGSTJENESTE_BELOP","BELOP","OMSORGSAR","JUSTERT_PGI","GARANTI_BELOP","INNTEKT_I_AVTALELAND","UFOREOPPTJENING","MERKNAD_LISTE") values ('20000000','0',NULL,'0','0','0',NULL,'95800','2018','20000000','0','Z990192',TO_TIMESTAMP('2019-10-02 08:50:52'),'Z990192',TO_TIMESTAMP('2019-10-02 08:50:52'),'0','0','0','0','0','0','0',EMPTY_CLOB())
update "PEN"."T_OPPTJENING_UT" set "MERKNAD_LISTE" = NULL where "OPPTJENING_UT_ID" = '20000000' and "BRUKT_I_BEREGNING" = '0' and "K_FORMELKODE" IS NULL and "PGI" = '0' and "JUSTERT_BELOP" = '0' and "AVKORTET_BELOP" = '0' and "K_POENGTALL_T" IS NULL and "VEIET_G" = '95800' and "AR" = '2018' and "BER_GRUNNLAG_ORDINER_ID" = '20000000' and "VERSJON" = '0' and "OPPRETTET_AV" = 'Z990192' and "DATO_OPPRETTET" = TO_TIMESTAMP('2019-10-02 08:50:52') and "ENDRET_AV" = 'Z990192' and "DATO_ENDRET" = TO_TIMESTAMP('2019-10-02 08:50:52') and "FORSTEGANGSTJENESTE_BELOP" = '0' and "BELOP" = '0' and "OMSORGSAR" = '0' and "JUSTERT_PGI" = '0' and "GARANTI_BELOP" = '0' and "INNTEKT_I_AVTALELAND" = '0' and "UFOREOPPTJENING" = '0'
insert into "PEN"."T_OPPTJENING_UT"("OPPTJENING_UT_ID","BRUKT_I_BEREGNING","K_FORMELKODE","PGI","JUSTERT_BELOP","AVKORTET_BELOP","K_POENGTALL_T","VEIET_G","AR","BER_GRUNNLAG_ORDINER_ID","VERSJON","OPPRETTET_AV","DATO_OPPRETTET","ENDRET_AV","DATO_ENDRET","FORSTEGANGSTJENESTE_BELOP","BELOP","OMSORGSAR","JUSTERT_PGI","GARANTI_BELOP","INNTEKT_I_AVTALELAND","UFOREOPPTJENING","MERKNAD_LISTE") values ('20000001','1',NULL,'642286','687571,910549844','599148',NULL,'93281','2017','20000000','0','Z990192',TO_TIMESTAMP('2019-10-02 08:50:52'),'Z990192',TO_TIMESTAMP('2019-10-02 08:50:52'),'0','642286','0','0','0','0','687571,910549844',EMPTY_CLOB())
insert into "PEN"."T_OPPTJENING_UT"("OPPTJENING_UT_ID","BRUKT_I_BEREGNING","K_FORMELKODE","PGI","JUSTERT_BELOP","AVKORTET_BELOP","K_POENGTALL_T","VEIET_G","AR","BER_GRUNNLAG_ORDINER_ID","VERSJON","OPPRETTET_AV","DATO_OPPRETTET","ENDRET_AV","DATO_ENDRET","FORSTEGANGSTJENESTE_BELOP","BELOP","OMSORGSAR","JUSTERT_PGI","GARANTI_BELOP","INNTEKT_I_AVTALELAND","UFOREOPPTJENING","MERKNAD_LISTE") values ('20000002','1',NULL,'637935','694385,3633093525','599148',NULL,'91740','2016','20000000','0','Z990192',TO_TIMESTAMP('2019-10-02 08:50:52'),'Z990192',TO_TIMESTAMP('2019-10-02 08:50:52'),'0','637935','0','0','0','0','694385,3633093525',EMPTY_CLOB())
insert into "PEN"."T_OPPTJENING_UT"("OPPTJENING_UT_ID","BRUKT_I_BEREGNING","K_FORMELKODE","PGI","JUSTERT_BELOP","AVKORTET_BELOP","K_POENGTALL_T","VEIET_G","AR","BER_GRUNNLAG_ORDINER_ID","VERSJON","OPPRETTET_AV","DATO_OPPRETTET","ENDRET_AV","DATO_ENDRET","FORSTEGANGSTJENESTE_BELOP","BELOP","OMSORGSAR","JUSTERT_PGI","GARANTI_BELOP","INNTEKT_I_AVTALELAND","UFOREOPPTJENING","MERKNAD_LISTE") values ('20000003','1',NULL,'614020','685066,357846752','599148',NULL,'89502','2015','20000000','0','Z990192',TO_TIMESTAMP('2019-10-02 08:50:52'),'Z990192',TO_TIMESTAMP('2019-10-02 08:50:52'),'0','614020','0','0','0','0','685066,357846752',EMPTY_CLOB())
insert into "PEN"."T_OPPTJENING_UT"("OPPTJENING_UT_ID","BRUKT_I_BEREGNING","K_FORMELKODE","PGI","JUSTERT_BELOP","AVKORTET_BELOP","K_POENGTALL_T","VEIET_G","AR","BER_GRUNNLAG_ORDINER_ID","VERSJON","OPPRETTET_AV","DATO_OPPRETTET","ENDRET_AV","DATO_ENDRET","FORSTEGANGSTJENESTE_BELOP","BELOP","OMSORGSAR","JUSTERT_PGI","GARANTI_BELOP","INNTEKT_I_AVTALELAND","UFOREOPPTJENING","MERKNAD_LISTE") values ('20000004','0',NULL,'592995','678079,1350998534','599148',NULL,'87328','2014','20000000','0','Z990192',TO_TIMESTAMP('2019-10-02 08:50:52'),'Z990192',TO_TIMESTAMP('2019-10-02 08:50:52'),'0','592995','0','0','0','0','0',EMPTY_CLOB())
insert into "PEN"."T_OPPTJENING_UT"("OPPTJENING_UT_ID","BRUKT_I_BEREGNING","K_FORMELKODE","PGI","JUSTERT_BELOP","AVKORTET_BELOP","K_POENGTALL_T","VEIET_G","AR","BER_GRUNNLAG_ORDINER_ID","VERSJON","OPPRETTET_AV","DATO_OPPRETTET","ENDRET_AV","DATO_ENDRET","FORSTEGANGSTJENESTE_BELOP","BELOP","OMSORGSAR","JUSTERT_PGI","GARANTI_BELOP","INNTEKT_I_AVTALELAND","UFOREOPPTJENING","MERKNAD_LISTE") values ('20000005','0',NULL,'0','0','0',NULL,'95800','2018','20000001','0','Z990192',TO_TIMESTAMP('2019-10-02 08:50:52'),'Z990192',TO_TIMESTAMP('2019-10-02 08:50:52'),'0','0','0','0','0','0','0',EMPTY_CLOB())
update "PEN"."T_OPPTJENING_UT" set "MERKNAD_LISTE" = NULL where "OPPTJENING_UT_ID" = '20000005' and "BRUKT_I_BEREGNING" = '0' and "K_FORMELKODE" IS NULL and "PGI" = '0' and "JUSTERT_BELOP" = '0' and "AVKORTET_BELOP" = '0' and "K_POENGTALL_T" IS NULL and "VEIET_G" = '95800' and "AR" = '2018' and "BER_GRUNNLAG_ORDINER_ID" = '20000001' and "VERSJON" = '0' and "OPPRETTET_AV" = 'Z990192' and "DATO_OPPRETTET" = TO_TIMESTAMP('2019-10-02 08:50:52') and "ENDRET_AV" = 'Z990192' and "DATO_ENDRET" = TO_TIMESTAMP('2019-10-02 08:50:52') and "FORSTEGANGSTJENESTE_BELOP" = '0' and "BELOP" = '0' and "OMSORGSAR" = '0' and "JUSTERT_PGI" = '0' and "GARANTI_BELOP" = '0' and "INNTEKT_I_AVTALELAND" = '0' and "UFOREOPPTJENING" = '0'
insert into "PEN"."T_OPPTJENING_UT"("OPPTJENING_UT_ID","BRUKT_I_BEREGNING","K_FORMELKODE","PGI","JUSTERT_BELOP","AVKORTET_BELOP","K_POENGTALL_T","VEIET_G","AR","BER_GRUNNLAG_ORDINER_ID","VERSJON","OPPRETTET_AV","DATO_OPPRETTET","ENDRET_AV","DATO_ENDRET","FORSTEGANGSTJENESTE_BELOP","BELOP","OMSORGSAR","JUSTERT_PGI","GARANTI_BELOP","INNTEKT_I_AVTALELAND","UFOREOPPTJENING","MERKNAD_LISTE") values ('20000006','1',NULL,'642286','687571,910549844','599148',NULL,'93281','2017','20000001','0','Z990192',TO_TIMESTAMP('2019-10-02 08:50:52'),'Z990192',TO_TIMESTAMP('2019-10-02 08:50:52'),'0','642286','0','0','0','0','687571,910549844',EMPTY_CLOB())
insert into "PEN"."T_OPPTJENING_UT"("OPPTJENING_UT_ID","BRUKT_I_BEREGNING","K_FORMELKODE","PGI","JUSTERT_BELOP","AVKORTET_BELOP","K_POENGTALL_T","VEIET_G","AR","BER_GRUNNLAG_ORDINER_ID","VERSJON","OPPRETTET_AV","DATO_OPPRETTET","ENDRET_AV","DATO_ENDRET","FORSTEGANGSTJENESTE_BELOP","BELOP","OMSORGSAR","JUSTERT_PGI","GARANTI_BELOP","INNTEKT_I_AVTALELAND","UFOREOPPTJENING","MERKNAD_LISTE") values ('20000007','1',NULL,'637935','694385,3633093525','599148',NULL,'91740','2016','20000001','0','Z990192',TO_TIMESTAMP('2019-10-02 08:50:52'),'Z990192',TO_TIMESTAMP('2019-10-02 08:50:52'),'0','637935','0','0','0','0','694385,3633093525',EMPTY_CLOB())
insert into "PEN"."T_OPPTJENING_UT"("OPPTJENING_UT_ID","BRUKT_I_BEREGNING","K_FORMELKODE","PGI","JUSTERT_BELOP","AVKORTET_BELOP","K_POENGTALL_T","VEIET_G","AR","BER_GRUNNLAG_ORDINER_ID","VERSJON","OPPRETTET_AV","DATO_OPPRETTET","ENDRET_AV","DATO_ENDRET","FORSTEGANGSTJENESTE_BELOP","BELOP","OMSORGSAR","JUSTERT_PGI","GARANTI_BELOP","INNTEKT_I_AVTALELAND","UFOREOPPTJENING","MERKNAD_LISTE") values ('20000008','1',NULL,'614020','685066,357846752','599148',NULL,'89502','2015','20000001','0','Z990192',TO_TIMESTAMP('2019-10-02 08:50:52'),'Z990192',TO_TIMESTAMP('2019-10-02 08:50:52'),'0','614020','0','0','0','0','685066,357846752',EMPTY_CLOB())
insert into "PEN"."T_OPPTJENING_UT"("OPPTJENING_UT_ID","BRUKT_I_BEREGNING","K_FORMELKODE","PGI","JUSTERT_BELOP","AVKORTET_BELOP","K_POENGTALL_T","VEIET_G","AR","BER_GRUNNLAG_ORDINER_ID","VERSJON","OPPRETTET_AV","DATO_OPPRETTET","ENDRET_AV","DATO_ENDRET","FORSTEGANGSTJENESTE_BELOP","BELOP","OMSORGSAR","JUSTERT_PGI","GARANTI_BELOP","INNTEKT_I_AVTALELAND","UFOREOPPTJENING","MERKNAD_LISTE") values ('20000009','0',NULL,'592995','678079,1350998534','599148',NULL,'87328','2014','20000001','0','Z990192',TO_TIMESTAMP('2019-10-02 08:50:52'),'Z990192',TO_TIMESTAMP('2019-10-02 08:50:52'),'0','592995','0','0','0','0','0',EMPTY_CLOB())
insert into "PEN"."T_OPPTJENING_UT"("OPPTJENING_UT_ID","BRUKT_I_BEREGNING","K_FORMELKODE","PGI","JUSTERT_BELOP","AVKORTET_BELOP","K_POENGTALL_T","VEIET_G","AR","BER_GRUNNLAG_ORDINER_ID","VERSJON","OPPRETTET_AV","DATO_OPPRETTET","ENDRET_AV","DATO_ENDRET","FORSTEGANGSTJENESTE_BELOP","BELOP","OMSORGSAR","JUSTERT_PGI","GARANTI_BELOP","INNTEKT_I_AVTALELAND","UFOREOPPTJENING","MERKNAD_LISTE") values ('20000010','0',NULL,'0','0','0',NULL,'95800','2018','20000002','0','Z990192',TO_TIMESTAMP('2019-10-02 08:50:52'),'Z990192',TO_TIMESTAMP('2019-10-02 08:50:52'),'0','0','0','0','0','0','0',EMPTY_CLOB())
update "PEN"."T_OPPTJENING_UT" set "MERKNAD_LISTE" = NULL where "OPPTJENING_UT_ID" = '20000010' and "BRUKT_I_BEREGNING" = '0' and "K_FORMELKODE" IS NULL and "PGI" = '0' and "JUSTERT_BELOP" = '0' and "AVKORTET_BELOP" = '0' and "K_POENGTALL_T" IS NULL and "VEIET_G" = '95800' and "AR" = '2018' and "BER_GRUNNLAG_ORDINER_ID" = '20000002' and "VERSJON" = '0' and "OPPRETTET_AV" = 'Z990192' and "DATO_OPPRETTET" = TO_TIMESTAMP('2019-10-02 08:50:52') and "ENDRET_AV" = 'Z990192' and "DATO_ENDRET" = TO_TIMESTAMP('2019-10-02 08:50:52') and "FORSTEGANGSTJENESTE_BELOP" = '0' and "BELOP" = '0' and "OMSORGSAR" = '0' and "JUSTERT_PGI" = '0' and "GARANTI_BELOP" = '0' and "INNTEKT_I_AVTALELAND" = '0' and "UFOREOPPTJENING" = '0'
insert into "PEN"."T_OPPTJENING_UT"("OPPTJENING_UT_ID","BRUKT_I_BEREGNING","K_FORMELKODE","PGI","JUSTERT_BELOP","AVKORTET_BELOP","K_POENGTALL_T","VEIET_G","AR","BER_GRUNNLAG_ORDINER_ID","VERSJON","OPPRETTET_AV","DATO_OPPRETTET","ENDRET_AV","DATO_ENDRET","FORSTEGANGSTJENESTE_BELOP","BELOP","OMSORGSAR","JUSTERT_PGI","GARANTI_BELOP","INNTEKT_I_AVTALELAND","UFOREOPPTJENING","MERKNAD_LISTE") values ('20000011','1',NULL,'642286','687571,910549844','599148',NULL,'93281','2017','20000002','0','Z990192',TO_TIMESTAMP('2019-10-02 08:50:52'),'Z990192',TO_TIMESTAMP('2019-10-02 08:50:52'),'0','642286','0','0','0','0','687571,910549844',EMPTY_CLOB())
insert into "PEN"."T_OPPTJENING_UT"("OPPTJENING_UT_ID","BRUKT_I_BEREGNING","K_FORMELKODE","PGI","JUSTERT_BELOP","AVKORTET_BELOP","K_POENGTALL_T","VEIET_G","AR","BER_GRUNNLAG_ORDINER_ID","VERSJON","OPPRETTET_AV","DATO_OPPRETTET","ENDRET_AV","DATO_ENDRET","FORSTEGANGSTJENESTE_BELOP","BELOP","OMSORGSAR","JUSTERT_PGI","GARANTI_BELOP","INNTEKT_I_AVTALELAND","UFOREOPPTJENING","MERKNAD_LISTE") values ('20000012','1',NULL,'637935','694385,3633093525','599148',NULL,'91740','2016','20000002','0','Z990192',TO_TIMESTAMP('2019-10-02 08:50:52'),'Z990192',TO_TIMESTAMP('2019-10-02 08:50:52'),'0','637935','0','0','0','0','694385,3633093525',EMPTY_CLOB())
insert into "PEN"."T_OPPTJENING_UT"("OPPTJENING_UT_ID","BRUKT_I_BEREGNING","K_FORMELKODE","PGI","JUSTERT_BELOP","AVKORTET_BELOP","K_POENGTALL_T","VEIET_G","AR","BER_GRUNNLAG_ORDINER_ID","VERSJON","OPPRETTET_AV","DATO_OPPRETTET","ENDRET_AV","DATO_ENDRET","FORSTEGANGSTJENESTE_BELOP","BELOP","OMSORGSAR","JUSTERT_PGI","GARANTI_BELOP","INNTEKT_I_AVTALELAND","UFOREOPPTJENING","MERKNAD_LISTE") values ('20000013','1',NULL,'614020','685066,357846752','599148',NULL,'89502','2015','20000002','0','Z990192',TO_TIMESTAMP('2019-10-02 08:50:52'),'Z990192',TO_TIMESTAMP('2019-10-02 08:50:52'),'0','614020','0','0','0','0','685066,357846752',EMPTY_CLOB())
insert into "PEN"."T_OPPTJENING_UT"("OPPTJENING_UT_ID","BRUKT_I_BEREGNING","K_FORMELKODE","PGI","JUSTERT_BELOP","AVKORTET_BELOP","K_POENGTALL_T","VEIET_G","AR","BER_GRUNNLAG_ORDINER_ID","VERSJON","OPPRETTET_AV","DATO_OPPRETTET","ENDRET_AV","DATO_ENDRET","FORSTEGANGSTJENESTE_BELOP","BELOP","OMSORGSAR","JUSTERT_PGI","GARANTI_BELOP","INNTEKT_I_AVTALELAND","UFOREOPPTJENING","MERKNAD_LISTE") values ('20000014','0',NULL,'592995','678079,1350998534','599148',NULL,'87328','2014','20000002','0','Z990192',TO_TIMESTAMP('2019-10-02 08:50:52'),'Z990192',TO_TIMESTAMP('2019-10-02 08:50:52'),'0','592995','0','0','0','0','0',EMPTY_CLOB())
insert into "PEN"."T_OPPTJENING_UT"("OPPTJENING_UT_ID","BRUKT_I_BEREGNING","K_FORMELKODE","PGI","JUSTERT_BELOP","AVKORTET_BELOP","K_POENGTALL_T","VEIET_G","AR","BER_GRUNNLAG_ORDINER_ID","VERSJON","OPPRETTET_AV","DATO_OPPRETTET","ENDRET_AV","DATO_ENDRET","FORSTEGANGSTJENESTE_BELOP","BELOP","OMSORGSAR","JUSTERT_PGI","GARANTI_BELOP","INNTEKT_I_AVTALELAND","UFOREOPPTJENING","MERKNAD_LISTE") values ('20000015','0',NULL,'0','0','0',NULL,'95800','2018','20000003','0','Z990192',TO_TIMESTAMP('2019-10-02 08:50:52'),'Z990192',TO_TIMESTAMP('2019-10-02 08:50:52'),'0','0','0','0','0','0','0',EMPTY_CLOB())
update "PEN"."T_OPPTJENING_UT" set "MERKNAD_LISTE" = NULL where "OPPTJENING_UT_ID" = '20000015' and "BRUKT_I_BEREGNING" = '0' and "K_FORMELKODE" IS NULL and "PGI" = '0' and "JUSTERT_BELOP" = '0' and "AVKORTET_BELOP" = '0' and "K_POENGTALL_T" IS NULL and "VEIET_G" = '95800' and "AR" = '2018' and "BER_GRUNNLAG_ORDINER_ID" = '20000003' and "VERSJON" = '0' and "OPPRETTET_AV" = 'Z990192' and "DATO_OPPRETTET" = TO_TIMESTAMP('2019-10-02 08:50:52') and "ENDRET_AV" = 'Z990192' and "DATO_ENDRET" = TO_TIMESTAMP('2019-10-02 08:50:52') and "FORSTEGANGSTJENESTE_BELOP" = '0' and "BELOP" = '0' and "OMSORGSAR" = '0' and "JUSTERT_PGI" = '0' and "GARANTI_BELOP" = '0' and "INNTEKT_I_AVTALELAND" = '0' and "UFOREOPPTJENING" = '0'
insert into "PEN"."T_OPPTJENING_UT"("OPPTJENING_UT_ID","BRUKT_I_BEREGNING","K_FORMELKODE","PGI","JUSTERT_BELOP","AVKORTET_BELOP","K_POENGTALL_T","VEIET_G","AR","BER_GRUNNLAG_ORDINER_ID","VERSJON","OPPRETTET_AV","DATO_OPPRETTET","ENDRET_AV","DATO_ENDRET","FORSTEGANGSTJENESTE_BELOP","BELOP","OMSORGSAR","JUSTERT_PGI","GARANTI_BELOP","INNTEKT_I_AVTALELAND","UFOREOPPTJENING","MERKNAD_LISTE") values ('20000016','1',NULL,'642286','687571,910549844','599148',NULL,'93281','2017','20000003','0','Z990192',TO_TIMESTAMP('2019-10-02 08:50:52'),'Z990192',TO_TIMESTAMP('2019-10-02 08:50:52'),'0','642286','0','0','0','0','687571,910549844',EMPTY_CLOB())
insert into "PEN"."T_OPPTJENING_UT"("OPPTJENING_UT_ID","BRUKT_I_BEREGNING","K_FORMELKODE","PGI","JUSTERT_BELOP","AVKORTET_BELOP","K_POENGTALL_T","VEIET_G","AR","BER_GRUNNLAG_ORDINER_ID","VERSJON","OPPRETTET_AV","DATO_OPPRETTET","ENDRET_AV","DATO_ENDRET","FORSTEGANGSTJENESTE_BELOP","BELOP","OMSORGSAR","JUSTERT_PGI","GARANTI_BELOP","INNTEKT_I_AVTALELAND","UFOREOPPTJENING","MERKNAD_LISTE") values ('20000017','1',NULL,'637935','694385,3633093525','599148',NULL,'91740','2016','20000003','0','Z990192',TO_TIMESTAMP('2019-10-02 08:50:52'),'Z990192',TO_TIMESTAMP('2019-10-02 08:50:52'),'0','637935','0','0','0','0','694385,3633093525',EMPTY_CLOB())
insert into "PEN"."T_OPPTJENING_UT"("OPPTJENING_UT_ID","BRUKT_I_BEREGNING","K_FORMELKODE","PGI","JUSTERT_BELOP","AVKORTET_BELOP","K_POENGTALL_T","VEIET_G","AR","BER_GRUNNLAG_ORDINER_ID","VERSJON","OPPRETTET_AV","DATO_OPPRETTET","ENDRET_AV","DATO_ENDRET","FORSTEGANGSTJENESTE_BELOP","BELOP","OMSORGSAR","JUSTERT_PGI","GARANTI_BELOP","INNTEKT_I_AVTALELAND","UFOREOPPTJENING","MERKNAD_LISTE") values ('20000018','1',NULL,'614020','685066,357846752','599148',NULL,'89502','2015','20000003','0','Z990192',TO_TIMESTAMP('2019-10-02 08:50:52'),'Z990192',TO_TIMESTAMP('2019-10-02 08:50:52'),'0','614020','0','0','0','0','685066,357846752',EMPTY_CLOB())
insert into "PEN"."T_OPPTJENING_UT"("OPPTJENING_UT_ID","BRUKT_I_BEREGNING","K_FORMELKODE","PGI","JUSTERT_BELOP","AVKORTET_BELOP","K_POENGTALL_T","VEIET_G","AR","BER_GRUNNLAG_ORDINER_ID","VERSJON","OPPRETTET_AV","DATO_OPPRETTET","ENDRET_AV","DATO_ENDRET","FORSTEGANGSTJENESTE_BELOP","BELOP","OMSORGSAR","JUSTERT_PGI","GARANTI_BELOP","INNTEKT_I_AVTALELAND","UFOREOPPTJENING","MERKNAD_LISTE") values ('20000019','0',NULL,'592995','678079,1350998534','599148',NULL,'87328','2014','20000003','0','Z990192',TO_TIMESTAMP('2019-10-02 08:50:52'),'Z990192',TO_TIMESTAMP('2019-10-02 08:50:52'),'0','592995','0','0','0','0','0',EMPTY_CLOB())
insert into "PEN"."T_EGENOPPTJN_UT"("EGENOPPTJN_UT_ID","K_FORMELKODE","ARSBELOP","BER_GRUNNLAG_ORDINER_ID","FAKTOR","VERSJON","OPPRETTET_AV","DATO_OPPRETTET","ENDRET_AV","DATO_ENDRET","BER_GRUNNLAG_YRKESSKADE_ID","BER_GRUNNLAG_YRKESSKADE_BEST","ANVENDT_TRYGDETID_ID","KONV_PASLAG_RED_GP","KONV_PASLAG_RED_GP_S") values ('20000000','YgOrdiner','395438','20000000',',66','0','Z990192',TO_TIMESTAMP('2019-10-02 08:50:52'),'Z990192',TO_TIMESTAMP('2019-10-02 08:50:52'),NULL,'0','20000400','0','0')
insert into "PEN"."T_EGENOPPTJN_UT"("EGENOPPTJN_UT_ID","K_FORMELKODE","ARSBELOP","BER_GRUNNLAG_ORDINER_ID","FAKTOR","VERSJON","OPPRETTET_AV","DATO_OPPRETTET","ENDRET_AV","DATO_ENDRET","BER_GRUNNLAG_YRKESSKADE_ID","BER_GRUNNLAG_YRKESSKADE_BEST","ANVENDT_TRYGDETID_ID","KONV_PASLAG_RED_GP","KONV_PASLAG_RED_GP_S") values ('20000001','YgOrdiner','395438','20000001',',66','0','Z990192',TO_TIMESTAMP('2019-10-02 08:50:52'),'Z990192',TO_TIMESTAMP('2019-10-02 08:50:52'),NULL,'0','20000402','0','0')
insert into "PEN"."T_EGENOPPTJN_UT"("EGENOPPTJN_UT_ID","K_FORMELKODE","ARSBELOP","BER_GRUNNLAG_ORDINER_ID","FAKTOR","VERSJON","OPPRETTET_AV","DATO_OPPRETTET","ENDRET_AV","DATO_ENDRET","BER_GRUNNLAG_YRKESSKADE_ID","BER_GRUNNLAG_YRKESSKADE_BEST","ANVENDT_TRYGDETID_ID","KONV_PASLAG_RED_GP","KONV_PASLAG_RED_GP_S") values ('20000002','YgOrdiner','395438','20000002',',66','0','Z990192',TO_TIMESTAMP('2019-10-02 08:50:52'),'Z990192',TO_TIMESTAMP('2019-10-02 08:50:52'),NULL,'0','20000404','0','0')
insert into "PEN"."T_EGENOPPTJN_UT"("EGENOPPTJN_UT_ID","K_FORMELKODE","ARSBELOP","BER_GRUNNLAG_ORDINER_ID","FAKTOR","VERSJON","OPPRETTET_AV","DATO_OPPRETTET","ENDRET_AV","DATO_ENDRET","BER_GRUNNLAG_YRKESSKADE_ID","BER_GRUNNLAG_YRKESSKADE_BEST","ANVENDT_TRYGDETID_ID","KONV_PASLAG_RED_GP","KONV_PASLAG_RED_GP_S") values ('20000003','YgOrdiner','395438','20000003',',66','0','Z990192',TO_TIMESTAMP('2019-10-02 08:50:52'),'Z990192',TO_TIMESTAMP('2019-10-02 08:50:52'),NULL,'0','20000406','0','0')
insert into "PEN"."T_SATS_MINSTEYTELSE"("SATS_MINSTEYTELSE_ID","SATS","K_MINSTEYTELSENIVA","K_BOR_MED_T","UNG_UFOR_BENYTTET","UNG_UFOR_OPPFYLT","VERSJON","OPPRETTET_AV","DATO_OPPRETTET","ENDRET_AV","DATO_ENDRET","EKSPORTFORBUD_UNG_UFOR") values ('20000000','2,91','UNG_UFOR_ENSLIG',NULL,'1','1','0','Z990192',TO_TIMESTAMP('2019-10-02 08:50:52'),'Z990192',TO_TIMESTAMP('2019-10-02 08:50:52'),'0')
insert into "PEN"."T_SATS_MINSTEYTELSE"("SATS_MINSTEYTELSE_ID","SATS","K_MINSTEYTELSENIVA","K_BOR_MED_T","UNG_UFOR_BENYTTET","UNG_UFOR_OPPFYLT","VERSJON","OPPRETTET_AV","DATO_OPPRETTET","ENDRET_AV","DATO_ENDRET","EKSPORTFORBUD_UNG_UFOR") values ('20000001','2,91','UNG_UFOR_ENSLIG',NULL,'1','1','0','Z990192',TO_TIMESTAMP('2019-10-02 08:50:52'),'Z990192',TO_TIMESTAMP('2019-10-02 08:50:52'),'0')
insert into "PEN"."T_SATS_MINSTEYTELSE"("SATS_MINSTEYTELSE_ID","SATS","K_MINSTEYTELSENIVA","K_BOR_MED_T","UNG_UFOR_BENYTTET","UNG_UFOR_OPPFYLT","VERSJON","OPPRETTET_AV","DATO_OPPRETTET","ENDRET_AV","DATO_ENDRET","EKSPORTFORBUD_UNG_UFOR") values ('20000002','2,91','UNG_UFOR_ENSLIG',NULL,'1','1','0','Z990192',TO_TIMESTAMP('2019-10-02 08:50:52'),'Z990192',TO_TIMESTAMP('2019-10-02 08:50:52'),'0')
insert into "PEN"."T_SATS_MINSTEYTELSE"("SATS_MINSTEYTELSE_ID","SATS","K_MINSTEYTELSENIVA","K_BOR_MED_T","UNG_UFOR_BENYTTET","UNG_UFOR_OPPFYLT","VERSJON","OPPRETTET_AV","DATO_OPPRETTET","ENDRET_AV","DATO_ENDRET","EKSPORTFORBUD_UNG_UFOR") values ('20000003','2,91','UNG_UFOR_ENSLIG',NULL,'1','1','0','Z990192',TO_TIMESTAMP('2019-10-02 08:50:52'),'Z990192',TO_TIMESTAMP('2019-10-02 08:50:52'),'0')
insert into "PEN"."T_MINSTEYTELSE"("MINSTEYTELSE_ID","K_FORMELKODE","SATS_MINSTEYTELSE_ID","ARSBELOP","VERSJON","OPPRETTET_AV","DATO_OPPRETTET","ENDRET_AV","DATO_ENDRET","ANVENDT_TRYGDETID_ID","EKSPORTFORBUD","MERKNAD_LISTE") values ('20000000','MyOrdiner','20000000','290587','0','Z990192',TO_TIMESTAMP('2019-10-02 08:50:52'),'Z990192',TO_TIMESTAMP('2019-10-02 08:50:52'),'20000401','0',EMPTY_CLOB())
update "PEN"."T_MINSTEYTELSE" set "MERKNAD_LISTE" = NULL where "MINSTEYTELSE_ID" = '20000000' and "K_FORMELKODE" = 'MyOrdiner' and "SATS_MINSTEYTELSE_ID" = '20000000' and "ARSBELOP" = '290587' and "VERSJON" = '0' and "OPPRETTET_AV" = 'Z990192' and "DATO_OPPRETTET" = TO_TIMESTAMP('2019-10-02 08:50:52') and "ENDRET_AV" = 'Z990192' and "DATO_ENDRET" = TO_TIMESTAMP('2019-10-02 08:50:52') and "ANVENDT_TRYGDETID_ID" = '20000401' and "EKSPORTFORBUD" = '0'
insert into "PEN"."T_MINSTEYTELSE"("MINSTEYTELSE_ID","K_FORMELKODE","SATS_MINSTEYTELSE_ID","ARSBELOP","VERSJON","OPPRETTET_AV","DATO_OPPRETTET","ENDRET_AV","DATO_ENDRET","ANVENDT_TRYGDETID_ID","EKSPORTFORBUD","MERKNAD_LISTE") values ('20000001','MyOrdiner','20000001','290587','0','Z990192',TO_TIMESTAMP('2019-10-02 08:50:52'),'Z990192',TO_TIMESTAMP('2019-10-02 08:50:52'),'20000403','0',EMPTY_CLOB())
update "PEN"."T_MINSTEYTELSE" set "MERKNAD_LISTE" = NULL where "MINSTEYTELSE_ID" = '20000001' and "K_FORMELKODE" = 'MyOrdiner' and "SATS_MINSTEYTELSE_ID" = '20000001' and "ARSBELOP" = '290587' and "VERSJON" = '0' and "OPPRETTET_AV" = 'Z990192' and "DATO_OPPRETTET" = TO_TIMESTAMP('2019-10-02 08:50:52') and "ENDRET_AV" = 'Z990192' and "DATO_ENDRET" = TO_TIMESTAMP('2019-10-02 08:50:52') and "ANVENDT_TRYGDETID_ID" = '20000403' and "EKSPORTFORBUD" = '0'
insert into "PEN"."T_MINSTEYTELSE"("MINSTEYTELSE_ID","K_FORMELKODE","SATS_MINSTEYTELSE_ID","ARSBELOP","VERSJON","OPPRETTET_AV","DATO_OPPRETTET","ENDRET_AV","DATO_ENDRET","ANVENDT_TRYGDETID_ID","EKSPORTFORBUD","MERKNAD_LISTE") values ('20000002','MyOrdiner','20000002','290587','0','Z990192',TO_TIMESTAMP('2019-10-02 08:50:52'),'Z990192',TO_TIMESTAMP('2019-10-02 08:50:52'),'20000405','0',EMPTY_CLOB())
update "PEN"."T_MINSTEYTELSE" set "MERKNAD_LISTE" = NULL where "MINSTEYTELSE_ID" = '20000002' and "K_FORMELKODE" = 'MyOrdiner' and "SATS_MINSTEYTELSE_ID" = '20000002' and "ARSBELOP" = '290587' and "VERSJON" = '0' and "OPPRETTET_AV" = 'Z990192' and "DATO_OPPRETTET" = TO_TIMESTAMP('2019-10-02 08:50:52') and "ENDRET_AV" = 'Z990192' and "DATO_ENDRET" = TO_TIMESTAMP('2019-10-02 08:50:52') and "ANVENDT_TRYGDETID_ID" = '20000405' and "EKSPORTFORBUD" = '0'
insert into "PEN"."T_MINSTEYTELSE"("MINSTEYTELSE_ID","K_FORMELKODE","SATS_MINSTEYTELSE_ID","ARSBELOP","VERSJON","OPPRETTET_AV","DATO_OPPRETTET","ENDRET_AV","DATO_ENDRET","ANVENDT_TRYGDETID_ID","EKSPORTFORBUD","MERKNAD_LISTE") values ('20000003','MyOrdiner','20000003','290587','0','Z990192',TO_TIMESTAMP('2019-10-02 08:50:52'),'Z990192',TO_TIMESTAMP('2019-10-02 08:50:52'),'20000407','0',EMPTY_CLOB())
update "PEN"."T_MINSTEYTELSE" set "MERKNAD_LISTE" = NULL where "MINSTEYTELSE_ID" = '20000003' and "K_FORMELKODE" = 'MyOrdiner' and "SATS_MINSTEYTELSE_ID" = '20000003' and "ARSBELOP" = '290587' and "VERSJON" = '0' and "OPPRETTET_AV" = 'Z990192' and "DATO_OPPRETTET" = TO_TIMESTAMP('2019-10-02 08:50:52') and "ENDRET_AV" = 'Z990192' and "DATO_ENDRET" = TO_TIMESTAMP('2019-10-02 08:50:52') and "ANVENDT_TRYGDETID_ID" = '20000407' and "EKSPORTFORBUD" = '0'
insert into "PEN"."T_YTELSE_KOMP"("YTELSE_KOMP_ID","K_YTELSE_KOMP_T","DATO_OPPRETTET","PS","OPPRETTET_AV","PENSJ_GRAD","DATO_ENDRET","KAPITAL_UTLOS","ENDRET_AV","GRNL_F_UTBET","YG","VERSJON","K_RESULTAT_KILDE","BRUTTO","NETTO","FRADRAG","OPPHORT","BRUK","SLUTTPOENGTALL_SPT","MENDEL_FORDELING","SLUTTPOENGTALL_OPT","SLUTTPOENGTALL_YPT","VENTETILLEGG_GP","VENTETILLEGG_TP","VENTETILLEGG_PROS","FRIBELOP","PSATS_ST","SKILTES_DEL_AVD_TP","PSATS_GP","SAM_INNT_AVK","ANTALL_BARN","FRADRAGS_TRANS","BEREGNING_ID","FRADRAG_YK_BEREGNING","BT_DIFF_EOS","OS_LINJE_ID_FK","BELOP_TIL_UTBET","K_SAK_T","PEN_UNDER_UTBET_ID","SEG_PEN_UNDER_UTBET_ID","K_MINSTEPEN_NIVA","MIN_PEN_NIVA_ID","SEG_EKTEF_TT_ANV","SEG_EKTEF_UTTAKSGRAD","PT_MINSTEPENSJONSNIVA_SATS","PT_FORHOLDSTALL67","K_GPSATS_T","GP_EKTEFELLE_INNTEKT_OVER_2G","BRUTTO_PER_AR","AFP_LIVS_JUST_BELOP","F_AFP_LIVS_REG_FAKTOR","AFP_KOMP_REF_BELOP","AFP_KOMP_REDUK_BELOP","AFP_KOMP_FORH_KOMP","K_FORMELKODE","K_AVKORT_ARSAK","ORDINER_SATS_ST","BRUKER_BER_INFO_MIN_NIVA","EPS_BER_INFO_MIN_NIVA","AFP_PENSJONSGRAD","AFP_FORHOLDSTALL","AFP_OPPTJENINGSPROSENT","GJ_UTTAKSGRAD_SISTE_AR","BEREGNING_INFO_ID","REGULERING_INFO_ID","BEREG_NOKKEL_ID","PRORATANEVNER","PRORATATELLER","F_MIN_PEN_NIVA_ID","MPN_SATS_FT","TT_ANV","GARANTI_PEN_NIVA_ID","SAML_INNTEKT_AVKORT","SAMLET_PEN_FOR_MNT","SKATTEFRITAK","ANVENDT_TRYGDETID","UFG","SKJERMINGSGRAD","BAS_GP_BRUTTO_PR_AR","BAS_TP_BRUTTO_PR_AR","BAS_PEN_T_BRUTTO_PR_AR","FT_67_SOKER","DAGSATS","ANTALL_DAGER","MINSTEYTELSE_ID","EGENOPPTJN_UT_ID","EGENOPPTJN_UT_BEST","AVKORT_INFO_ID","BG_KONVERTERT","BG_AVDOD","NETTO_PER_AR","FRADRAG_PER_AR","BRUKER_INNTEKT_AVKORT","BG_GJENLEVENDETILLEGG","NETTO_AKK","NETTO_REST_AR","AVKORTNINGSBELOP_PER_AR","ET_FOR_SKATTEKOMP","UP_FOR_SKATTEKOMP","NYTT_GJT","GJT_INFORMASJON_ID","AVKORTINGSFAKTOR_GJT","PERIODISERTAVVIKETTEROPPGJOR","FRADRAGPERARUTENARBEIDSFORSOK","AP_KAP19_MED_GJR","AP_KAP19_UTEN_GJR","EKSPORT_FAKTOR","INNTEKT_ANNEN_FORELDER","BLP_FRATRKT_ANNEN_FORELD_INNT","REDUKSJONSINFORMASJON_ID","MERKNAD_LISTE","TIDLIGERE_BELOP_AR","BRUKERS_UT_FOR_JUST","BRUKERS_GJT_FOR_JUST","ANNEN_FORLD_UT_FOR_JUST","EKSPORT_BROK","FORMEL") values ('20000600','UT_ORDINER',TO_TIMESTAMP('2019-10-02 08:50:52'),NULL,'Z990192','0',TO_TIMESTAMP('2019-10-02 08:50:52'),NULL,'Z990192',NULL,NULL,'0','AUTO','32953','32953','0','0','1',NULL,NULL,NULL,NULL,NULL,NULL,NULL,NULL,NULL,NULL,NULL,NULL,NULL,'0',NULL,NULL,NULL,'0',NULL,NULL,'20000600',NULL,NULL,NULL,NULL,NULL,NULL,NULL,NULL,NULL,'395438',NULL,NULL,NULL,NULL,NULL,'YgOrdiner',NULL,NULL,NULL,NULL,NULL,NULL,NULL,NULL,NULL,NULL,NULL,NULL,NULL,NULL,NULL,NULL,NULL,NULL,NULL,NULL,NULL,NULL,NULL,NULL,NULL,NULL,NULL,NULL,NULL,'20000000','20000000','1','20000000',NULL,NULL,'395438','0',NULL,NULL,'0','98860','0',NULL,NULL,NULL,NULL,NULL,'0','0',NULL,NULL,NULL,NULL,NULL,NULL,EMPTY_CLOB(),'0',NULL,NULL,NULL,NULL,EMPTY_CLOB())
update "PEN"."T_YTELSE_KOMP" set "MERKNAD_LISTE" = NULL, "FORMEL" = NULL where "YTELSE_KOMP_ID" = '20000600' and "K_YTELSE_KOMP_T" = 'UT_ORDINER' and "DATO_OPPRETTET" = TO_TIMESTAMP('2019-10-02 08:50:52') and "PS" IS NULL and "OPPRETTET_AV" = 'Z990192' and "PENSJ_GRAD" = '0' and "DATO_ENDRET" = TO_TIMESTAMP('2019-10-02 08:50:52') and "KAPITAL_UTLOS" IS NULL and "ENDRET_AV" = 'Z990192' and "GRNL_F_UTBET" IS NULL and "YG" IS NULL and "VERSJON" = '0' and "K_RESULTAT_KILDE" = 'AUTO' and "BRUTTO" = '32953' and "NETTO" = '32953' and "FRADRAG" = '0' and "OPPHORT" = '0' and "BRUK" = '1' and "SLUTTPOENGTALL_SPT" IS NULL and "MENDEL_FORDELING" IS NULL and "SLUTTPOENGTALL_OPT" IS NULL and "SLUTTPOENGTALL_YPT" IS NULL and "VENTETILLEGG_GP" IS NULL and "VENTETILLEGG_TP" IS NULL and "VENTETILLEGG_PROS" IS NULL and "FRIBELOP" IS NULL and "PSATS_ST" IS NULL and "SKILTES_DEL_AVD_TP" IS NULL and "PSATS_GP" IS NULL and "SAM_INNT_AVK" IS NULL and "ANTALL_BARN" IS NULL and "FRADRAGS_TRANS" = '0' and "BEREGNING_ID" IS NULL and "FRADRAG_YK_BEREGNING" IS NULL and "BT_DIFF_EOS" IS NULL and "OS_LINJE_ID_FK" = '0' and "BELOP_TIL_UTBET" IS NULL and "K_SAK_T" IS NULL and "PEN_UNDER_UTBET_ID" = '20000600' and "SEG_PEN_UNDER_UTBET_ID" IS NULL and "K_MINSTEPEN_NIVA" IS NULL and "MIN_PEN_NIVA_ID" IS NULL and "SEG_EKTEF_TT_ANV" IS NULL and "SEG_EKTEF_UTTAKSGRAD" IS NULL and "PT_MINSTEPENSJONSNIVA_SATS" IS NULL and "PT_FORHOLDSTALL67" IS NULL and "K_GPSATS_T" IS NULL and "GP_EKTEFELLE_INNTEKT_OVER_2G" IS NULL and "BRUTTO_PER_AR" = '395438' and "AFP_LIVS_JUST_BELOP" IS NULL and "F_AFP_LIVS_REG_FAKTOR" IS NULL and "AFP_KOMP_REF_BELOP" IS NULL and "AFP_KOMP_REDUK_BELOP" IS NULL and "AFP_KOMP_FORH_KOMP" IS NULL and "K_FORMELKODE" = 'YgOrdiner' and "K_AVKORT_ARSAK" IS NULL and "ORDINER_SATS_ST" IS NULL and "BRUKER_BER_INFO_MIN_NIVA" IS NULL and "EPS_BER_INFO_MIN_NIVA" IS NULL and "AFP_PENSJONSGRAD" IS NULL and "AFP_FORHOLDSTALL" IS NULL and "AFP_OPPTJENINGSPROSENT" IS NULL and "GJ_UTTAKSGRAD_SISTE_AR" IS NULL and "BEREGNING_INFO_ID" IS NULL and "REGULERING_INFO_ID" IS NULL and "BEREG_NOKKEL_ID" IS NULL and "PRORATANEVNER" IS NULL and "PRORATATELLER" IS NULL and "F_MIN_PEN_NIVA_ID" IS NULL and "MPN_SATS_FT" IS NULL and "TT_ANV" IS NULL and "GARANTI_PEN_NIVA_ID" IS NULL and "SAML_INNTEKT_AVKORT" IS NULL and "SAMLET_PEN_FOR_MNT" IS NULL and "SKATTEFRITAK" IS NULL and "ANVENDT_TRYGDETID" IS NULL and "UFG" IS NULL and "SKJERMINGSGRAD" IS NULL and "BAS_GP_BRUTTO_PR_AR" IS NULL and "BAS_TP_BRUTTO_PR_AR" IS NULL and "BAS_PEN_T_BRUTTO_PR_AR" IS NULL and "FT_67_SOKER" IS NULL and "DAGSATS" IS NULL and "ANTALL_DAGER" IS NULL and "MINSTEYTELSE_ID" = '20000000' and "EGENOPPTJN_UT_ID" = '20000000' and "EGENOPPTJN_UT_BEST" = '1' and "AVKORT_INFO_ID" = '20000000' and "BG_KONVERTERT" IS NULL and "BG_AVDOD" IS NULL and "NETTO_PER_AR" = '395438' and "FRADRAG_PER_AR" = '0' and "BRUKER_INNTEKT_AVKORT" IS NULL and "BG_GJENLEVENDETILLEGG" IS NULL and "NETTO_AKK" = '0' and "NETTO_REST_AR" = '98860' and "AVKORTNINGSBELOP_PER_AR" = '0' and "ET_FOR_SKATTEKOMP" IS NULL and "UP_FOR_SKATTEKOMP" IS NULL and "NYTT_GJT" IS NULL and "GJT_INFORMASJON_ID" IS NULL and "AVKORTINGSFAKTOR_GJT" IS NULL and "PERIODISERTAVVIKETTEROPPGJOR" = '0' and "FRADRAGPERARUTENARBEIDSFORSOK" = '0' and "AP_KAP19_MED_GJR" IS NULL and "AP_KAP19_UTEN_GJR" IS NULL and "EKSPORT_FAKTOR" IS NULL and "INNTEKT_ANNEN_FORELDER" IS NULL and "BLP_FRATRKT_ANNEN_FORELD_INNT" IS NULL and "REDUKSJONSINFORMASJON_ID" IS NULL and "TIDLIGERE_BELOP_AR" = '0' and "BRUKERS_UT_FOR_JUST" IS NULL and "BRUKERS_GJT_FOR_JUST" IS NULL and "ANNEN_FORLD_UT_FOR_JUST" IS NULL and "EKSPORT_BROK" IS NULL
insert into "PEN"."T_YTELSE_KOMP"("YTELSE_KOMP_ID","K_YTELSE_KOMP_T","DATO_OPPRETTET","PS","OPPRETTET_AV","PENSJ_GRAD","DATO_ENDRET","KAPITAL_UTLOS","ENDRET_AV","GRNL_F_UTBET","YG","VERSJON","K_RESULTAT_KILDE","BRUTTO","NETTO","FRADRAG","OPPHORT","BRUK","SLUTTPOENGTALL_SPT","MENDEL_FORDELING","SLUTTPOENGTALL_OPT","SLUTTPOENGTALL_YPT","VENTETILLEGG_GP","VENTETILLEGG_TP","VENTETILLEGG_PROS","FRIBELOP","PSATS_ST","SKILTES_DEL_AVD_TP","PSATS_GP","SAM_INNT_AVK","ANTALL_BARN","FRADRAGS_TRANS","BEREGNING_ID","FRADRAG_YK_BEREGNING","BT_DIFF_EOS","OS_LINJE_ID_FK","BELOP_TIL_UTBET","K_SAK_T","PEN_UNDER_UTBET_ID","SEG_PEN_UNDER_UTBET_ID","K_MINSTEPEN_NIVA","MIN_PEN_NIVA_ID","SEG_EKTEF_TT_ANV","SEG_EKTEF_UTTAKSGRAD","PT_MINSTEPENSJONSNIVA_SATS","PT_FORHOLDSTALL67","K_GPSATS_T","GP_EKTEFELLE_INNTEKT_OVER_2G","BRUTTO_PER_AR","AFP_LIVS_JUST_BELOP","F_AFP_LIVS_REG_FAKTOR","AFP_KOMP_REF_BELOP","AFP_KOMP_REDUK_BELOP","AFP_KOMP_FORH_KOMP","K_FORMELKODE","K_AVKORT_ARSAK","ORDINER_SATS_ST","BRUKER_BER_INFO_MIN_NIVA","EPS_BER_INFO_MIN_NIVA","AFP_PENSJONSGRAD","AFP_FORHOLDSTALL","AFP_OPPTJENINGSPROSENT","GJ_UTTAKSGRAD_SISTE_AR","BEREGNING_INFO_ID","REGULERING_INFO_ID","BEREG_NOKKEL_ID","PRORATANEVNER","PRORATATELLER","F_MIN_PEN_NIVA_ID","MPN_SATS_FT","TT_ANV","GARANTI_PEN_NIVA_ID","SAML_INNTEKT_AVKORT","SAMLET_PEN_FOR_MNT","SKATTEFRITAK","ANVENDT_TRYGDETID","UFG","SKJERMINGSGRAD","BAS_GP_BRUTTO_PR_AR","BAS_TP_BRUTTO_PR_AR","BAS_PEN_T_BRUTTO_PR_AR","FT_67_SOKER","DAGSATS","ANTALL_DAGER","MINSTEYTELSE_ID","EGENOPPTJN_UT_ID","EGENOPPTJN_UT_BEST","AVKORT_INFO_ID","BG_KONVERTERT","BG_AVDOD","NETTO_PER_AR","FRADRAG_PER_AR","BRUKER_INNTEKT_AVKORT","BG_GJENLEVENDETILLEGG","NETTO_AKK","NETTO_REST_AR","AVKORTNINGSBELOP_PER_AR","ET_FOR_SKATTEKOMP","UP_FOR_SKATTEKOMP","NYTT_GJT","GJT_INFORMASJON_ID","AVKORTINGSFAKTOR_GJT","PERIODISERTAVVIKETTEROPPGJOR","FRADRAGPERARUTENARBEIDSFORSOK","AP_KAP19_MED_GJR","AP_KAP19_UTEN_GJR","EKSPORT_FAKTOR","INNTEKT_ANNEN_FORELDER","BLP_FRATRKT_ANNEN_FORELD_INNT","REDUKSJONSINFORMASJON_ID","MERKNAD_LISTE","TIDLIGERE_BELOP_AR","BRUKERS_UT_FOR_JUST","BRUKERS_GJT_FOR_JUST","ANNEN_FORLD_UT_FOR_JUST","EKSPORT_BROK","FORMEL") values ('20000601','UT_ORDINER',TO_TIMESTAMP('2019-10-02 08:50:52'),NULL,'Z990192','0',TO_TIMESTAMP('2019-10-02 08:50:52'),NULL,'Z990192',NULL,NULL,'0','AUTO','32953','32953','0','0','1',NULL,NULL,NULL,NULL,NULL,NULL,NULL,NULL,NULL,NULL,NULL,NULL,NULL,'0',NULL,NULL,NULL,'0',NULL,NULL,'20000601',NULL,NULL,NULL,NULL,NULL,NULL,NULL,NULL,NULL,'395438',NULL,NULL,NULL,NULL,NULL,'YgOrdiner',NULL,NULL,NULL,NULL,NULL,NULL,NULL,NULL,NULL,NULL,NULL,NULL,NULL,NULL,NULL,NULL,NULL,NULL,NULL,NULL,NULL,NULL,NULL,NULL,NULL,NULL,NULL,NULL,NULL,'20000002','20000002','1','20000001',NULL,NULL,'395438','0',NULL,NULL,'98859','1','0',NULL,NULL,NULL,NULL,NULL,'0','0',NULL,NULL,NULL,NULL,NULL,NULL,EMPTY_CLOB(),'0',NULL,NULL,NULL,NULL,EMPTY_CLOB())
update "PEN"."T_YTELSE_KOMP" set "MERKNAD_LISTE" = NULL, "FORMEL" = NULL where "YTELSE_KOMP_ID" = '20000601' and "K_YTELSE_KOMP_T" = 'UT_ORDINER' and "DATO_OPPRETTET" = TO_TIMESTAMP('2019-10-02 08:50:52') and "PS" IS NULL and "OPPRETTET_AV" = 'Z990192' and "PENSJ_GRAD" = '0' and "DATO_ENDRET" = TO_TIMESTAMP('2019-10-02 08:50:52') and "KAPITAL_UTLOS" IS NULL and "ENDRET_AV" = 'Z990192' and "GRNL_F_UTBET" IS NULL and "YG" IS NULL and "VERSJON" = '0' and "K_RESULTAT_KILDE" = 'AUTO' and "BRUTTO" = '32953' and "NETTO" = '32953' and "FRADRAG" = '0' and "OPPHORT" = '0' and "BRUK" = '1' and "SLUTTPOENGTALL_SPT" IS NULL and "MENDEL_FORDELING" IS NULL and "SLUTTPOENGTALL_OPT" IS NULL and "SLUTTPOENGTALL_YPT" IS NULL and "VENTETILLEGG_GP" IS NULL and "VENTETILLEGG_TP" IS NULL and "VENTETILLEGG_PROS" IS NULL and "FRIBELOP" IS NULL and "PSATS_ST" IS NULL and "SKILTES_DEL_AVD_TP" IS NULL and "PSATS_GP" IS NULL and "SAM_INNT_AVK" IS NULL and "ANTALL_BARN" IS NULL and "FRADRAGS_TRANS" = '0' and "BEREGNING_ID" IS NULL and "FRADRAG_YK_BEREGNING" IS NULL and "BT_DIFF_EOS" IS NULL and "OS_LINJE_ID_FK" = '0' and "BELOP_TIL_UTBET" IS NULL and "K_SAK_T" IS NULL and "PEN_UNDER_UTBET_ID" = '20000601' and "SEG_PEN_UNDER_UTBET_ID" IS NULL and "K_MINSTEPEN_NIVA" IS NULL and "MIN_PEN_NIVA_ID" IS NULL and "SEG_EKTEF_TT_ANV" IS NULL and "SEG_EKTEF_UTTAKSGRAD" IS NULL and "PT_MINSTEPENSJONSNIVA_SATS" IS NULL and "PT_FORHOLDSTALL67" IS NULL and "K_GPSATS_T" IS NULL and "GP_EKTEFELLE_INNTEKT_OVER_2G" IS NULL and "BRUTTO_PER_AR" = '395438' and "AFP_LIVS_JUST_BELOP" IS NULL and "F_AFP_LIVS_REG_FAKTOR" IS NULL and "AFP_KOMP_REF_BELOP" IS NULL and "AFP_KOMP_REDUK_BELOP" IS NULL and "AFP_KOMP_FORH_KOMP" IS NULL and "K_FORMELKODE" = 'YgOrdiner' and "K_AVKORT_ARSAK" IS NULL and "ORDINER_SATS_ST" IS NULL and "BRUKER_BER_INFO_MIN_NIVA" IS NULL and "EPS_BER_INFO_MIN_NIVA" IS NULL and "AFP_PENSJONSGRAD" IS NULL and "AFP_FORHOLDSTALL" IS NULL and "AFP_OPPTJENINGSPROSENT" IS NULL and "GJ_UTTAKSGRAD_SISTE_AR" IS NULL and "BEREGNING_INFO_ID" IS NULL and "REGULERING_INFO_ID" IS NULL and "BEREG_NOKKEL_ID" IS NULL and "PRORATANEVNER" IS NULL and "PRORATATELLER" IS NULL and "F_MIN_PEN_NIVA_ID" IS NULL and "MPN_SATS_FT" IS NULL and "TT_ANV" IS NULL and "GARANTI_PEN_NIVA_ID" IS NULL and "SAML_INNTEKT_AVKORT" IS NULL and "SAMLET_PEN_FOR_MNT" IS NULL and "SKATTEFRITAK" IS NULL and "ANVENDT_TRYGDETID" IS NULL and "UFG" IS NULL and "SKJERMINGSGRAD" IS NULL and "BAS_GP_BRUTTO_PR_AR" IS NULL and "BAS_TP_BRUTTO_PR_AR" IS NULL and "BAS_PEN_T_BRUTTO_PR_AR" IS NULL and "FT_67_SOKER" IS NULL and "DAGSATS" IS NULL and "ANTALL_DAGER" IS NULL and "MINSTEYTELSE_ID" = '20000002' and "EGENOPPTJN_UT_ID" = '20000002' and "EGENOPPTJN_UT_BEST" = '1' and "AVKORT_INFO_ID" = '20000001' and "BG_KONVERTERT" IS NULL and "BG_AVDOD" IS NULL and "NETTO_PER_AR" = '395438' and "FRADRAG_PER_AR" = '0' and "BRUKER_INNTEKT_AVKORT" IS NULL and "BG_GJENLEVENDETILLEGG" IS NULL and "NETTO_AKK" = '98859' and "NETTO_REST_AR" = '1' and "AVKORTNINGSBELOP_PER_AR" = '0' and "ET_FOR_SKATTEKOMP" IS NULL and "UP_FOR_SKATTEKOMP" IS NULL and "NYTT_GJT" IS NULL and "GJT_INFORMASJON_ID" IS NULL and "AVKORTINGSFAKTOR_GJT" IS NULL and "PERIODISERTAVVIKETTEROPPGJOR" = '0' and "FRADRAGPERARUTENARBEIDSFORSOK" = '0' and "AP_KAP19_MED_GJR" IS NULL and "AP_KAP19_UTEN_GJR" IS NULL and "EKSPORT_FAKTOR" IS NULL and "INNTEKT_ANNEN_FORELDER" IS NULL and "BLP_FRATRKT_ANNEN_FORELD_INNT" IS NULL and "REDUKSJONSINFORMASJON_ID" IS NULL and "TIDLIGERE_BELOP_AR" = '0' and "BRUKERS_UT_FOR_JUST" IS NULL and "BRUKERS_GJT_FOR_JUST" IS NULL and "ANNEN_FORLD_UT_FOR_JUST" IS NULL and "EKSPORT_BROK" IS NULL
insert into "PEN"."T_UFORE_EXTRA_UT"("UFORE_EXTRA_UT_ID","DATO_ENDRET","ENDRET_AV","DATO_OPPRETTET","OPPRETTET_AV","VERSJON") values ('20000000',TO_TIMESTAMP('2019-10-02 08:50:52'),'Z990192',TO_TIMESTAMP('2019-10-02 08:50:52'),'Z990192','0')
insert into "PEN"."T_UFORE_EXTRA_UT"("UFORE_EXTRA_UT_ID","DATO_ENDRET","ENDRET_AV","DATO_OPPRETTET","OPPRETTET_AV","VERSJON") values ('20000001',TO_TIMESTAMP('2019-10-02 08:50:52'),'Z990192',TO_TIMESTAMP('2019-10-02 08:50:52'),'Z990192','0')
insert into "PEN"."T_BER_UFORE_PER"("BER_UFORE_PER_ID","UFOREGRAD","DATO_UFORE_FOM","FPP","FPP_GARANTI","REDUS_ANT_FPP_AR","DATO_OPPRETTET","VERSJON","OPPRETTET_AV","DATO_ENDRET","ENDRET_AV","DATO_UFORE_TOM","DATO_VIRK","FPP_OMREGNET","SPT_PA_F92","SPT_PA_E91","OPT_PA_F92","OPT_PA_E91","YPT_PA_F92","YPT_PA_E91","SPT","OPT","YPT","PAA","SPT_EOS","DATO_UFG_FOM","SPT_PA_E91_EOS","AR_FODSEL_YNG_BA","DATO_UFG_TOM","SPT_PA_F92_EOS","K_UFORE_T","K_FPP_GARANTI_T","K_PR_BER_T","PRO_RATA_NEVNER","PRO_RATA_TELLER","REDUSERT_ANT_FPP_AR_PRO_RATA","SPT_PRO_RATA","ANTATT_INNTEKT_FAKTOR_KAP_19","BER_GRUNNLAG","DATO_ANGITT_UFORE_FOM","UFORE_EXTRA_UT_ID","ANTATT_INNTEKT_FAKTOR_KAP_20") values ('20000000','100',TO_DATE('2019-01-01 00:00:00', 'YYYY-MM-DD HH24:MI:SS'),'0','0','0',TO_TIMESTAMP('2019-10-02 08:50:52'),'0','Z990192',TO_TIMESTAMP('2019-10-02 08:50:52'),'Z990192',NULL,TO_DATE('2019-08-01 00:00:00', 'YYYY-MM-DD HH24:MI:SS'),'0','0','0','0','0','0','0','0','0','0','0','0',TO_DATE('2019-01-01 00:00:00', 'YYYY-MM-DD HH24:MI:SS'),'0','0',NULL,'0','UFORE','UNG_UF_MR_33_PO',NULL,NULL,NULL,NULL,NULL,'5,2999588657070245','599148',TO_DATE('2019-01-01 00:00:00', 'YYYY-MM-DD HH24:MI:SS'),'20000000','6,899876597121074')
insert into "PEN"."T_BER_UFORE_PER"("BER_UFORE_PER_ID","UFOREGRAD","DATO_UFORE_FOM","FPP","FPP_GARANTI","REDUS_ANT_FPP_AR","DATO_OPPRETTET","VERSJON","OPPRETTET_AV","DATO_ENDRET","ENDRET_AV","DATO_UFORE_TOM","DATO_VIRK","FPP_OMREGNET","SPT_PA_F92","SPT_PA_E91","OPT_PA_F92","OPT_PA_E91","YPT_PA_F92","YPT_PA_E91","SPT","OPT","YPT","PAA","SPT_EOS","DATO_UFG_FOM","SPT_PA_E91_EOS","AR_FODSEL_YNG_BA","DATO_UFG_TOM","SPT_PA_F92_EOS","K_UFORE_T","K_FPP_GARANTI_T","K_PR_BER_T","PRO_RATA_NEVNER","PRO_RATA_TELLER","REDUSERT_ANT_FPP_AR_PRO_RATA","SPT_PRO_RATA","ANTATT_INNTEKT_FAKTOR_KAP_19","BER_GRUNNLAG","DATO_ANGITT_UFORE_FOM","UFORE_EXTRA_UT_ID","ANTATT_INNTEKT_FAKTOR_KAP_20") values ('20000001','100',TO_DATE('2019-01-01 00:00:00', 'YYYY-MM-DD HH24:MI:SS'),'0','0','0',TO_TIMESTAMP('2019-10-02 08:50:52'),'0','Z990192',TO_TIMESTAMP('2019-10-02 08:50:52'),'Z990192',NULL,TO_DATE('2019-08-01 00:00:00', 'YYYY-MM-DD HH24:MI:SS'),'0','0','0','0','0','0','0','0','0','0','0','0',TO_DATE('2019-01-01 00:00:00', 'YYYY-MM-DD HH24:MI:SS'),'0','0',NULL,'0','UFORE','UNG_UF_MR_33_PO',NULL,NULL,NULL,NULL,NULL,'5,2999588657070245','599148',TO_DATE('2019-01-01 00:00:00', 'YYYY-MM-DD HH24:MI:SS'),'20000001','6,899876597121074')
insert into "PEN"."T_BEREGNING_2011"("BEREGNING_2011_ID","K_BEREG_METODE_T","K_BEREGNING_T","GJELDER_PERSON_ID","K_RESULTAT_KILDE","K_RESULTAT_T","TT_ANV","DATO_OPPRETTET","FORHOLDSTALL","OPPRETTET_AV","GRUNNBELOP","DATO_ENDRET","ENDRET_AV","VERSJON","BASISPENSJON","RESTPENSJON","YTELSE_KOMP_ID","AFP_KRONETILLEGG_FK","AFP_KOMP_TILLEGG_FK","DELINGSTALL","AFP_LIVSVARIG_FK","K_BER_2011_DISKR","BEREGNING_RES_ID","BEREGNING_RES_KAP_20","BEHOLDNINGER_ID","BEHOLDNING_OVERSTYR","POENGREKKE_ID","BASIS_PEN_OVERSTYR","REST_PEN_OVERSTYR","K_REST_BEH_ARSAK_T","BRUTTO_PER_AR","K_FORMELKODE","EGENOPPTJN_UT_ID","UFOREGRAD","DATO_UFORETIDSPUNKT","MINSTEYTELSE_ID","EGENOPPTJN_UT_BEST","PRORATA_BROK_ID","SATS_MINSTEYTELSE_ID","YRKESSKADEGRAD","DATO_YRKESSKADETIDSPUNKT","MOTTAR_MINSTEYTELSE","UFORE_EXTRA_UT_ID","K_BER_GJELDER_TYPE","K_YTELSE_VED_DOD","K_JUST_PERIODE","INST_OPPHOLD_ANVENDT","BEHOLDNINGER_FOR_ID","BASISPENSJON_UTEN_GJR_ID","RESTPENSJON_UTEN_GJR_ID","MERKNAD_LISTE") values ('20000600','FOLKETRYGD','BER','20000800','AUTO','UT','40',TO_TIMESTAMP('2019-10-02 08:50:52'),NULL,'Z990192','99858',TO_TIMESTAMP('2019-10-02 08:50:52'),'Z990192','0',NULL,NULL,NULL,NULL,NULL,'0',NULL,'UT',NULL,NULL,NULL,NULL,NULL,NULL,NULL,NULL,'395438','YgBest','20000001','100',TO_DATE('2019-01-01 12:00:00', 'YYYY-MM-DD HH24:MI:SS'),'20000001','1',NULL,NULL,'0',NULL,'0','20000000',NULL,NULL,NULL,'0',NULL,NULL,NULL,EMPTY_CLOB())
update "PEN"."T_BEREGNING_2011" set "MERKNAD_LISTE" = NULL where "BEREGNING_2011_ID" = '20000600' and "K_BEREG_METODE_T" = 'FOLKETRYGD' and "K_BEREGNING_T" = 'BER' and "GJELDER_PERSON_ID" = '20000800' and "K_RESULTAT_KILDE" = 'AUTO' and "K_RESULTAT_T" = 'UT' and "TT_ANV" = '40' and "DATO_OPPRETTET" = TO_TIMESTAMP('2019-10-02 08:50:52') and "FORHOLDSTALL" IS NULL and "OPPRETTET_AV" = 'Z990192' and "GRUNNBELOP" = '99858' and "DATO_ENDRET" = TO_TIMESTAMP('2019-10-02 08:50:52') and "ENDRET_AV" = 'Z990192' and "VERSJON" = '0' and "BASISPENSJON" IS NULL and "RESTPENSJON" IS NULL and "YTELSE_KOMP_ID" IS NULL and "AFP_KRONETILLEGG_FK" IS NULL and "AFP_KOMP_TILLEGG_FK" IS NULL and "DELINGSTALL" = '0' and "AFP_LIVSVARIG_FK" IS NULL and "K_BER_2011_DISKR" = 'UT' and "BEREGNING_RES_ID" IS NULL and "BEREGNING_RES_KAP_20" IS NULL and "BEHOLDNINGER_ID" IS NULL and "BEHOLDNING_OVERSTYR" IS NULL and "POENGREKKE_ID" IS NULL and "BASIS_PEN_OVERSTYR" IS NULL and "REST_PEN_OVERSTYR" IS NULL and "K_REST_BEH_ARSAK_T" IS NULL and "BRUTTO_PER_AR" = '395438' and "K_FORMELKODE" = 'YgBest' and "EGENOPPTJN_UT_ID" = '20000001' and "UFOREGRAD" = '100' and "DATO_UFORETIDSPUNKT" = TO_DATE('2019-01-01 12:00:00', 'YYYY-MM-DD HH24:MI:SS') and "MINSTEYTELSE_ID" = '20000001' and "EGENOPPTJN_UT_BEST" = '1' and "PRORATA_BROK_ID" IS NULL and "SATS_MINSTEYTELSE_ID" IS NULL and "YRKESSKADEGRAD" = '0' and "DATO_YRKESSKADETIDSPUNKT" IS NULL and "MOTTAR_MINSTEYTELSE" = '0' and "UFORE_EXTRA_UT_ID" = '20000000' and "K_BER_GJELDER_TYPE" IS NULL and "K_YTELSE_VED_DOD" IS NULL and "K_JUST_PERIODE" IS NULL and "INST_OPPHOLD_ANVENDT" = '0' and "BEHOLDNINGER_FOR_ID" IS NULL and "BASISPENSJON_UTEN_GJR_ID" IS NULL and "RESTPENSJON_UTEN_GJR_ID" IS NULL
insert into "PEN"."T_BEREGNING_2011"("BEREGNING_2011_ID","K_BEREG_METODE_T","K_BEREGNING_T","GJELDER_PERSON_ID","K_RESULTAT_KILDE","K_RESULTAT_T","TT_ANV","DATO_OPPRETTET","FORHOLDSTALL","OPPRETTET_AV","GRUNNBELOP","DATO_ENDRET","ENDRET_AV","VERSJON","BASISPENSJON","RESTPENSJON","YTELSE_KOMP_ID","AFP_KRONETILLEGG_FK","AFP_KOMP_TILLEGG_FK","DELINGSTALL","AFP_LIVSVARIG_FK","K_BER_2011_DISKR","BEREGNING_RES_ID","BEREGNING_RES_KAP_20","BEHOLDNINGER_ID","BEHOLDNING_OVERSTYR","POENGREKKE_ID","BASIS_PEN_OVERSTYR","REST_PEN_OVERSTYR","K_REST_BEH_ARSAK_T","BRUTTO_PER_AR","K_FORMELKODE","EGENOPPTJN_UT_ID","UFOREGRAD","DATO_UFORETIDSPUNKT","MINSTEYTELSE_ID","EGENOPPTJN_UT_BEST","PRORATA_BROK_ID","SATS_MINSTEYTELSE_ID","YRKESSKADEGRAD","DATO_YRKESSKADETIDSPUNKT","MOTTAR_MINSTEYTELSE","UFORE_EXTRA_UT_ID","K_BER_GJELDER_TYPE","K_YTELSE_VED_DOD","K_JUST_PERIODE","INST_OPPHOLD_ANVENDT","BEHOLDNINGER_FOR_ID","BASISPENSJON_UTEN_GJR_ID","RESTPENSJON_UTEN_GJR_ID","MERKNAD_LISTE") values ('20000601','FOLKETRYGD','BER','20000800','AUTO','UT','40',TO_TIMESTAMP('2019-10-02 08:50:52'),NULL,'Z990192','99858',TO_TIMESTAMP('2019-10-02 08:50:52'),'Z990192','0',NULL,NULL,NULL,NULL,NULL,'0',NULL,'UT',NULL,NULL,NULL,NULL,NULL,NULL,NULL,NULL,'395438','YgBest','20000003','100',TO_DATE('2019-01-01 12:00:00', 'YYYY-MM-DD HH24:MI:SS'),'20000003','1',NULL,NULL,'0',NULL,'0','20000001',NULL,NULL,NULL,'0',NULL,NULL,NULL,EMPTY_CLOB())
update "PEN"."T_BEREGNING_2011" set "MERKNAD_LISTE" = NULL where "BEREGNING_2011_ID" = '20000601' and "K_BEREG_METODE_T" = 'FOLKETRYGD' and "K_BEREGNING_T" = 'BER' and "GJELDER_PERSON_ID" = '20000800' and "K_RESULTAT_KILDE" = 'AUTO' and "K_RESULTAT_T" = 'UT' and "TT_ANV" = '40' and "DATO_OPPRETTET" = TO_TIMESTAMP('2019-10-02 08:50:52') and "FORHOLDSTALL" IS NULL and "OPPRETTET_AV" = 'Z990192' and "GRUNNBELOP" = '99858' and "DATO_ENDRET" = TO_TIMESTAMP('2019-10-02 08:50:52') and "ENDRET_AV" = 'Z990192' and "VERSJON" = '0' and "BASISPENSJON" IS NULL and "RESTPENSJON" IS NULL and "YTELSE_KOMP_ID" IS NULL and "AFP_KRONETILLEGG_FK" IS NULL and "AFP_KOMP_TILLEGG_FK" IS NULL and "DELINGSTALL" = '0' and "AFP_LIVSVARIG_FK" IS NULL and "K_BER_2011_DISKR" = 'UT' and "BEREGNING_RES_ID" IS NULL and "BEREGNING_RES_KAP_20" IS NULL and "BEHOLDNINGER_ID" IS NULL and "BEHOLDNING_OVERSTYR" IS NULL and "POENGREKKE_ID" IS NULL and "BASIS_PEN_OVERSTYR" IS NULL and "REST_PEN_OVERSTYR" IS NULL and "K_REST_BEH_ARSAK_T" IS NULL and "BRUTTO_PER_AR" = '395438' and "K_FORMELKODE" = 'YgBest' and "EGENOPPTJN_UT_ID" = '20000003' and "UFOREGRAD" = '100' and "DATO_UFORETIDSPUNKT" = TO_DATE('2019-01-01 12:00:00', 'YYYY-MM-DD HH24:MI:SS') and "MINSTEYTELSE_ID" = '20000003' and "EGENOPPTJN_UT_BEST" = '1' and "PRORATA_BROK_ID" IS NULL and "SATS_MINSTEYTELSE_ID" IS NULL and "YRKESSKADEGRAD" = '0' and "DATO_YRKESSKADETIDSPUNKT" IS NULL and "MOTTAR_MINSTEYTELSE" = '0' and "UFORE_EXTRA_UT_ID" = '20000001' and "K_BER_GJELDER_TYPE" IS NULL and "K_YTELSE_VED_DOD" IS NULL and "K_JUST_PERIODE" IS NULL and "INST_OPPHOLD_ANVENDT" = '0' and "BEHOLDNINGER_FOR_ID" IS NULL and "BASISPENSJON_UTEN_GJR_ID" IS NULL and "RESTPENSJON_UTEN_GJR_ID" IS NULL
insert into "PEN"."T_BEREGNING_RES"("BEREGNING_RES_ID","BER_RES_AP_2025_2016_ID","BER_RES_AP_2011_2016_ID","DATO_VIRK_FOM","DATO_VIRK_TOM","UTTAKSGRAD","DATO_OPPRETTET","OPPRETTET_AV","DATO_ENDRET","ENDRET_AV","VERSJON","K_BER_PER_ARSAK","BEREGNING_AFP_PRIVAT_FK","K_SIVILSTAND_T","KRAVHODE_ID","SAK_ID","PEN_UNDER_UTBET_ID","VEDTAK_ID","BER_PERIODE_ID","BER_PER_REVURD_ID","GJ_UTTAKTSGRAD_SISTE_AR","BEREGNING_INFO_ID","BEREGNING_INFO_AVDOD","K_BER_RES_T","VILKAR_RES_ID","LONNSVEKST_INFO_ID","K_ARSAK_ENDRING","DATO_FOR_GYLDIG_SATS","ANDEL_KAP_19","BELOP_OKT","BELOP_REDUSERT","UFORETRYGD_BEREGNING_ID","EO_RESULTAT_UT_ID","K_BOR_MED_T","PEN_UNDER_UTBET_UTEN_GJR_ID","MERKNAD_LISTE","BELOP_OKT_FRA_FORRIGE_PERIODE","BELOP_RED_FRA_FORRIGE_PERIODE") values ('20000600',NULL,NULL,TO_DATE('2019-08-01 00:00:00', 'YYYY-MM-DD HH24:MI:SS'),TO_DATE('2019-10-31 00:00:00', 'YYYY-MM-DD HH24:MI:SS'),'0',TO_TIMESTAMP('2019-10-02 08:50:52'),'Z990192',TO_TIMESTAMP('2019-10-02 08:50:52'),'Z990192','0',NULL,NULL,'SKIL','20000800','20000600','20000600','20000600','20000600',NULL,'0',NULL,NULL,'UT',NULL,NULL,NULL,NULL,NULL,'0','0','20000600',NULL,NULL,NULL,EMPTY_CLOB(),NULL,NULL)
update "PEN"."T_BEREGNING_RES" set "MERKNAD_LISTE" = NULL where "BEREGNING_RES_ID" = '20000600' and "BER_RES_AP_2025_2016_ID" IS NULL and "BER_RES_AP_2011_2016_ID" IS NULL and "DATO_VIRK_FOM" = TO_DATE('2019-08-01 00:00:00', 'YYYY-MM-DD HH24:MI:SS') and "DATO_VIRK_TOM" = TO_DATE('2019-10-31 00:00:00', 'YYYY-MM-DD HH24:MI:SS') and "UTTAKSGRAD" = '0' and "DATO_OPPRETTET" = TO_TIMESTAMP('2019-10-02 08:50:52') and "OPPRETTET_AV" = 'Z990192' and "DATO_ENDRET" = TO_TIMESTAMP('2019-10-02 08:50:52') and "ENDRET_AV" = 'Z990192' and "VERSJON" = '0' and "K_BER_PER_ARSAK" IS NULL and "BEREGNING_AFP_PRIVAT_FK" IS NULL and "K_SIVILSTAND_T" = 'SKIL' and "KRAVHODE_ID" = '20000800' and "SAK_ID" = '20000600' and "PEN_UNDER_UTBET_ID" = '20000600' and "VEDTAK_ID" = '20000600' and "BER_PERIODE_ID" = '20000600' and "BER_PER_REVURD_ID" IS NULL and "GJ_UTTAKTSGRAD_SISTE_AR" = '0' and "BEREGNING_INFO_ID" IS NULL and "BEREGNING_INFO_AVDOD" IS NULL and "K_BER_RES_T" = 'UT' and "VILKAR_RES_ID" IS NULL and "LONNSVEKST_INFO_ID" IS NULL and "K_ARSAK_ENDRING" IS NULL and "DATO_FOR_GYLDIG_SATS" IS NULL and "ANDEL_KAP_19" IS NULL and "BELOP_OKT" = '0' and "BELOP_REDUSERT" = '0' and "UFORETRYGD_BEREGNING_ID" = '20000600' and "EO_RESULTAT_UT_ID" IS NULL and "K_BOR_MED_T" IS NULL and "PEN_UNDER_UTBET_UTEN_GJR_ID" IS NULL and "BELOP_OKT_FRA_FORRIGE_PERIODE" IS NULL and "BELOP_RED_FRA_FORRIGE_PERIODE" IS NULL
insert into "PEN"."T_BEREGNING_RES"("BEREGNING_RES_ID","BER_RES_AP_2025_2016_ID","BER_RES_AP_2011_2016_ID","DATO_VIRK_FOM","DATO_VIRK_TOM","UTTAKSGRAD","DATO_OPPRETTET","OPPRETTET_AV","DATO_ENDRET","ENDRET_AV","VERSJON","K_BER_PER_ARSAK","BEREGNING_AFP_PRIVAT_FK","K_SIVILSTAND_T","KRAVHODE_ID","SAK_ID","PEN_UNDER_UTBET_ID","VEDTAK_ID","BER_PERIODE_ID","BER_PER_REVURD_ID","GJ_UTTAKTSGRAD_SISTE_AR","BEREGNING_INFO_ID","BEREGNING_INFO_AVDOD","K_BER_RES_T","VILKAR_RES_ID","LONNSVEKST_INFO_ID","K_ARSAK_ENDRING","DATO_FOR_GYLDIG_SATS","ANDEL_KAP_19","BELOP_OKT","BELOP_REDUSERT","UFORETRYGD_BEREGNING_ID","EO_RESULTAT_UT_ID","K_BOR_MED_T","PEN_UNDER_UTBET_UTEN_GJR_ID","MERKNAD_LISTE","BELOP_OKT_FRA_FORRIGE_PERIODE","BELOP_RED_FRA_FORRIGE_PERIODE") values ('20000601',NULL,NULL,TO_DATE('2019-11-01 00:00:00', 'YYYY-MM-DD HH24:MI:SS'),NULL,'0',TO_TIMESTAMP('2019-10-02 08:50:52'),'Z990192',TO_TIMESTAMP('2019-10-02 08:50:52'),'Z990192','0',NULL,NULL,'SKIL','20000800','20000600','20000601','20000600','20000601',NULL,'0',NULL,NULL,'UT',NULL,NULL,NULL,NULL,NULL,'0','0','20000601',NULL,NULL,NULL,EMPTY_CLOB(),NULL,NULL)
update "PEN"."T_BEREGNING_RES" set "MERKNAD_LISTE" = NULL where "BEREGNING_RES_ID" = '20000601' and "BER_RES_AP_2025_2016_ID" IS NULL and "BER_RES_AP_2011_2016_ID" IS NULL and "DATO_VIRK_FOM" = TO_DATE('2019-11-01 00:00:00', 'YYYY-MM-DD HH24:MI:SS') and "DATO_VIRK_TOM" IS NULL and "UTTAKSGRAD" = '0' and "DATO_OPPRETTET" = TO_TIMESTAMP('2019-10-02 08:50:52') and "OPPRETTET_AV" = 'Z990192' and "DATO_ENDRET" = TO_TIMESTAMP('2019-10-02 08:50:52') and "ENDRET_AV" = 'Z990192' and "VERSJON" = '0' and "K_BER_PER_ARSAK" IS NULL and "BEREGNING_AFP_PRIVAT_FK" IS NULL and "K_SIVILSTAND_T" = 'SKIL' and "KRAVHODE_ID" = '20000800' and "SAK_ID" = '20000600' and "PEN_UNDER_UTBET_ID" = '20000601' and "VEDTAK_ID" = '20000600' and "BER_PERIODE_ID" = '20000601' and "BER_PER_REVURD_ID" IS NULL and "GJ_UTTAKTSGRAD_SISTE_AR" = '0' and "BEREGNING_INFO_ID" IS NULL and "BEREGNING_INFO_AVDOD" IS NULL and "K_BER_RES_T" = 'UT' and "VILKAR_RES_ID" IS NULL and "LONNSVEKST_INFO_ID" IS NULL and "K_ARSAK_ENDRING" IS NULL and "DATO_FOR_GYLDIG_SATS" IS NULL and "ANDEL_KAP_19" IS NULL and "BELOP_OKT" = '0' and "BELOP_REDUSERT" = '0' and "UFORETRYGD_BEREGNING_ID" = '20000601' and "EO_RESULTAT_UT_ID" IS NULL and "K_BOR_MED_T" IS NULL and "PEN_UNDER_UTBET_UTEN_GJR_ID" IS NULL and "BELOP_OKT_FRA_FORRIGE_PERIODE" IS NULL and "BELOP_RED_FRA_FORRIGE_PERIODE" IS NULL
update "PEN"."T_KRAVHODE" set "MERKNAD_LISTE" = NULL where "FORRIGE_IVERKSATTE_KRAV" IS NULL and "KRAVHODE_ID_FOR" IS NULL and "DATO_OPPRETTET" = TO_TIMESTAMP('2019-10-02 08:47:35') and "DATO_ENDRET" = TO_TIMESTAMP('2019-10-02 08:50:52') and "ENDRET_AV" = 'Z990192' and "OPPRETTET_AV" = 'Z990192' and "SAK_ID" = '20000600' and "DATO_MOTTATT_KRAV" = TO_DATE('2019-10-02 00:00:00', 'YYYY-MM-DD HH24:MI:SS') and "K_KRAV_GJELDER" = 'FORSTEG_BH' and "K_AFP_T" IS NULL and "K_KRAV_S" = 'BEREGNET' and "VERSJON" = '5' and "K_BEHANDLING_T" = 'MAN' and "ORGANISASJON_NR" IS NULL and "GRUNNLAG_LAST" = '0' and "GYLDIG_VILKAR_PROV" = '1' and "K_INITIERT_AV" = 'ANNET' and "DATO_KOMPLETT" = TO_DATE('2019-10-02 00:00:00', 'YYYY-MM-DD HH24:MI:SS') and "K_FLYT_KRAVLINJE" IS NULL and "BODD_ARB_UTL" = '0' and "KRAV_LAST" = '0' and "PERSON_DOD_ID" IS NULL and "BODD_ARB_UTL_FAR" IS NULL and "DATO_ONSKET_VIRK" = TO_DATE('2019-08-01 00:00:00', 'YYYY-MM-DD HH24:MI:SS') and "KOLLEKTIVE_VILKAR" = '0' and "AFP_TILLEGG" = '0' and "ER_BEREGNET" = '1' and "VUR_TRYGDEAV_FAR" IS NULL and "TSS_ID_AFP" IS NULL and "HENTET_TPS" = '1' and "NORGE_BEHAND_LAND" = '0' and "K_KRAV_VELG_T" = 'VARIG' and "TILBAKEKREVING" = '0' and "FAR_DOD_ID" IS NULL and "SOKT_AFP_PRIVAT" IS NULL and "MOR_DOD_ID" IS NULL and "BODD_ARB_UTL_MOR" IS NULL and "BODD_ARB_UTL_AVDOD" IS NULL and "VUR_TRYGDEAV_MOR" IS NULL and "REV_PGA_RED_OPPTJ" IS NULL and "DATO_VERSJONERING" IS NULL and "VUR_TRYGDEAV_AVDOD" IS NULL and "OVERF_OMS_POENG" = '0' and "BR_OPP_FR_65_I_66" = '0' and "VUR_TRYGDEAV" = '0' and "PEN_ORG_ENHET_ID" = '20000400' and "K_REGELVERK_T" IS NULL and "ER_SAMSTOT_VURDERT" = '1' and "AFP_PRIV_RES_FK_ID" IS NULL and "SIST_AP_BER_2011_ID" IS NULL and "FORRIGE_VEDTAK_TID" IS NULL and "UKJENT_AVDOD" = '0' and "UKJENT_FAR" = '0' and "UKJENT_MOR" = '0' and "BODD_ARB_UTL_EPS" IS NULL and "SISTE_SAKTYPE_FOR_AP" IS NULL and "MOTTATT_TT_OPPL_EPS" IS NULL and "HENTET_FEIL_UTBET_GR" = '0' and "SAKSBEH_DEL_AUTO" IS NULL and "ANTALL_DAGER_ANNEN_YTELSE" IS NULL and "DAGSATS_ANNEN_YTELSE" IS NULL and "STARTET_VILKVURD_UT" = '0' and "KONVERTERINGSGRUNNLAG_UT_ID" IS NULL and "HJEMMEBEREGNING_UT_ID" IS NULL and "DATO_VURDERT_ONSKET_VIRK" IS NULL and "SVAR_MOTTATT_UTLAND" IS NULL and "BT_VURDERING_PERIODE_BENYTTET" = '1' and "BERORT_SAK_BEGRUNNELSE" IS NULL and "K_UTLANDSTILKNYTNING" IS NULL and "DATO_REGISTRERT" = TO_TIMESTAMP('2019-10-02 08:47:35')
update "PEN"."T_KRAVHODE" set "FORRIGE_IVERKSATTE_KRAV" = NULL, "KRAVHODE_ID_FOR" = NULL, "DATO_OPPRETTET" = TO_TIMESTAMP('2019-10-02 08:47:35'), "DATO_ENDRET" = TO_TIMESTAMP('2019-10-02 08:50:52'), "ENDRET_AV" = 'Z990192', "OPPRETTET_AV" = 'Z990192', "SAK_ID" = '20000600', "DATO_MOTTATT_KRAV" = TO_DATE('2019-10-02 00:00:00', 'YYYY-MM-DD HH24:MI:SS'), "K_KRAV_GJELDER" = 'FORSTEG_BH', "K_AFP_T" = NULL, "K_KRAV_S" = 'BEREGNET', "VERSJON" = '5', "K_BEHANDLING_T" = 'MAN', "ORGANISASJON_NR" = NULL, "GRUNNLAG_LAST" = '0', "GYLDIG_VILKAR_PROV" = '1', "K_INITIERT_AV" = 'ANNET', "DATO_KOMPLETT" = TO_DATE('2019-10-02 00:00:00', 'YYYY-MM-DD HH24:MI:SS'), "K_FLYT_KRAVLINJE" = NULL, "BODD_ARB_UTL" = '0', "KRAV_LAST" = '0', "PERSON_DOD_ID" = NULL, "BODD_ARB_UTL_FAR" = NULL, "DATO_ONSKET_VIRK" = TO_DATE('2019-08-01 00:00:00', 'YYYY-MM-DD HH24:MI:SS'), "KOLLEKTIVE_VILKAR" = '0', "AFP_TILLEGG" = '0', "ER_BEREGNET" = '1', "VUR_TRYGDEAV_FAR" = NULL, "TSS_ID_AFP" = NULL, "HENTET_TPS" = '1', "NORGE_BEHAND_LAND" = '0', "K_KRAV_VELG_T" = 'VARIG', "TILBAKEKREVING" = '0', "FAR_DOD_ID" = NULL, "SOKT_AFP_PRIVAT" = NULL, "MOR_DOD_ID" = NULL, "BODD_ARB_UTL_MOR" = NULL, "BODD_ARB_UTL_AVDOD" = NULL, "VUR_TRYGDEAV_MOR" = NULL, "REV_PGA_RED_OPPTJ" = NULL, "DATO_VERSJONERING" = NULL, "VUR_TRYGDEAV_AVDOD" = NULL, "OVERF_OMS_POENG" = '0', "BR_OPP_FR_65_I_66" = '0', "VUR_TRYGDEAV" = '0', "PEN_ORG_ENHET_ID" = '20000400', "K_REGELVERK_T" = NULL, "ER_SAMSTOT_VURDERT" = '1', "AFP_PRIV_RES_FK_ID" = NULL, "SIST_AP_BER_2011_ID" = NULL, "FORRIGE_VEDTAK_TID" = NULL, "UKJENT_AVDOD" = '0', "UKJENT_FAR" = '0', "UKJENT_MOR" = '0', "BODD_ARB_UTL_EPS" = NULL, "SISTE_SAKTYPE_FOR_AP" = NULL, "MOTTATT_TT_OPPL_EPS" = NULL, "HENTET_FEIL_UTBET_GR" = '0', "SAKSBEH_DEL_AUTO" = NULL, "ANTALL_DAGER_ANNEN_YTELSE" = NULL, "DAGSATS_ANNEN_YTELSE" = NULL, "STARTET_VILKVURD_UT" = '0', "KONVERTERINGSGRUNNLAG_UT_ID" = NULL, "HJEMMEBEREGNING_UT_ID" = NULL, "DATO_VURDERT_ONSKET_VIRK" = NULL, "SVAR_MOTTATT_UTLAND" = NULL, "BT_VURDERING_PERIODE_BENYTTET" = '1', "BERORT_SAK_BEGRUNNELSE" = NULL, "MERKNAD_LISTE" = EMPTY_CLOB(), "K_UTLANDSTILKNYTNING" = NULL, "DATO_REGISTRERT" = TO_TIMESTAMP('2019-10-02 08:47:35'), "BREV_INFO_LISTE_ID" = NULL, "BUC_ID" = NULL where "FORRIGE_IVERKSATTE_KRAV" IS NULL and "KRAVHODE_ID_FOR" IS NULL and "DATO_OPPRETTET" = TO_TIMESTAMP('2019-10-02 08:47:35') and "DATO_ENDRET" = TO_TIMESTAMP('2019-10-02 08:50:51') and "ENDRET_AV" = 'Z990192' and "OPPRETTET_AV" = 'Z990192' and "SAK_ID" = '20000600' and "DATO_MOTTATT_KRAV" = TO_DATE('2019-10-02 00:00:00', 'YYYY-MM-DD HH24:MI:SS') and "K_KRAV_GJELDER" = 'FORSTEG_BH' and "K_AFP_T" IS NULL and "K_KRAV_S" = 'VILKARSPROVD' and "VERSJON" = '4' and "K_BEHANDLING_T" = 'MAN' and "ORGANISASJON_NR" IS NULL and "GRUNNLAG_LAST" = '0' and "GYLDIG_VILKAR_PROV" = '1' and "K_INITIERT_AV" = 'ANNET' and "DATO_KOMPLETT" = TO_DATE('2019-10-02 00:00:00', 'YYYY-MM-DD HH24:MI:SS') and "K_FLYT_KRAVLINJE" IS NULL and "BODD_ARB_UTL" = '0' and "KRAV_LAST" = '0' and "PERSON_DOD_ID" IS NULL and "BODD_ARB_UTL_FAR" IS NULL and "DATO_ONSKET_VIRK" = TO_DATE('2019-08-01 00:00:00', 'YYYY-MM-DD HH24:MI:SS') and "KOLLEKTIVE_VILKAR" = '0' and "AFP_TILLEGG" = '0' and "ER_BEREGNET" = '0' and "VUR_TRYGDEAV_FAR" IS NULL and "TSS_ID_AFP" IS NULL and "HENTET_TPS" = '1' and "NORGE_BEHAND_LAND" = '0' and "K_KRAV_VELG_T" = 'VARIG' and "TILBAKEKREVING" = '0' and "FAR_DOD_ID" IS NULL and "SOKT_AFP_PRIVAT" IS NULL and "MOR_DOD_ID" IS NULL and "BODD_ARB_UTL_MOR" IS NULL and "BODD_ARB_UTL_AVDOD" IS NULL and "VUR_TRYGDEAV_MOR" IS NULL and "REV_PGA_RED_OPPTJ" IS NULL and "DATO_VERSJONERING" IS NULL and "VUR_TRYGDEAV_AVDOD" IS NULL and "OVERF_OMS_POENG" = '0' and "BR_OPP_FR_65_I_66" = '0' and "VUR_TRYGDEAV" = '0' and "PEN_ORG_ENHET_ID" = '20000400' and "K_REGELVERK_T" IS NULL and "ER_SAMSTOT_VURDERT" = '1' and "AFP_PRIV_RES_FK_ID" IS NULL and "SIST_AP_BER_2011_ID" IS NULL and "FORRIGE_VEDTAK_TID" IS NULL and "UKJENT_AVDOD" = '0' and "UKJENT_FAR" = '0' and "UKJENT_MOR" = '0' and "BODD_ARB_UTL_EPS" IS NULL and "SISTE_SAKTYPE_FOR_AP" IS NULL and "MOTTATT_TT_OPPL_EPS" IS NULL and "HENTET_FEIL_UTBET_GR" = '0' and "SAKSBEH_DEL_AUTO" IS NULL and "ANTALL_DAGER_ANNEN_YTELSE" IS NULL and "DAGSATS_ANNEN_YTELSE" IS NULL and "STARTET_VILKVURD_UT" = '0' and "KONVERTERINGSGRUNNLAG_UT_ID" IS NULL and "HJEMMEBEREGNING_UT_ID" IS NULL and "DATO_VURDERT_ONSKET_VIRK" IS NULL and "SVAR_MOTTATT_UTLAND" IS NULL and "BT_VURDERING_PERIODE_BENYTTET" = '1' and "BERORT_SAK_BEGRUNNELSE" IS NULL and "K_UTLANDSTILKNYTNING" IS NULL and "DATO_REGISTRERT" = TO_TIMESTAMP('2019-10-02 08:47:35') and "BREV_INFO_LISTE_ID" IS NULL and "BUC_ID" IS NULL
update "PEN"."T_KRAVLINJE" set "KRAVHODE_ID" = '20000800', "K_KRAVLINJE_T" = 'UT', "PERSON_ID" = '20000800', "KRAVLINJE_S_ID" = '20000412', "K_LAND_3_TEGN_ID" = '161', "DATO_OPPRETTET" = TO_TIMESTAMP('2019-10-02 08:47:35'), "OPPRETTET_AV" = 'Z990192', "DATO_ENDRET" = TO_TIMESTAMP('2019-10-02 08:50:52'), "ENDRET_AV" = 'Z990192', "VERSJON" = '3', "K_UTLAND_S" = 'IKKE_UTL' where "KRAVHODE_ID" = '20000800' and "K_KRAVLINJE_T" = 'UT' and "PERSON_ID" = '20000800' and "KRAVLINJE_S_ID" = '20000410' and "K_LAND_3_TEGN_ID" = '161' and "DATO_OPPRETTET" = TO_TIMESTAMP('2019-10-02 08:47:35') and "OPPRETTET_AV" = 'Z990192' and "DATO_ENDRET" = TO_TIMESTAMP('2019-10-02 08:50:48') and "ENDRET_AV" = 'Z990192' and "VERSJON" = '2' and "K_UTLAND_S" = 'IKKE_UTL'
insert into "PEN"."T_UFORE_HISTORIK"("UFORE_HISTORIK_ID","UNG_UFOR","DATO_OPPRETTET","GARANTIGRAD","OPPRETTET_AV","DATO_ENDRET","ENDRET_AV","VERSJON","PERSON_ID","GARANTIGRAD_YRKE","DATO_F_HV_PEN_FOM","DATO_F_HV_PEN_TOM","DATO_FLENG_F_","DATO_FLENG_F_TOM","DATO_REAKTIV_FOM","DATO_REAKTIV_TOM","DATO_LONNTILSK_FOM","DATO_LONNTILSK_TOM","DATO_ARBTRENING_FRYS_FOM","DATO_ARBTRENING_FRYS_TOM","SIST_MEDL_I_T","GRUNNBELOP","DATO_FORSTE_UFORE_FOM") values ('20000000','1',TO_TIMESTAMP('2019-10-02 08:50:53'),NULL,'Z990192',TO_TIMESTAMP('2019-10-02 08:50:53'),'Z990192','0',NULL,NULL,NULL,NULL,NULL,NULL,NULL,NULL,NULL,NULL,NULL,NULL,NULL,'99858',TO_DATE('2019-01-01 00:00:00', 'YYYY-MM-DD HH24:MI:SS'))
insert into "PEN"."T_UFORE_PERIODE"("UFORE_PERIODE_ID","UFOREGRAD","DATO_UFORE_FOM","K_UFORE_T","FPP","FPP_GARANTI","REDUS_ANT_FPP_AR","UFORE_HISTORIK_ID","K_FPP_GARANTI_T","DATO_OPPRETTET","VERSJON","OPPRETTET_AV","SPT_PA_F92","DATO_ENDRET","SPT_PA_E91","ENDRET_AV","DATO_UFORE_TOM","OPT_PA_F92","DATO_VIRK","OPT_PA_E91","FPP_OMREGNET","YPT_PA_F92","YPT_PA_E91","SPT","OPT","SPT_EOS","YPT","SPT_PA_E91_EOS","AR_FODSEL_YNG_BA","PAA","SPT_PA_F92_EOS","DATO_UFG_FOM","DATO_UFG_TOM","PRO_RATA_NEVNER","PRO_RATA_TELLER","REDUSERT_ANT_FPP_AR_PRO_RATA","SPT_PRO_RATA","K_PR_BER_T","ENGANGSUTLOST","ANTATT_INNTEKT_FAKTOR_KAP_19","BER_GRUNNLAG","DATO_ANGITT_UFORE_FOM","ANTATT_INNTEKT_FAKTOR_KAP_20") values ('20000000','100',TO_DATE('2019-01-01 00:00:00', 'YYYY-MM-DD HH24:MI:SS'),'UFORE','0','0','0','20000000','UNG_UF_MR_33_PO',TO_TIMESTAMP('2019-10-02 08:50:53'),'0','Z990192','0',TO_TIMESTAMP('2019-10-02 08:50:53'),'0','Z990192',NULL,'0',TO_DATE('2019-08-01 00:00:00', 'YYYY-MM-DD HH24:MI:SS'),'0','0','0','0','0','0','0','0','0','0','0','0',TO_DATE('2019-01-01 00:00:00', 'YYYY-MM-DD HH24:MI:SS'),NULL,NULL,NULL,NULL,NULL,NULL,NULL,'5,2999588657070245','599148',TO_DATE('2019-01-01 00:00:00', 'YYYY-MM-DD HH24:MI:SS'),'6,899876597121074')
update "PEN"."T_BEREGNING_RES" set "DATO_VIRK_FOM" = TO_DATE('2019-08-01 00:00:00', 'YYYY-MM-DD HH24:MI:SS'), "DATO_VIRK_TOM" = TO_DATE('2019-10-31 00:00:00', 'YYYY-MM-DD HH24:MI:SS'), "UTTAKSGRAD" = '0', "DATO_OPPRETTET" = TO_TIMESTAMP('2019-10-02 08:50:52'), "OPPRETTET_AV" = 'Z990192', "DATO_ENDRET" = TO_TIMESTAMP('2019-10-02 08:50:53'), "ENDRET_AV" = 'Z990192', "VERSJON" = '1', "K_SIVILSTAND_T" = 'SKIL', "KRAVHODE_ID" = '20000800', "SAK_ID" = '20000600', "PEN_UNDER_UTBET_ID" = '20000600', "VEDTAK_ID" = '20000600', "BER_PERIODE_ID" = '20000600', "BER_PER_REVURD_ID" = NULL, "GJ_UTTAKTSGRAD_SISTE_AR" = '0', "BEREGNING_INFO_ID" = NULL, "VILKAR_RES_ID" = NULL, "LONNSVEKST_INFO_ID" = NULL, "K_ARSAK_ENDRING" = NULL, "DATO_FOR_GYLDIG_SATS" = TO_DATE('2019-05-01 00:00:00', 'YYYY-MM-DD HH24:MI:SS'), "BELOP_OKT" = '0', "BELOP_REDUSERT" = '0', "UFORETRYGD_BEREGNING_ID" = '20000600', "K_BOR_MED_T" = NULL, "MERKNAD_LISTE" = EMPTY_CLOB(), "BELOP_OKT_FRA_FORRIGE_PERIODE" = NULL, "BELOP_RED_FRA_FORRIGE_PERIODE" = NULL where "DATO_VIRK_FOM" = TO_DATE('2019-08-01 00:00:00', 'YYYY-MM-DD HH24:MI:SS') and "DATO_VIRK_TOM" = TO_DATE('2019-10-31 00:00:00', 'YYYY-MM-DD HH24:MI:SS') and "UTTAKSGRAD" = '0' and "DATO_OPPRETTET" = TO_TIMESTAMP('2019-10-02 08:50:52') and "OPPRETTET_AV" = 'Z990192' and "DATO_ENDRET" = TO_TIMESTAMP('2019-10-02 08:50:52') and "ENDRET_AV" = 'Z990192' and "VERSJON" = '0' and "K_SIVILSTAND_T" = 'SKIL' and "KRAVHODE_ID" = '20000800' and "SAK_ID" = '20000600' and "PEN_UNDER_UTBET_ID" = '20000600' and "VEDTAK_ID" = '20000600' and "BER_PERIODE_ID" = '20000600' and "BER_PER_REVURD_ID" IS NULL and "GJ_UTTAKTSGRAD_SISTE_AR" = '0' and "BEREGNING_INFO_ID" IS NULL and "VILKAR_RES_ID" IS NULL and "LONNSVEKST_INFO_ID" IS NULL and "K_ARSAK_ENDRING" IS NULL and "DATO_FOR_GYLDIG_SATS" IS NULL and "BELOP_OKT" = '0' and "BELOP_REDUSERT" = '0' and "UFORETRYGD_BEREGNING_ID" = '20000600' and "K_BOR_MED_T" IS NULL and "BELOP_OKT_FRA_FORRIGE_PERIODE" IS NULL and "BELOP_RED_FRA_FORRIGE_PERIODE" IS NULL
update "PEN"."T_BEREGNING_RES" set "MERKNAD_LISTE" = NULL where "DATO_VIRK_FOM" = TO_DATE('2019-08-01 00:00:00', 'YYYY-MM-DD HH24:MI:SS') and "DATO_VIRK_TOM" = TO_DATE('2019-10-31 00:00:00', 'YYYY-MM-DD HH24:MI:SS') and "UTTAKSGRAD" = '0' and "DATO_OPPRETTET" = TO_TIMESTAMP('2019-10-02 08:50:52') and "OPPRETTET_AV" = 'Z990192' and "DATO_ENDRET" = TO_TIMESTAMP('2019-10-02 08:50:53') and "ENDRET_AV" = 'Z990192' and "VERSJON" = '1' and "K_SIVILSTAND_T" = 'SKIL' and "KRAVHODE_ID" = '20000800' and "SAK_ID" = '20000600' and "PEN_UNDER_UTBET_ID" = '20000600' and "VEDTAK_ID" = '20000600' and "BER_PERIODE_ID" = '20000600' and "BER_PER_REVURD_ID" IS NULL and "GJ_UTTAKTSGRAD_SISTE_AR" = '0' and "BEREGNING_INFO_ID" IS NULL and "VILKAR_RES_ID" IS NULL and "LONNSVEKST_INFO_ID" IS NULL and "K_ARSAK_ENDRING" IS NULL and "DATO_FOR_GYLDIG_SATS" = TO_DATE('2019-05-01 00:00:00', 'YYYY-MM-DD HH24:MI:SS') and "BELOP_OKT" = '0' and "BELOP_REDUSERT" = '0' and "UFORETRYGD_BEREGNING_ID" = '20000600'
update "PEN"."T_BEREGNING_RES" set "DATO_VIRK_FOM" = TO_DATE('2019-11-01 00:00:00', 'YYYY-MM-DD HH24:MI:SS'), "DATO_VIRK_TOM" = NULL, "UTTAKSGRAD" = '0', "DATO_OPPRETTET" = TO_TIMESTAMP('2019-10-02 08:50:52'), "OPPRETTET_AV" = 'Z990192', "DATO_ENDRET" = TO_TIMESTAMP('2019-10-02 08:50:53'), "ENDRET_AV" = 'Z990192', "VERSJON" = '1', "K_SIVILSTAND_T" = 'SKIL', "KRAVHODE_ID" = '20000800', "SAK_ID" = '20000600', "PEN_UNDER_UTBET_ID" = '20000601', "VEDTAK_ID" = '20000600', "BER_PERIODE_ID" = '20000601', "BER_PER_REVURD_ID" = NULL, "GJ_UTTAKTSGRAD_SISTE_AR" = '0', "BEREGNING_INFO_ID" = NULL, "VILKAR_RES_ID" = NULL, "LONNSVEKST_INFO_ID" = NULL, "K_ARSAK_ENDRING" = NULL, "DATO_FOR_GYLDIG_SATS" = TO_DATE('2019-05-01 00:00:00', 'YYYY-MM-DD HH24:MI:SS'), "BELOP_OKT" = '0', "BELOP_REDUSERT" = '0', "UFORETRYGD_BEREGNING_ID" = '20000601', "K_BOR_MED_T" = NULL, "MERKNAD_LISTE" = EMPTY_CLOB(), "BELOP_OKT_FRA_FORRIGE_PERIODE" = '0', "BELOP_RED_FRA_FORRIGE_PERIODE" = '0' where "DATO_VIRK_FOM" = TO_DATE('2019-11-01 00:00:00', 'YYYY-MM-DD HH24:MI:SS') and "DATO_VIRK_TOM" IS NULL and "UTTAKSGRAD" = '0' and "DATO_OPPRETTET" = TO_TIMESTAMP('2019-10-02 08:50:52') and "OPPRETTET_AV" = 'Z990192' and "DATO_ENDRET" = TO_TIMESTAMP('2019-10-02 08:50:52') and "ENDRET_AV" = 'Z990192' and "VERSJON" = '0' and "K_SIVILSTAND_T" = 'SKIL' and "KRAVHODE_ID" = '20000800' and "SAK_ID" = '20000600' and "PEN_UNDER_UTBET_ID" = '20000601' and "VEDTAK_ID" = '20000600' and "BER_PERIODE_ID" = '20000601' and "BER_PER_REVURD_ID" IS NULL and "GJ_UTTAKTSGRAD_SISTE_AR" = '0' and "BEREGNING_INFO_ID" IS NULL and "VILKAR_RES_ID" IS NULL and "LONNSVEKST_INFO_ID" IS NULL and "K_ARSAK_ENDRING" IS NULL and "DATO_FOR_GYLDIG_SATS" IS NULL and "BELOP_OKT" = '0' and "BELOP_REDUSERT" = '0' and "UFORETRYGD_BEREGNING_ID" = '20000601' and "K_BOR_MED_T" IS NULL and "BELOP_OKT_FRA_FORRIGE_PERIODE" IS NULL and "BELOP_RED_FRA_FORRIGE_PERIODE" IS NULL
update "PEN"."T_BEREGNING_RES" set "MERKNAD_LISTE" = NULL where "DATO_VIRK_FOM" = TO_DATE('2019-11-01 00:00:00', 'YYYY-MM-DD HH24:MI:SS') and "DATO_VIRK_TOM" IS NULL and "UTTAKSGRAD" = '0' and "DATO_OPPRETTET" = TO_TIMESTAMP('2019-10-02 08:50:52') and "OPPRETTET_AV" = 'Z990192' and "DATO_ENDRET" = TO_TIMESTAMP('2019-10-02 08:50:53') and "ENDRET_AV" = 'Z990192' and "VERSJON" = '1' and "K_SIVILSTAND_T" = 'SKIL' and "KRAVHODE_ID" = '20000800' and "SAK_ID" = '20000600' and "PEN_UNDER_UTBET_ID" = '20000601' and "VEDTAK_ID" = '20000600' and "BER_PERIODE_ID" = '20000601' and "BER_PER_REVURD_ID" IS NULL and "GJ_UTTAKTSGRAD_SISTE_AR" = '0' and "BEREGNING_INFO_ID" IS NULL and "VILKAR_RES_ID" IS NULL and "LONNSVEKST_INFO_ID" IS NULL and "K_ARSAK_ENDRING" IS NULL and "DATO_FOR_GYLDIG_SATS" = TO_DATE('2019-05-01 00:00:00', 'YYYY-MM-DD HH24:MI:SS') and "BELOP_OKT" = '0' and "BELOP_REDUSERT" = '0' and "UFORETRYGD_BEREGNING_ID" = '20000601' and "BELOP_OKT_FRA_FORRIGE_PERIODE" = '0' and "BELOP_RED_FRA_FORRIGE_PERIODE" = '0'
update "PEN"."T_VEDTAK" set "MERKNAD_LISTE" = NULL where "BASERT_PA_VEDTAK" IS NULL and "REL_ALDER_VEDTAK" IS NULL and "REL_AFP_PR_VEDTAK" IS NULL and "VEDTAK_ID_FORRIGE" IS NULL and "PERSON_ID" = '20000800' and "KRAVHODE_ID" = '20000800' and "DATO_OPPRETTET" = TO_TIMESTAMP('2019-10-02 08:48:00') and "OPPRETTET_AV" = 'Z990192' and "DATO_ENDRET" = TO_TIMESTAMP('2019-10-02 08:50:53') and "ENDRET_AV" = 'Z990192' and "DATO_VIRK_FOM" = TO_DATE('2019-08-01 00:00:00', 'YYYY-MM-DD HH24:MI:SS') and "DATO_VIRK_TOM" IS NULL and "SAK_ID" = '20000600' and "K_VEDTAK_T" = 'FORGANG' and "K_VEDTAK_S" = 'FASTS' and "VERSJON" = '3' and "ANSV_SAKSBH" IS NULL and "ATTESTERER" IS NULL and "DATO_ATTESTERT" IS NULL and "K_SAK_T" = 'UFOREP' and "K_BEHANDLING_T" = 'MAN' and "VEDTAK_LAST" = '0' and "DATO_VEDTAK" IS NULL and "DATO_TILVERKSETT" IS NULL and "DATO_LOPENDE_FOM" IS NULL and "DATO_SENDT_SAMORD" IS NULL and "ANNEN_PENGEMOT" IS NULL and "DATO_LOPENDE_TOM" IS NULL and "SENDT_NAVI" IS NULL and "ETTER_BETALING" IS NULL and "DATO_SIM_FEIL_UTB" IS NULL and "DATO_SAMORDNET" IS NULL and "UTVIDT_SAMOR_FRIST" = '0' and "DATO_IVERKSATT" IS NULL and "INTERN_BATCHBREV_KODE" IS NULL and "VIRK_GAM_VEDTAK" IS NULL and "K_KLAGEANK_RES_T" IS NULL and "K_INNSTILLING_T" IS NULL and "DATO_STOPPET" IS NULL and "DATO_REAKT" IS NULL and "K_VILKAR_RESUL_T" = 'INNV' and "SAMSTOTSTILFELLE_ID" IS NULL and "DATO_FOR_GYLDIG_SATS" = TO_DATE('2019-05-01 00:00:00', 'YYYY-MM-DD HH24:MI:SS') and "REGULERING_SKAL_FULLBEREGNES" IS NULL and "UFORE_HISTORIK_ID" = '20000000' and "K_VARSLING_S" IS NULL and "AUTOMATISK_OMREGNING_AV_UT" IS NULL and "VIDEREFOR_TIL_UT" IS NULL and "BEREGNET_UTBINFOGRUNN_UT_ID" = '20000000'
update "PEN"."T_VEDTAK" set "BASERT_PA_VEDTAK" = NULL, "REL_ALDER_VEDTAK" = NULL, "REL_AFP_PR_VEDTAK" = NULL, "VEDTAK_ID_FORRIGE" = NULL, "PERSON_ID" = '20000800', "KRAVHODE_ID" = '20000800', "DATO_OPPRETTET" = TO_TIMESTAMP('2019-10-02 08:48:00'), "OPPRETTET_AV" = 'Z990192', "DATO_ENDRET" = TO_TIMESTAMP('2019-10-02 08:50:53'), "ENDRET_AV" = 'Z990192', "DATO_VIRK_FOM" = TO_DATE('2019-08-01 00:00:00', 'YYYY-MM-DD HH24:MI:SS'), "DATO_VIRK_TOM" = NULL, "SAK_ID" = '20000600', "K_VEDTAK_T" = 'FORGANG', "K_VEDTAK_S" = 'FASTS', "VERSJON" = '3', "ANSV_SAKSBH" = NULL, "ATTESTERER" = NULL, "DATO_ATTESTERT" = NULL, "K_SAK_T" = 'UFOREP', "K_BEHANDLING_T" = 'MAN', "VEDTAK_LAST" = '0', "DATO_VEDTAK" = NULL, "DATO_TILVERKSETT" = NULL, "DATO_LOPENDE_FOM" = NULL, "DATO_SENDT_SAMORD" = NULL, "ANNEN_PENGEMOT" = NULL, "DATO_LOPENDE_TOM" = NULL, "SENDT_NAVI" = NULL, "ETTER_BETALING" = NULL, "DATO_SIM_FEIL_UTB" = NULL, "DATO_SAMORDNET" = NULL, "UTVIDT_SAMOR_FRIST" = '0', "DATO_IVERKSATT" = NULL, "INTERN_BATCHBREV_KODE" = NULL, "VIRK_GAM_VEDTAK" = NULL, "K_KLAGEANK_RES_T" = NULL, "K_INNSTILLING_T" = NULL, "DATO_STOPPET" = NULL, "DATO_REAKT" = NULL, "K_VILKAR_RESUL_T" = 'INNV', "SAMSTOTSTILFELLE_ID" = NULL, "DATO_FOR_GYLDIG_SATS" = TO_DATE('2019-05-01 00:00:00', 'YYYY-MM-DD HH24:MI:SS'), "REGULERING_SKAL_FULLBEREGNES" = NULL, "UFORE_HISTORIK_ID" = '20000000', "K_VARSLING_S" = NULL, "AUTOMATISK_OMREGNING_AV_UT" = NULL, "VIDEREFOR_TIL_UT" = NULL, "BEREGNET_UTBINFOGRUNN_UT_ID" = '20000000', "EO_RESULTAT_UT_ID" = NULL, "MERKNAD_LISTE" = EMPTY_CLOB() where "BASERT_PA_VEDTAK" IS NULL and "REL_ALDER_VEDTAK" IS NULL and "REL_AFP_PR_VEDTAK" IS NULL and "VEDTAK_ID_FORRIGE" IS NULL and "PERSON_ID" = '20000800' and "KRAVHODE_ID" = '20000800' and "DATO_OPPRETTET" = TO_TIMESTAMP('2019-10-02 08:48:00') and "OPPRETTET_AV" = 'Z990192' and "DATO_ENDRET" = TO_TIMESTAMP('2019-10-02 08:50:48') and "ENDRET_AV" = 'Z990192' and "DATO_VIRK_FOM" = TO_DATE('2019-08-01 00:00:00', 'YYYY-MM-DD HH24:MI:SS') and "DATO_VIRK_TOM" IS NULL and "SAK_ID" = '20000600' and "K_VEDTAK_T" = 'FORGANG' and "K_VEDTAK_S" = 'FASTS' and "VERSJON" = '2' and "ANSV_SAKSBH" IS NULL and "ATTESTERER" IS NULL and "DATO_ATTESTERT" IS NULL and "K_SAK_T" = 'UFOREP' and "K_BEHANDLING_T" = 'MAN' and "VEDTAK_LAST" = '0' and "DATO_VEDTAK" IS NULL and "DATO_TILVERKSETT" IS NULL and "DATO_LOPENDE_FOM" IS NULL and "DATO_SENDT_SAMORD" IS NULL and "ANNEN_PENGEMOT" IS NULL and "DATO_LOPENDE_TOM" IS NULL and "SENDT_NAVI" IS NULL and "ETTER_BETALING" IS NULL and "DATO_SIM_FEIL_UTB" IS NULL and "DATO_SAMORDNET" IS NULL and "UTVIDT_SAMOR_FRIST" = '0' and "DATO_IVERKSATT" IS NULL and "INTERN_BATCHBREV_KODE" IS NULL and "VIRK_GAM_VEDTAK" IS NULL and "K_KLAGEANK_RES_T" IS NULL and "K_INNSTILLING_T" IS NULL and "DATO_STOPPET" IS NULL and "DATO_REAKT" IS NULL and "K_VILKAR_RESUL_T" = 'INNV' and "SAMSTOTSTILFELLE_ID" IS NULL and "DATO_FOR_GYLDIG_SATS" IS NULL and "REGULERING_SKAL_FULLBEREGNES" IS NULL and "UFORE_HISTORIK_ID" IS NULL and "K_VARSLING_S" IS NULL and "AUTOMATISK_OMREGNING_AV_UT" IS NULL and "VIDEREFOR_TIL_UT" IS NULL and "BEREGNET_UTBINFOGRUNN_UT_ID" = '20000000' and "EO_RESULTAT_UT_ID" IS NULL
update "PEN"."T_VEDTAK" set "MERKNAD_LISTE" = NULL where "BASERT_PA_VEDTAK" IS NULL and "REL_ALDER_VEDTAK" IS NULL and "REL_AFP_PR_VEDTAK" IS NULL and "VEDTAK_ID_FORRIGE" IS NULL and "PERSON_ID" = '20000800' and "KRAVHODE_ID" = '20000800' and "DATO_OPPRETTET" = TO_TIMESTAMP('2019-10-02 08:48:00') and "OPPRETTET_AV" = 'Z990192' and "DATO_ENDRET" = TO_TIMESTAMP('2019-10-02 08:50:53') and "ENDRET_AV" = 'Z990192' and "DATO_VIRK_FOM" = TO_DATE('2019-08-01 00:00:00', 'YYYY-MM-DD HH24:MI:SS') and "DATO_VIRK_TOM" IS NULL and "SAK_ID" = '20000600' and "K_VEDTAK_T" = 'FORGANG' and "K_VEDTAK_S" = 'FASTS' and "VERSJON" = '4' and "ANSV_SAKSBH" IS NULL and "ATTESTERER" IS NULL and "DATO_ATTESTERT" IS NULL and "K_SAK_T" = 'UFOREP' and "K_BEHANDLING_T" = 'MAN' and "VEDTAK_LAST" = '0' and "DATO_VEDTAK" IS NULL and "DATO_TILVERKSETT" IS NULL and "DATO_LOPENDE_FOM" IS NULL and "DATO_SENDT_SAMORD" IS NULL and "ANNEN_PENGEMOT" IS NULL and "DATO_LOPENDE_TOM" IS NULL and "SENDT_NAVI" IS NULL and "ETTER_BETALING" = '1' and "DATO_SIM_FEIL_UTB" IS NULL and "DATO_SAMORDNET" IS NULL and "UTVIDT_SAMOR_FRIST" = '0' and "DATO_IVERKSATT" IS NULL and "INTERN_BATCHBREV_KODE" IS NULL and "VIRK_GAM_VEDTAK" IS NULL and "K_KLAGEANK_RES_T" IS NULL and "K_INNSTILLING_T" IS NULL and "DATO_STOPPET" IS NULL and "DATO_REAKT" IS NULL and "K_VILKAR_RESUL_T" = 'INNV' and "SAMSTOTSTILFELLE_ID" IS NULL and "DATO_FOR_GYLDIG_SATS" = TO_DATE('2019-05-01 00:00:00', 'YYYY-MM-DD HH24:MI:SS') and "REGULERING_SKAL_FULLBEREGNES" IS NULL and "UFORE_HISTORIK_ID" = '20000000' and "K_VARSLING_S" IS NULL and "AUTOMATISK_OMREGNING_AV_UT" IS NULL and "VIDEREFOR_TIL_UT" IS NULL and "BEREGNET_UTBINFOGRUNN_UT_ID" = '20000000'
update "PEN"."T_VEDTAK" set "BASERT_PA_VEDTAK" = NULL, "REL_ALDER_VEDTAK" = NULL, "REL_AFP_PR_VEDTAK" = NULL, "VEDTAK_ID_FORRIGE" = NULL, "PERSON_ID" = '20000800', "KRAVHODE_ID" = '20000800', "DATO_OPPRETTET" = TO_TIMESTAMP('2019-10-02 08:48:00'), "OPPRETTET_AV" = 'Z990192', "DATO_ENDRET" = TO_TIMESTAMP('2019-10-02 08:50:53'), "ENDRET_AV" = 'Z990192', "DATO_VIRK_FOM" = TO_DATE('2019-08-01 00:00:00', 'YYYY-MM-DD HH24:MI:SS'), "DATO_VIRK_TOM" = NULL, "SAK_ID" = '20000600', "K_VEDTAK_T" = 'FORGANG', "K_VEDTAK_S" = 'FASTS', "VERSJON" = '4', "ANSV_SAKSBH" = NULL, "ATTESTERER" = NULL, "DATO_ATTESTERT" = NULL, "K_SAK_T" = 'UFOREP', "K_BEHANDLING_T" = 'MAN', "VEDTAK_LAST" = '0', "DATO_VEDTAK" = NULL, "DATO_TILVERKSETT" = NULL, "DATO_LOPENDE_FOM" = NULL, "DATO_SENDT_SAMORD" = NULL, "ANNEN_PENGEMOT" = NULL, "DATO_LOPENDE_TOM" = NULL, "SENDT_NAVI" = NULL, "ETTER_BETALING" = '1', "DATO_SIM_FEIL_UTB" = NULL, "DATO_SAMORDNET" = NULL, "UTVIDT_SAMOR_FRIST" = '0', "DATO_IVERKSATT" = NULL, "INTERN_BATCHBREV_KODE" = NULL, "VIRK_GAM_VEDTAK" = NULL, "K_KLAGEANK_RES_T" = NULL, "K_INNSTILLING_T" = NULL, "DATO_STOPPET" = NULL, "DATO_REAKT" = NULL, "K_VILKAR_RESUL_T" = 'INNV', "SAMSTOTSTILFELLE_ID" = NULL, "DATO_FOR_GYLDIG_SATS" = TO_DATE('2019-05-01 00:00:00', 'YYYY-MM-DD HH24:MI:SS'), "REGULERING_SKAL_FULLBEREGNES" = NULL, "UFORE_HISTORIK_ID" = '20000000', "K_VARSLING_S" = NULL, "AUTOMATISK_OMREGNING_AV_UT" = NULL, "VIDEREFOR_TIL_UT" = NULL, "BEREGNET_UTBINFOGRUNN_UT_ID" = '20000000', "EO_RESULTAT_UT_ID" = NULL, "MERKNAD_LISTE" = EMPTY_CLOB() where "BASERT_PA_VEDTAK" IS NULL and "REL_ALDER_VEDTAK" IS NULL and "REL_AFP_PR_VEDTAK" IS NULL and "VEDTAK_ID_FORRIGE" IS NULL and "PERSON_ID" = '20000800' and "KRAVHODE_ID" = '20000800' and "DATO_OPPRETTET" = TO_TIMESTAMP('2019-10-02 08:48:00') and "OPPRETTET_AV" = 'Z990192' and "DATO_ENDRET" = TO_TIMESTAMP('2019-10-02 08:50:53') and "ENDRET_AV" = 'Z990192' and "DATO_VIRK_FOM" = TO_DATE('2019-08-01 00:00:00', 'YYYY-MM-DD HH24:MI:SS') and "DATO_VIRK_TOM" IS NULL and "SAK_ID" = '20000600' and "K_VEDTAK_T" = 'FORGANG' and "K_VEDTAK_S" = 'FASTS' and "VERSJON" = '3' and "ANSV_SAKSBH" IS NULL and "ATTESTERER" IS NULL and "DATO_ATTESTERT" IS NULL and "K_SAK_T" = 'UFOREP' and "K_BEHANDLING_T" = 'MAN' and "VEDTAK_LAST" = '0' and "DATO_VEDTAK" IS NULL and "DATO_TILVERKSETT" IS NULL and "DATO_LOPENDE_FOM" IS NULL and "DATO_SENDT_SAMORD" IS NULL and "ANNEN_PENGEMOT" IS NULL and "DATO_LOPENDE_TOM" IS NULL and "SENDT_NAVI" IS NULL and "ETTER_BETALING" IS NULL and "DATO_SIM_FEIL_UTB" IS NULL and "DATO_SAMORDNET" IS NULL and "UTVIDT_SAMOR_FRIST" = '0' and "DATO_IVERKSATT" IS NULL and "INTERN_BATCHBREV_KODE" IS NULL and "VIRK_GAM_VEDTAK" IS NULL and "K_KLAGEANK_RES_T" IS NULL and "K_INNSTILLING_T" IS NULL and "DATO_STOPPET" IS NULL and "DATO_REAKT" IS NULL and "K_VILKAR_RESUL_T" = 'INNV' and "SAMSTOTSTILFELLE_ID" IS NULL and "DATO_FOR_GYLDIG_SATS" = TO_DATE('2019-05-01 00:00:00', 'YYYY-MM-DD HH24:MI:SS') and "REGULERING_SKAL_FULLBEREGNES" IS NULL and "UFORE_HISTORIK_ID" = '20000000' and "K_VARSLING_S" IS NULL and "AUTOMATISK_OMREGNING_AV_UT" IS NULL and "VIDEREFOR_TIL_UT" IS NULL and "BEREGNET_UTBINFOGRUNN_UT_ID" = '20000000' and "EO_RESULTAT_UT_ID" IS NULL