INSERT INTO T_INNTEKT (INNTEKT_ID,K_INNTEKT_T,PERSON_ID,K_KILDE_T,K_INNTEKT_STATUS,K_PI_MERKE_T,FIL_ID_FK,INNTEKT_AR,BELOP,VERSJON,DATO_OPPRETTET,OPPRETTET_AV,DATO_ENDRET,ENDRET_AV,KONV_FJERNING_KODE,PI_RAPPDATO,RAPPART,FIL_INFO_ID,RAPPORTERT_FNR,KOMMUNE_NR) VALUES ('585545852','SUM_PI','22489254','POPP','G',null,null,'1996','194244','1','2020-08-05 15:25:10','srvpensjon','2020-08-05 15:25:11','srvpensjon',null,null,null,null,null,null);
INSERT INTO T_INNTEKT (INNTEKT_ID,K_INNTEKT_T,PERSON_ID,K_KILDE_T,K_INNTEKT_STATUS,K_PI_MERKE_T,FIL_ID_FK,INNTEKT_AR,BELOP,VERSJON,DATO_OPPRETTET,OPPRETTET_AV,DATO_ENDRET,ENDRET_AV,KONV_FJERNING_KODE,PI_RAPPDATO,RAPPART,FIL_INFO_ID,RAPPORTERT_FNR,KOMMUNE_NR) VALUES ('585545859','INN_LON','22489254','PEN','G',null,null,'2004','279464','0','2020-08-05 15:25:13','TESTDATA','2020-08-05 15:25:13','srvpensjon',null,null,null,null,null,'1337');
INSERT INTO T_INNTEKT (INNTEKT_ID,K_INNTEKT_T,PERSON_ID,K_KILDE_T,K_INNTEKT_STATUS,K_PI_MERKE_T,FIL_ID_FK,INNTEKT_AR,BELOP,VERSJON,DATO_OPPRETTET,OPPRETTET_AV,DATO_ENDRET,ENDRET_AV,KONV_FJERNING_KODE,PI_RAPPDATO,RAPPART,FIL_INFO_ID,RAPPORTERT_FNR,KOMMUNE_NR) VALUES ('585545864','SUM_PI','22489254','POPP','G',null,null,'2008','332190','1','2020-08-05 15:25:14','srvpensjon','2020-08-05 15:25:14','srvpensjon',null,null,null,null,null,null);
INSERT INTO T_INNTEKT (INNTEKT_ID,K_INNTEKT_T,PERSON_ID,K_KILDE_T,K_INNTEKT_STATUS,K_PI_MERKE_T,FIL_ID_FK,INNTEKT_AR,BELOP,VERSJON,DATO_OPPRETTET,OPPRETTET_AV,DATO_ENDRET,ENDRET_AV,KONV_FJERNING_KODE,PI_RAPPDATO,RAPPART,FIL_INFO_ID,RAPPORTERT_FNR,KOMMUNE_NR) VALUES ('585545871','INN_LON','22489254','PEN','G',null,null,'2016','440978','0','2020-08-05 15:25:16','TESTDATA','2020-08-05 15:25:16','srvpensjon',null,null,null,null,null,'1337');
INSERT INTO T_INNTEKT (INNTEKT_ID,K_INNTEKT_T,PERSON_ID,K_KILDE_T,K_INNTEKT_STATUS,K_PI_MERKE_T,FIL_ID_FK,INNTEKT_AR,BELOP,VERSJON,DATO_OPPRETTET,OPPRETTET_AV,DATO_ENDRET,ENDRET_AV,KONV_FJERNING_KODE,PI_RAPPDATO,RAPPART,FIL_INFO_ID,RAPPORTERT_FNR,KOMMUNE_NR) VALUES ('585545874','SUM_PI','22489254','POPP','G',null,null,'2018','460494','1','2020-08-05 15:25:16','srvpensjon','2020-08-05 15:25:17','srvpensjon',null,null,null,null,null,null);
INSERT INTO T_INNTEKT (INNTEKT_ID,K_INNTEKT_T,PERSON_ID,K_KILDE_T,K_INNTEKT_STATUS,K_PI_MERKE_T,FIL_ID_FK,INNTEKT_AR,BELOP,VERSJON,DATO_OPPRETTET,OPPRETTET_AV,DATO_ENDRET,ENDRET_AV,KONV_FJERNING_KODE,PI_RAPPDATO,RAPPART,FIL_INFO_ID,RAPPORTERT_FNR,KOMMUNE_NR) VALUES ('585545966','SUM_PI','22489254','POPP','G',null,null,'1979','73064','1','2020-08-05 15:25:06','srvpensjon','2020-08-05 15:25:06','srvpensjon',null,null,null,null,null,null);
INSERT INTO T_INNTEKT (INNTEKT_ID,K_INNTEKT_T,PERSON_ID,K_KILDE_T,K_INNTEKT_STATUS,K_PI_MERKE_T,FIL_ID_FK,INNTEKT_AR,BELOP,VERSJON,DATO_OPPRETTET,OPPRETTET_AV,DATO_ENDRET,ENDRET_AV,KONV_FJERNING_KODE,PI_RAPPDATO,RAPPART,FIL_INFO_ID,RAPPORTERT_FNR,KOMMUNE_NR) VALUES ('585545971','INN_LON','22489254','PEN','G',null,null,'1985','121771','0','2020-08-05 15:25:07','TESTDATA','2020-08-05 15:25:07','srvpensjon',null,null,null,null,null,'1337');
INSERT INTO T_INNTEKT (INNTEKT_ID,K_INNTEKT_T,PERSON_ID,K_KILDE_T,K_INNTEKT_STATUS,K_PI_MERKE_T,FIL_ID_FK,INNTEKT_AR,BELOP,VERSJON,DATO_OPPRETTET,OPPRETTET_AV,DATO_ENDRET,ENDRET_AV,KONV_FJERNING_KODE,PI_RAPPDATO,RAPPART,FIL_INFO_ID,RAPPORTERT_FNR,KOMMUNE_NR) VALUES ('585545998','SUM_PI','22489254','POPP','G',null,null,'2011','375048','1','2020-08-05 15:25:14','srvpensjon','2020-08-05 15:25:15','srvpensjon',null,null,null,null,null,null);
INSERT INTO T_INNTEKT (INNTEKT_ID,K_INNTEKT_T,PERSON_ID,K_KILDE_T,K_INNTEKT_STATUS,K_PI_MERKE_T,FIL_ID_FK,INNTEKT_AR,BELOP,VERSJON,DATO_OPPRETTET,OPPRETTET_AV,DATO_ENDRET,ENDRET_AV,KONV_FJERNING_KODE,PI_RAPPDATO,RAPPART,FIL_INFO_ID,RAPPORTERT_FNR,KOMMUNE_NR) VALUES ('585546002','SUM_PI','22489254','POPP','G',null,null,'2015','430221','1','2020-08-05 15:25:15','srvpensjon','2020-08-05 15:25:16','srvpensjon',null,null,null,null,null,null);
INSERT INTO T_INNTEKT (INNTEKT_ID,K_INNTEKT_T,PERSON_ID,K_KILDE_T,K_INNTEKT_STATUS,K_PI_MERKE_T,FIL_ID_FK,INNTEKT_AR,BELOP,VERSJON,DATO_OPPRETTET,OPPRETTET_AV,DATO_ENDRET,ENDRET_AV,KONV_FJERNING_KODE,PI_RAPPDATO,RAPPART,FIL_INFO_ID,RAPPORTERT_FNR,KOMMUNE_NR) VALUES ('585545833','INN_LON','22489254','PEN','G',null,null,'1978','69939','0','2020-08-05 15:25:06','TESTDATA','2020-08-05 15:25:06','srvpensjon',null,null,null,null,null,'1337');
INSERT INTO T_INNTEKT (INNTEKT_ID,K_INNTEKT_T,PERSON_ID,K_KILDE_T,K_INNTEKT_STATUS,K_PI_MERKE_T,FIL_ID_FK,INNTEKT_AR,BELOP,VERSJON,DATO_OPPRETTET,OPPRETTET_AV,DATO_ENDRET,ENDRET_AV,KONV_FJERNING_KODE,PI_RAPPDATO,RAPPART,FIL_INFO_ID,RAPPORTERT_FNR,KOMMUNE_NR) VALUES ('585545839','INN_LON','22489254','PEN','G',null,null,'1984','113763','0','2020-08-05 15:25:07','TESTDATA','2020-08-05 15:25:07','srvpensjon',null,null,null,null,null,'1337');
INSERT INTO T_INNTEKT (INNTEKT_ID,K_INNTEKT_T,PERSON_ID,K_KILDE_T,K_INNTEKT_STATUS,K_PI_MERKE_T,FIL_ID_FK,INNTEKT_AR,BELOP,VERSJON,DATO_OPPRETTET,OPPRETTET_AV,DATO_ENDRET,ENDRET_AV,KONV_FJERNING_KODE,PI_RAPPDATO,RAPPART,FIL_INFO_ID,RAPPORTERT_FNR,KOMMUNE_NR) VALUES ('585545842','SUM_PI','22489254','POPP','G',null,null,'1986','131866','1','2020-08-05 15:25:08','srvpensjon','2020-08-05 15:25:08','srvpensjon',null,null,null,null,null,null);
INSERT INTO T_INNTEKT (INNTEKT_ID,K_INNTEKT_T,PERSON_ID,K_KILDE_T,K_INNTEKT_STATUS,K_PI_MERKE_T,FIL_ID_FK,INNTEKT_AR,BELOP,VERSJON,DATO_OPPRETTET,OPPRETTET_AV,DATO_ENDRET,ENDRET_AV,KONV_FJERNING_KODE,PI_RAPPDATO,RAPPART,FIL_INFO_ID,RAPPORTERT_FNR,KOMMUNE_NR) VALUES ('585545848','SUM_PI','22489254','POPP','G',null,null,'1992','173848','1','2020-08-05 15:25:09','srvpensjon','2020-08-05 15:25:09','srvpensjon',null,null,null,null,null,null);
INSERT INTO T_INNTEKT (INNTEKT_ID,K_INNTEKT_T,PERSON_ID,K_KILDE_T,K_INNTEKT_STATUS,K_PI_MERKE_T,FIL_ID_FK,INNTEKT_AR,BELOP,VERSJON,DATO_OPPRETTET,OPPRETTET_AV,DATO_ENDRET,ENDRET_AV,KONV_FJERNING_KODE,PI_RAPPDATO,RAPPART,FIL_INFO_ID,RAPPORTERT_FNR,KOMMUNE_NR) VALUES ('585545865','INN_LON','22489254','PEN','G',null,null,'2010','359171','0','2020-08-05 15:25:14','TESTDATA','2020-08-05 15:25:14','srvpensjon',null,null,null,null,null,'1337');
INSERT INTO T_INNTEKT (INNTEKT_ID,K_INNTEKT_T,PERSON_ID,K_KILDE_T,K_INNTEKT_STATUS,K_PI_MERKE_T,FIL_ID_FK,INNTEKT_AR,BELOP,VERSJON,DATO_OPPRETTET,OPPRETTET_AV,DATO_ENDRET,ENDRET_AV,KONV_FJERNING_KODE,PI_RAPPDATO,RAPPART,FIL_INFO_ID,RAPPORTERT_FNR,KOMMUNE_NR) VALUES ('585545758','SUM_PI','22489254','POPP','G',null,null,'1971','35571','1','2020-08-05 15:25:04','srvpensjon','2020-08-05 15:25:04','srvpensjon',null,null,null,null,null,null);
INSERT INTO T_INNTEKT (INNTEKT_ID,K_INNTEKT_T,PERSON_ID,K_KILDE_T,K_INNTEKT_STATUS,K_PI_MERKE_T,FIL_ID_FK,INNTEKT_AR,BELOP,VERSJON,DATO_OPPRETTET,OPPRETTET_AV,DATO_ENDRET,ENDRET_AV,KONV_FJERNING_KODE,PI_RAPPDATO,RAPPART,FIL_INFO_ID,RAPPORTERT_FNR,KOMMUNE_NR) VALUES ('585545961','INN_LON','22489254','PEN','G',null,null,'1975','51914','0','2020-08-05 15:25:05','TESTDATA','2020-08-05 15:25:05','srvpensjon',null,null,null,null,null,'1337');
INSERT INTO T_INNTEKT (INNTEKT_ID,K_INNTEKT_T,PERSON_ID,K_KILDE_T,K_INNTEKT_STATUS,K_PI_MERKE_T,FIL_ID_FK,INNTEKT_AR,BELOP,VERSJON,DATO_OPPRETTET,OPPRETTET_AV,DATO_ENDRET,ENDRET_AV,KONV_FJERNING_KODE,PI_RAPPDATO,RAPPART,FIL_INFO_ID,RAPPORTERT_FNR,KOMMUNE_NR) VALUES ('585545963','INN_LON','22489254','PEN','G',null,null,'1977','64330','0','2020-08-05 15:25:05','TESTDATA','2020-08-05 15:25:05','srvpensjon',null,null,null,null,null,'1337');
INSERT INTO T_INNTEKT (INNTEKT_ID,K_INNTEKT_T,PERSON_ID,K_KILDE_T,K_INNTEKT_STATUS,K_PI_MERKE_T,FIL_ID_FK,INNTEKT_AR,BELOP,VERSJON,DATO_OPPRETTET,OPPRETTET_AV,DATO_ENDRET,ENDRET_AV,KONV_FJERNING_KODE,PI_RAPPDATO,RAPPART,FIL_INFO_ID,RAPPORTERT_FNR,KOMMUNE_NR) VALUES ('585545989','INN_LON','22489254','PEN','G',null,null,'2003','269009','0','2020-08-05 15:25:12','TESTDATA','2020-08-05 15:25:12','srvpensjon',null,null,null,null,null,'1337');
INSERT INTO T_INNTEKT (INNTEKT_ID,K_INNTEKT_T,PERSON_ID,K_KILDE_T,K_INNTEKT_STATUS,K_PI_MERKE_T,FIL_ID_FK,INNTEKT_AR,BELOP,VERSJON,DATO_OPPRETTET,OPPRETTET_AV,DATO_ENDRET,ENDRET_AV,KONV_FJERNING_KODE,PI_RAPPDATO,RAPPART,FIL_INFO_ID,RAPPORTERT_FNR,KOMMUNE_NR) VALUES ('585545996','SUM_PI','22489254','POPP','G',null,null,'2009','346120','1','2020-08-05 15:25:14','srvpensjon','2020-08-05 15:25:14','srvpensjon',null,null,null,null,null,null);
INSERT INTO T_INNTEKT (INNTEKT_ID,K_INNTEKT_T,PERSON_ID,K_KILDE_T,K_INNTEKT_STATUS,K_PI_MERKE_T,FIL_ID_FK,INNTEKT_AR,BELOP,VERSJON,DATO_OPPRETTET,OPPRETTET_AV,DATO_ENDRET,ENDRET_AV,KONV_FJERNING_KODE,PI_RAPPDATO,RAPPART,FIL_INFO_ID,RAPPORTERT_FNR,KOMMUNE_NR) VALUES ('585545828','SUM_PI','22489254','POPP','G',null,null,'1972','37974','1','2020-08-05 15:25:04','srvpensjon','2020-08-05 15:25:04','srvpensjon',null,null,null,null,null,null);
INSERT INTO T_INNTEKT (INNTEKT_ID,K_INNTEKT_T,PERSON_ID,K_KILDE_T,K_INNTEKT_STATUS,K_PI_MERKE_T,FIL_ID_FK,INNTEKT_AR,BELOP,VERSJON,DATO_OPPRETTET,OPPRETTET_AV,DATO_ENDRET,ENDRET_AV,KONV_FJERNING_KODE,PI_RAPPDATO,RAPPART,FIL_INFO_ID,RAPPORTERT_FNR,KOMMUNE_NR) VALUES ('585545829','INN_LON','22489254','PEN','G',null,null,'1974','45823','0','2020-08-05 15:25:05','TESTDATA','2020-08-05 15:25:05','srvpensjon',null,null,null,null,null,'1337');
INSERT INTO T_INNTEKT (INNTEKT_ID,K_INNTEKT_T,PERSON_ID,K_KILDE_T,K_INNTEKT_STATUS,K_PI_MERKE_T,FIL_ID_FK,INNTEKT_AR,BELOP,VERSJON,DATO_OPPRETTET,OPPRETTET_AV,DATO_ENDRET,ENDRET_AV,KONV_FJERNING_KODE,PI_RAPPDATO,RAPPART,FIL_INFO_ID,RAPPORTERT_FNR,KOMMUNE_NR) VALUES ('585545834','SUM_PI','22489254','POPP','G',null,null,'1978','69939','1','2020-08-05 15:25:06','srvpensjon','2020-08-05 15:25:06','srvpensjon',null,null,null,null,null,null);
INSERT INTO T_INNTEKT (INNTEKT_ID,K_INNTEKT_T,PERSON_ID,K_KILDE_T,K_INNTEKT_STATUS,K_PI_MERKE_T,FIL_ID_FK,INNTEKT_AR,BELOP,VERSJON,DATO_OPPRETTET,OPPRETTET_AV,DATO_ENDRET,ENDRET_AV,KONV_FJERNING_KODE,PI_RAPPDATO,RAPPART,FIL_INFO_ID,RAPPORTERT_FNR,KOMMUNE_NR) VALUES ('585545835','INN_LON','22489254','PEN','G',null,null,'1980','79952','0','2020-08-05 15:25:06','TESTDATA','2020-08-05 15:25:06','srvpensjon',null,null,null,null,null,'1337');
INSERT INTO T_INNTEKT (INNTEKT_ID,K_INNTEKT_T,PERSON_ID,K_KILDE_T,K_INNTEKT_STATUS,K_PI_MERKE_T,FIL_ID_FK,INNTEKT_AR,BELOP,VERSJON,DATO_OPPRETTET,OPPRETTET_AV,DATO_ENDRET,ENDRET_AV,KONV_FJERNING_KODE,PI_RAPPDATO,RAPPART,FIL_INFO_ID,RAPPORTERT_FNR,KOMMUNE_NR) VALUES ('585545844','SUM_PI','22489254','POPP','G',null,null,'1988','148291','1','2020-08-05 15:25:08','srvpensjon','2020-08-05 15:25:08','srvpensjon',null,null,null,null,null,null);
INSERT INTO T_INNTEKT (INNTEKT_ID,K_INNTEKT_T,PERSON_ID,K_KILDE_T,K_INNTEKT_STATUS,K_PI_MERKE_T,FIL_ID_FK,INNTEKT_AR,BELOP,VERSJON,DATO_OPPRETTET,OPPRETTET_AV,DATO_ENDRET,ENDRET_AV,KONV_FJERNING_KODE,PI_RAPPDATO,RAPPART,FIL_INFO_ID,RAPPORTERT_FNR,KOMMUNE_NR) VALUES ('585545851','INN_LON','22489254','PEN','G',null,null,'1996','194244','0','2020-08-05 15:25:10','TESTDATA','2020-08-05 15:25:10','srvpensjon',null,null,null,null,null,'1337');
INSERT INTO T_INNTEKT (INNTEKT_ID,K_INNTEKT_T,PERSON_ID,K_KILDE_T,K_INNTEKT_STATUS,K_PI_MERKE_T,FIL_ID_FK,INNTEKT_AR,BELOP,VERSJON,DATO_OPPRETTET,OPPRETTET_AV,DATO_ENDRET,ENDRET_AV,KONV_FJERNING_KODE,PI_RAPPDATO,RAPPART,FIL_INFO_ID,RAPPORTERT_FNR,KOMMUNE_NR) VALUES ('585545857','INN_LON','22489254','PEN','G',null,null,'2002','255882','0','2020-08-05 15:25:12','TESTDATA','2020-08-05 15:25:12','srvpensjon',null,null,null,null,null,'1337');
INSERT INTO T_INNTEKT (INNTEKT_ID,K_INNTEKT_T,PERSON_ID,K_KILDE_T,K_INNTEKT_STATUS,K_PI_MERKE_T,FIL_ID_FK,INNTEKT_AR,BELOP,VERSJON,DATO_OPPRETTET,OPPRETTET_AV,DATO_ENDRET,ENDRET_AV,KONV_FJERNING_KODE,PI_RAPPDATO,RAPPART,FIL_INFO_ID,RAPPORTERT_FNR,KOMMUNE_NR) VALUES ('585545866','SUM_PI','22489254','POPP','G',null,null,'2010','359171','1','2020-08-05 15:25:14','srvpensjon','2020-08-05 15:25:14','srvpensjon',null,null,null,null,null,null);
INSERT INTO T_INNTEKT (INNTEKT_ID,K_INNTEKT_T,PERSON_ID,K_KILDE_T,K_INNTEKT_STATUS,K_PI_MERKE_T,FIL_ID_FK,INNTEKT_AR,BELOP,VERSJON,DATO_OPPRETTET,OPPRETTET_AV,DATO_ENDRET,ENDRET_AV,KONV_FJERNING_KODE,PI_RAPPDATO,RAPPART,FIL_INFO_ID,RAPPORTERT_FNR,KOMMUNE_NR) VALUES ('585545868','SUM_PI','22489254','POPP','G',null,null,'2012','390088','1','2020-08-05 15:25:15','srvpensjon','2020-08-05 15:25:15','srvpensjon',null,null,null,null,null,null);
INSERT INTO T_INNTEKT (INNTEKT_ID,K_INNTEKT_T,PERSON_ID,K_KILDE_T,K_INNTEKT_STATUS,K_PI_MERKE_T,FIL_ID_FK,INNTEKT_AR,BELOP,VERSJON,DATO_OPPRETTET,OPPRETTET_AV,DATO_ENDRET,ENDRET_AV,KONV_FJERNING_KODE,PI_RAPPDATO,RAPPART,FIL_INFO_ID,RAPPORTERT_FNR,KOMMUNE_NR) VALUES ('585545964','SUM_PI','22489254','POPP','G',null,null,'1977','64330','1','2020-08-05 15:25:05','srvpensjon','2020-08-05 15:25:06','srvpensjon',null,null,null,null,null,null);
INSERT INTO T_INNTEKT (INNTEKT_ID,K_INNTEKT_T,PERSON_ID,K_KILDE_T,K_INNTEKT_STATUS,K_PI_MERKE_T,FIL_ID_FK,INNTEKT_AR,BELOP,VERSJON,DATO_OPPRETTET,OPPRETTET_AV,DATO_ENDRET,ENDRET_AV,KONV_FJERNING_KODE,PI_RAPPDATO,RAPPART,FIL_INFO_ID,RAPPORTERT_FNR,KOMMUNE_NR) VALUES ('585545976','SUM_PI','22489254','POPP','G',null,null,'1989','155140','1','2020-08-05 15:25:09','srvpensjon','2020-08-05 15:25:09','srvpensjon',null,null,null,null,null,null);
INSERT INTO T_INNTEKT (INNTEKT_ID,K_INNTEKT_T,PERSON_ID,K_KILDE_T,K_INNTEKT_STATUS,K_PI_MERKE_T,FIL_ID_FK,INNTEKT_AR,BELOP,VERSJON,DATO_OPPRETTET,OPPRETTET_AV,DATO_ENDRET,ENDRET_AV,KONV_FJERNING_KODE,PI_RAPPDATO,RAPPART,FIL_INFO_ID,RAPPORTERT_FNR,KOMMUNE_NR) VALUES ('585545982','SUM_PI','22489254','POPP','G',null,null,'1995','186731','1','2020-08-05 15:25:10','srvpensjon','2020-08-05 15:25:10','srvpensjon',null,null,null,null,null,null);
INSERT INTO T_INNTEKT (INNTEKT_ID,K_INNTEKT_T,PERSON_ID,K_KILDE_T,K_INNTEKT_STATUS,K_PI_MERKE_T,FIL_ID_FK,INNTEKT_AR,BELOP,VERSJON,DATO_OPPRETTET,OPPRETTET_AV,DATO_ENDRET,ENDRET_AV,KONV_FJERNING_KODE,PI_RAPPDATO,RAPPART,FIL_INFO_ID,RAPPORTERT_FNR,KOMMUNE_NR) VALUES ('585545987','INN_LON','22489254','PEN','G',null,null,'2001','243240','0','2020-08-05 15:25:12','TESTDATA','2020-08-05 15:25:12','srvpensjon',null,null,null,null,null,'1337');
INSERT INTO T_INNTEKT (INNTEKT_ID,K_INNTEKT_T,PERSON_ID,K_KILDE_T,K_INNTEKT_STATUS,K_PI_MERKE_T,FIL_ID_FK,INNTEKT_AR,BELOP,VERSJON,DATO_OPPRETTET,OPPRETTET_AV,DATO_ENDRET,ENDRET_AV,KONV_FJERNING_KODE,PI_RAPPDATO,RAPPART,FIL_INFO_ID,RAPPORTERT_FNR,KOMMUNE_NR) VALUES ('585545993','INN_LON','22489254','PEN','G',null,null,'2007','314871','0','2020-08-05 15:25:13','TESTDATA','2020-08-05 15:25:13','srvpensjon',null,null,null,null,null,'1337');
INSERT INTO T_INNTEKT (INNTEKT_ID,K_INNTEKT_T,PERSON_ID,K_KILDE_T,K_INNTEKT_STATUS,K_PI_MERKE_T,FIL_ID_FK,INNTEKT_AR,BELOP,VERSJON,DATO_OPPRETTET,OPPRETTET_AV,DATO_ENDRET,ENDRET_AV,KONV_FJERNING_KODE,PI_RAPPDATO,RAPPART,FIL_INFO_ID,RAPPORTERT_FNR,KOMMUNE_NR) VALUES ('585545994','SUM_PI','22489254','POPP','G',null,null,'2007','314871','1','2020-08-05 15:25:13','srvpensjon','2020-08-05 15:25:13','srvpensjon',null,null,null,null,null,null);
INSERT INTO T_INNTEKT (INNTEKT_ID,K_INNTEKT_T,PERSON_ID,K_KILDE_T,K_INNTEKT_STATUS,K_PI_MERKE_T,FIL_ID_FK,INNTEKT_AR,BELOP,VERSJON,DATO_OPPRETTET,OPPRETTET_AV,DATO_ENDRET,ENDRET_AV,KONV_FJERNING_KODE,PI_RAPPDATO,RAPPART,FIL_INFO_ID,RAPPORTERT_FNR,KOMMUNE_NR) VALUES ('585545997','INN_LON','22489254','PEN','G',null,null,'2011','375048','0','2020-08-05 15:25:14','TESTDATA','2020-08-05 15:25:14','srvpensjon',null,null,null,null,null,'1337');
INSERT INTO T_INNTEKT (INNTEKT_ID,K_INNTEKT_T,PERSON_ID,K_KILDE_T,K_INNTEKT_STATUS,K_PI_MERKE_T,FIL_ID_FK,INNTEKT_AR,BELOP,VERSJON,DATO_OPPRETTET,OPPRETTET_AV,DATO_ENDRET,ENDRET_AV,KONV_FJERNING_KODE,PI_RAPPDATO,RAPPART,FIL_INFO_ID,RAPPORTERT_FNR,KOMMUNE_NR) VALUES ('585546001','INN_LON','22489254','PEN','G',null,null,'2015','430221','0','2020-08-05 15:25:15','TESTDATA','2020-08-05 15:25:15','srvpensjon',null,null,null,null,null,'1337');
INSERT INTO T_INNTEKT (INNTEKT_ID,K_INNTEKT_T,PERSON_ID,K_KILDE_T,K_INNTEKT_STATUS,K_PI_MERKE_T,FIL_ID_FK,INNTEKT_AR,BELOP,VERSJON,DATO_OPPRETTET,OPPRETTET_AV,DATO_ENDRET,ENDRET_AV,KONV_FJERNING_KODE,PI_RAPPDATO,RAPPART,FIL_INFO_ID,RAPPORTERT_FNR,KOMMUNE_NR) VALUES ('585546004','SUM_PI','22489254','POPP','G',null,null,'2017','448386','1','2020-08-05 15:25:16','srvpensjon','2020-08-05 15:25:16','srvpensjon',null,null,null,null,null,null);
INSERT INTO T_INNTEKT (INNTEKT_ID,K_INNTEKT_T,PERSON_ID,K_KILDE_T,K_INNTEKT_STATUS,K_PI_MERKE_T,FIL_ID_FK,INNTEKT_AR,BELOP,VERSJON,DATO_OPPRETTET,OPPRETTET_AV,DATO_ENDRET,ENDRET_AV,KONV_FJERNING_KODE,PI_RAPPDATO,RAPPART,FIL_INFO_ID,RAPPORTERT_FNR,KOMMUNE_NR) VALUES ('585545830','SUM_PI','22489254','POPP','G',null,null,'1974','45823','1','2020-08-05 15:25:05','srvpensjon','2020-08-05 15:25:05','srvpensjon',null,null,null,null,null,null);
INSERT INTO T_INNTEKT (INNTEKT_ID,K_INNTEKT_T,PERSON_ID,K_KILDE_T,K_INNTEKT_STATUS,K_PI_MERKE_T,FIL_ID_FK,INNTEKT_AR,BELOP,VERSJON,DATO_OPPRETTET,OPPRETTET_AV,DATO_ENDRET,ENDRET_AV,KONV_FJERNING_KODE,PI_RAPPDATO,RAPPART,FIL_INFO_ID,RAPPORTERT_FNR,KOMMUNE_NR) VALUES ('585545832','SUM_PI','22489254','POPP','G',null,null,'1976','57682','1','2020-08-05 15:25:05','srvpensjon','2020-08-05 15:25:05','srvpensjon',null,null,null,null,null,null);
INSERT INTO T_INNTEKT (INNTEKT_ID,K_INNTEKT_T,PERSON_ID,K_KILDE_T,K_INNTEKT_STATUS,K_PI_MERKE_T,FIL_ID_FK,INNTEKT_AR,BELOP,VERSJON,DATO_OPPRETTET,OPPRETTET_AV,DATO_ENDRET,ENDRET_AV,KONV_FJERNING_KODE,PI_RAPPDATO,RAPPART,FIL_INFO_ID,RAPPORTERT_FNR,KOMMUNE_NR) VALUES ('585545840','SUM_PI','22489254','POPP','G',null,null,'1984','113763','1','2020-08-05 15:25:07','srvpensjon','2020-08-05 15:25:07','srvpensjon',null,null,null,null,null,null);
INSERT INTO T_INNTEKT (INNTEKT_ID,K_INNTEKT_T,PERSON_ID,K_KILDE_T,K_INNTEKT_STATUS,K_PI_MERKE_T,FIL_ID_FK,INNTEKT_AR,BELOP,VERSJON,DATO_OPPRETTET,OPPRETTET_AV,DATO_ENDRET,ENDRET_AV,KONV_FJERNING_KODE,PI_RAPPDATO,RAPPART,FIL_INFO_ID,RAPPORTERT_FNR,KOMMUNE_NR) VALUES ('585545853','INN_LON','22489254','PEN','G',null,null,'1998','213486','0','2020-08-05 15:25:11','TESTDATA','2020-08-05 15:25:11','srvpensjon',null,null,null,null,null,'1337');
INSERT INTO T_INNTEKT (INNTEKT_ID,K_INNTEKT_T,PERSON_ID,K_KILDE_T,K_INNTEKT_STATUS,K_PI_MERKE_T,FIL_ID_FK,INNTEKT_AR,BELOP,VERSJON,DATO_OPPRETTET,OPPRETTET_AV,DATO_ENDRET,ENDRET_AV,KONV_FJERNING_KODE,PI_RAPPDATO,RAPPART,FIL_INFO_ID,RAPPORTERT_FNR,KOMMUNE_NR) VALUES ('585545856','SUM_PI','22489254','POPP','G',null,null,'2000','232540','1','2020-08-05 15:25:12','srvpensjon','2020-08-05 15:25:12','srvpensjon',null,null,null,null,null,null);
INSERT INTO T_INNTEKT (INNTEKT_ID,K_INNTEKT_T,PERSON_ID,K_KILDE_T,K_INNTEKT_STATUS,K_PI_MERKE_T,FIL_ID_FK,INNTEKT_AR,BELOP,VERSJON,DATO_OPPRETTET,OPPRETTET_AV,DATO_ENDRET,ENDRET_AV,KONV_FJERNING_KODE,PI_RAPPDATO,RAPPART,FIL_INFO_ID,RAPPORTERT_FNR,KOMMUNE_NR) VALUES ('585545860','SUM_PI','22489254','POPP','G',null,null,'2004','279464','1','2020-08-05 15:25:13','srvpensjon','2020-08-05 15:25:13','srvpensjon',null,null,null,null,null,null);
INSERT INTO T_INNTEKT (INNTEKT_ID,K_INNTEKT_T,PERSON_ID,K_KILDE_T,K_INNTEKT_STATUS,K_PI_MERKE_T,FIL_ID_FK,INNTEKT_AR,BELOP,VERSJON,DATO_OPPRETTET,OPPRETTET_AV,DATO_ENDRET,ENDRET_AV,KONV_FJERNING_KODE,PI_RAPPDATO,RAPPART,FIL_INFO_ID,RAPPORTERT_FNR,KOMMUNE_NR) VALUES ('585545863','INN_LON','22489254','PEN','G',null,null,'2008','332190','0','2020-08-05 15:25:13','TESTDATA','2020-08-05 15:25:14','srvpensjon',null,null,null,null,null,'1337');
INSERT INTO T_INNTEKT (INNTEKT_ID,K_INNTEKT_T,PERSON_ID,K_KILDE_T,K_INNTEKT_STATUS,K_PI_MERKE_T,FIL_ID_FK,INNTEKT_AR,BELOP,VERSJON,DATO_OPPRETTET,OPPRETTET_AV,DATO_ENDRET,ENDRET_AV,KONV_FJERNING_KODE,PI_RAPPDATO,RAPPART,FIL_INFO_ID,RAPPORTERT_FNR,KOMMUNE_NR) VALUES ('585545757','INN_LON','22489254','PEN','G',null,null,'1971','35571','0','2020-08-05 15:25:03','TESTDATA','2020-08-05 15:25:04','srvpensjon',null,null,null,null,null,'1337');
INSERT INTO T_INNTEKT (INNTEKT_ID,K_INNTEKT_T,PERSON_ID,K_KILDE_T,K_INNTEKT_STATUS,K_PI_MERKE_T,FIL_ID_FK,INNTEKT_AR,BELOP,VERSJON,DATO_OPPRETTET,OPPRETTET_AV,DATO_ENDRET,ENDRET_AV,KONV_FJERNING_KODE,PI_RAPPDATO,RAPPART,FIL_INFO_ID,RAPPORTERT_FNR,KOMMUNE_NR) VALUES ('585545965','INN_LON','22489254','PEN','G',null,null,'1979','73064','0','2020-08-05 15:25:06','TESTDATA','2020-08-05 15:25:06','srvpensjon',null,null,null,null,null,'1337');
INSERT INTO T_INNTEKT (INNTEKT_ID,K_INNTEKT_T,PERSON_ID,K_KILDE_T,K_INNTEKT_STATUS,K_PI_MERKE_T,FIL_ID_FK,INNTEKT_AR,BELOP,VERSJON,DATO_OPPRETTET,OPPRETTET_AV,DATO_ENDRET,ENDRET_AV,KONV_FJERNING_KODE,PI_RAPPDATO,RAPPART,FIL_INFO_ID,RAPPORTERT_FNR,KOMMUNE_NR) VALUES ('585545967','INN_LON','22489254','PEN','G',null,null,'1981','89686','0','2020-08-05 15:25:06','TESTDATA','2020-08-05 15:25:06','srvpensjon',null,null,null,null,null,'1337');
INSERT INTO T_INNTEKT (INNTEKT_ID,K_INNTEKT_T,PERSON_ID,K_KILDE_T,K_INNTEKT_STATUS,K_PI_MERKE_T,FIL_ID_FK,INNTEKT_AR,BELOP,VERSJON,DATO_OPPRETTET,OPPRETTET_AV,DATO_ENDRET,ENDRET_AV,KONV_FJERNING_KODE,PI_RAPPDATO,RAPPART,FIL_INFO_ID,RAPPORTERT_FNR,KOMMUNE_NR) VALUES ('585545969','INN_LON','22489254','PEN','G',null,null,'1983','107351','0','2020-08-05 15:25:07','TESTDATA','2020-08-05 15:25:07','srvpensjon',null,null,null,null,null,'1337');
INSERT INTO T_INNTEKT (INNTEKT_ID,K_INNTEKT_T,PERSON_ID,K_KILDE_T,K_INNTEKT_STATUS,K_PI_MERKE_T,FIL_ID_FK,INNTEKT_AR,BELOP,VERSJON,DATO_OPPRETTET,OPPRETTET_AV,DATO_ENDRET,ENDRET_AV,KONV_FJERNING_KODE,PI_RAPPDATO,RAPPART,FIL_INFO_ID,RAPPORTERT_FNR,KOMMUNE_NR) VALUES ('585545977','INN_LON','22489254','PEN','G',null,null,'1991','168398','0','2020-08-05 15:25:09','TESTDATA','2020-08-05 15:25:09','srvpensjon',null,null,null,null,null,'1337');
INSERT INTO T_INNTEKT (INNTEKT_ID,K_INNTEKT_T,PERSON_ID,K_KILDE_T,K_INNTEKT_STATUS,K_PI_MERKE_T,FIL_ID_FK,INNTEKT_AR,BELOP,VERSJON,DATO_OPPRETTET,OPPRETTET_AV,DATO_ENDRET,ENDRET_AV,KONV_FJERNING_KODE,PI_RAPPDATO,RAPPART,FIL_INFO_ID,RAPPORTERT_FNR,KOMMUNE_NR) VALUES ('585545979','INN_LON','22489254','PEN','G',null,null,'1993','178011','0','2020-08-05 15:25:10','TESTDATA','2020-08-05 15:25:10','srvpensjon',null,null,null,null,null,'1337');
INSERT INTO T_INNTEKT (INNTEKT_ID,K_INNTEKT_T,PERSON_ID,K_KILDE_T,K_INNTEKT_STATUS,K_PI_MERKE_T,FIL_ID_FK,INNTEKT_AR,BELOP,VERSJON,DATO_OPPRETTET,OPPRETTET_AV,DATO_ENDRET,ENDRET_AV,KONV_FJERNING_KODE,PI_RAPPDATO,RAPPART,FIL_INFO_ID,RAPPORTERT_FNR,KOMMUNE_NR) VALUES ('585545986','SUM_PI','22489254','POPP','G',null,null,'1999','223147','1','2020-08-05 15:25:11','srvpensjon','2020-08-05 15:25:12','srvpensjon',null,null,null,null,null,null);
INSERT INTO T_INNTEKT (INNTEKT_ID,K_INNTEKT_T,PERSON_ID,K_KILDE_T,K_INNTEKT_STATUS,K_PI_MERKE_T,FIL_ID_FK,INNTEKT_AR,BELOP,VERSJON,DATO_OPPRETTET,OPPRETTET_AV,DATO_ENDRET,ENDRET_AV,KONV_FJERNING_KODE,PI_RAPPDATO,RAPPART,FIL_INFO_ID,RAPPORTERT_FNR,KOMMUNE_NR) VALUES ('585545827','INN_LON','22489254','PEN','G',null,null,'1972','37974','0','2020-08-05 15:25:04','TESTDATA','2020-08-05 15:25:04','srvpensjon',null,null,null,null,null,'1337');
INSERT INTO T_INNTEKT (INNTEKT_ID,K_INNTEKT_T,PERSON_ID,K_KILDE_T,K_INNTEKT_STATUS,K_PI_MERKE_T,FIL_ID_FK,INNTEKT_AR,BELOP,VERSJON,DATO_OPPRETTET,OPPRETTET_AV,DATO_ENDRET,ENDRET_AV,KONV_FJERNING_KODE,PI_RAPPDATO,RAPPART,FIL_INFO_ID,RAPPORTERT_FNR,KOMMUNE_NR) VALUES ('585545847','INN_LON','22489254','PEN','G',null,null,'1992','173848','0','2020-08-05 15:25:09','TESTDATA','2020-08-05 15:25:09','srvpensjon',null,null,null,null,null,'1337');
INSERT INTO T_INNTEKT (INNTEKT_ID,K_INNTEKT_T,PERSON_ID,K_KILDE_T,K_INNTEKT_STATUS,K_PI_MERKE_T,FIL_ID_FK,INNTEKT_AR,BELOP,VERSJON,DATO_OPPRETTET,OPPRETTET_AV,DATO_ENDRET,ENDRET_AV,KONV_FJERNING_KODE,PI_RAPPDATO,RAPPART,FIL_INFO_ID,RAPPORTERT_FNR,KOMMUNE_NR) VALUES ('585545849','INN_LON','22489254','PEN','G',null,null,'1994','181794','0','2020-08-05 15:25:10','TESTDATA','2020-08-05 15:25:10','srvpensjon',null,null,null,null,null,'1337');
INSERT INTO T_INNTEKT (INNTEKT_ID,K_INNTEKT_T,PERSON_ID,K_KILDE_T,K_INNTEKT_STATUS,K_PI_MERKE_T,FIL_ID_FK,INNTEKT_AR,BELOP,VERSJON,DATO_OPPRETTET,OPPRETTET_AV,DATO_ENDRET,ENDRET_AV,KONV_FJERNING_KODE,PI_RAPPDATO,RAPPART,FIL_INFO_ID,RAPPORTERT_FNR,KOMMUNE_NR) VALUES ('585545870','SUM_PI','22489254','POPP','G',null,null,'2014','419770','1','2020-08-05 15:25:15','srvpensjon','2020-08-05 15:25:15','srvpensjon',null,null,null,null,null,null);
INSERT INTO T_INNTEKT (INNTEKT_ID,K_INNTEKT_T,PERSON_ID,K_KILDE_T,K_INNTEKT_STATUS,K_PI_MERKE_T,FIL_ID_FK,INNTEKT_AR,BELOP,VERSJON,DATO_OPPRETTET,OPPRETTET_AV,DATO_ENDRET,ENDRET_AV,KONV_FJERNING_KODE,PI_RAPPDATO,RAPPART,FIL_INFO_ID,RAPPORTERT_FNR,KOMMUNE_NR) VALUES ('585545968','SUM_PI','22489254','POPP','G',null,null,'1981','89686','1','2020-08-05 15:25:06','srvpensjon','2020-08-05 15:25:06','srvpensjon',null,null,null,null,null,null);
INSERT INTO T_INNTEKT (INNTEKT_ID,K_INNTEKT_T,PERSON_ID,K_KILDE_T,K_INNTEKT_STATUS,K_PI_MERKE_T,FIL_ID_FK,INNTEKT_AR,BELOP,VERSJON,DATO_OPPRETTET,OPPRETTET_AV,DATO_ENDRET,ENDRET_AV,KONV_FJERNING_KODE,PI_RAPPDATO,RAPPART,FIL_INFO_ID,RAPPORTERT_FNR,KOMMUNE_NR) VALUES ('585545978','SUM_PI','22489254','POPP','G',null,null,'1991','168398','1','2020-08-05 15:25:09','srvpensjon','2020-08-05 15:25:09','srvpensjon',null,null,null,null,null,null);
INSERT INTO T_INNTEKT (INNTEKT_ID,K_INNTEKT_T,PERSON_ID,K_KILDE_T,K_INNTEKT_STATUS,K_PI_MERKE_T,FIL_ID_FK,INNTEKT_AR,BELOP,VERSJON,DATO_OPPRETTET,OPPRETTET_AV,DATO_ENDRET,ENDRET_AV,KONV_FJERNING_KODE,PI_RAPPDATO,RAPPART,FIL_INFO_ID,RAPPORTERT_FNR,KOMMUNE_NR) VALUES ('585545988','SUM_PI','22489254','POPP','G',null,null,'2001','243240','1','2020-08-05 15:25:12','srvpensjon','2020-08-05 15:25:12','srvpensjon',null,null,null,null,null,null);
INSERT INTO T_INNTEKT (INNTEKT_ID,K_INNTEKT_T,PERSON_ID,K_KILDE_T,K_INNTEKT_STATUS,K_PI_MERKE_T,FIL_ID_FK,INNTEKT_AR,BELOP,VERSJON,DATO_OPPRETTET,OPPRETTET_AV,DATO_ENDRET,ENDRET_AV,KONV_FJERNING_KODE,PI_RAPPDATO,RAPPART,FIL_INFO_ID,RAPPORTERT_FNR,KOMMUNE_NR) VALUES ('585545991','INN_LON','22489254','PEN','G',null,null,'2005','288693','0','2020-08-05 15:25:13','TESTDATA','2020-08-05 15:25:13','srvpensjon',null,null,null,null,null,'1337');
INSERT INTO T_INNTEKT (INNTEKT_ID,K_INNTEKT_T,PERSON_ID,K_KILDE_T,K_INNTEKT_STATUS,K_PI_MERKE_T,FIL_ID_FK,INNTEKT_AR,BELOP,VERSJON,DATO_OPPRETTET,OPPRETTET_AV,DATO_ENDRET,ENDRET_AV,KONV_FJERNING_KODE,PI_RAPPDATO,RAPPART,FIL_INFO_ID,RAPPORTERT_FNR,KOMMUNE_NR) VALUES ('585546003','INN_LON','22489254','PEN','G',null,null,'2017','448386','0','2020-08-05 15:25:16','TESTDATA','2020-08-05 15:25:16','srvpensjon',null,null,null,null,null,'1337');
INSERT INTO T_INNTEKT (INNTEKT_ID,K_INNTEKT_T,PERSON_ID,K_KILDE_T,K_INNTEKT_STATUS,K_PI_MERKE_T,FIL_ID_FK,INNTEKT_AR,BELOP,VERSJON,DATO_OPPRETTET,OPPRETTET_AV,DATO_ENDRET,ENDRET_AV,KONV_FJERNING_KODE,PI_RAPPDATO,RAPPART,FIL_INFO_ID,RAPPORTERT_FNR,KOMMUNE_NR) VALUES ('585546005','INN_LON','22489254','PEN','G',null,null,'2019','475232','0','2020-08-05 15:25:17','TESTDATA','2020-08-05 15:25:17','srvpensjon',null,null,null,null,null,'1337');
INSERT INTO T_INNTEKT (INNTEKT_ID,K_INNTEKT_T,PERSON_ID,K_KILDE_T,K_INNTEKT_STATUS,K_PI_MERKE_T,FIL_ID_FK,INNTEKT_AR,BELOP,VERSJON,DATO_OPPRETTET,OPPRETTET_AV,DATO_ENDRET,ENDRET_AV,KONV_FJERNING_KODE,PI_RAPPDATO,RAPPART,FIL_INFO_ID,RAPPORTERT_FNR,KOMMUNE_NR) VALUES ('585545836','SUM_PI','22489254','POPP','G',null,null,'1980','79952','1','2020-08-05 15:25:06','srvpensjon','2020-08-05 15:25:06','srvpensjon',null,null,null,null,null,null);
INSERT INTO T_INNTEKT (INNTEKT_ID,K_INNTEKT_T,PERSON_ID,K_KILDE_T,K_INNTEKT_STATUS,K_PI_MERKE_T,FIL_ID_FK,INNTEKT_AR,BELOP,VERSJON,DATO_OPPRETTET,OPPRETTET_AV,DATO_ENDRET,ENDRET_AV,KONV_FJERNING_KODE,PI_RAPPDATO,RAPPART,FIL_INFO_ID,RAPPORTERT_FNR,KOMMUNE_NR) VALUES ('585545841','INN_LON','22489254','PEN','G',null,null,'1986','131866','0','2020-08-05 15:25:07','TESTDATA','2020-08-05 15:25:07','srvpensjon',null,null,null,null,null,'1337');
INSERT INTO T_INNTEKT (INNTEKT_ID,K_INNTEKT_T,PERSON_ID,K_KILDE_T,K_INNTEKT_STATUS,K_PI_MERKE_T,FIL_ID_FK,INNTEKT_AR,BELOP,VERSJON,DATO_OPPRETTET,OPPRETTET_AV,DATO_ENDRET,ENDRET_AV,KONV_FJERNING_KODE,PI_RAPPDATO,RAPPART,FIL_INFO_ID,RAPPORTERT_FNR,KOMMUNE_NR) VALUES ('585545845','INN_LON','22489254','PEN','G',null,null,'1990','161389','0','2020-08-05 15:25:09','TESTDATA','2020-08-05 15:25:09','srvpensjon',null,null,null,null,null,'1337');
INSERT INTO T_INNTEKT (INNTEKT_ID,K_INNTEKT_T,PERSON_ID,K_KILDE_T,K_INNTEKT_STATUS,K_PI_MERKE_T,FIL_ID_FK,INNTEKT_AR,BELOP,VERSJON,DATO_OPPRETTET,OPPRETTET_AV,DATO_ENDRET,ENDRET_AV,KONV_FJERNING_KODE,PI_RAPPDATO,RAPPART,FIL_INFO_ID,RAPPORTERT_FNR,KOMMUNE_NR) VALUES ('585545846','SUM_PI','22489254','POPP','G',null,null,'1990','161389','1','2020-08-05 15:25:09','srvpensjon','2020-08-05 15:25:09','srvpensjon',null,null,null,null,null,null);
INSERT INTO T_INNTEKT (INNTEKT_ID,K_INNTEKT_T,PERSON_ID,K_KILDE_T,K_INNTEKT_STATUS,K_PI_MERKE_T,FIL_ID_FK,INNTEKT_AR,BELOP,VERSJON,DATO_OPPRETTET,OPPRETTET_AV,DATO_ENDRET,ENDRET_AV,KONV_FJERNING_KODE,PI_RAPPDATO,RAPPART,FIL_INFO_ID,RAPPORTERT_FNR,KOMMUNE_NR) VALUES ('585545855','INN_LON','22489254','PEN','G',null,null,'2000','232540','0','2020-08-05 15:25:12','TESTDATA','2020-08-05 15:25:12','srvpensjon',null,null,null,null,null,'1337');
INSERT INTO T_INNTEKT (INNTEKT_ID,K_INNTEKT_T,PERSON_ID,K_KILDE_T,K_INNTEKT_STATUS,K_PI_MERKE_T,FIL_ID_FK,INNTEKT_AR,BELOP,VERSJON,DATO_OPPRETTET,OPPRETTET_AV,DATO_ENDRET,ENDRET_AV,KONV_FJERNING_KODE,PI_RAPPDATO,RAPPART,FIL_INFO_ID,RAPPORTERT_FNR,KOMMUNE_NR) VALUES ('585545858','SUM_PI','22489254','POPP','G',null,null,'2002','255882','1','2020-08-05 15:25:12','srvpensjon','2020-08-05 15:25:12','srvpensjon',null,null,null,null,null,null);
INSERT INTO T_INNTEKT (INNTEKT_ID,K_INNTEKT_T,PERSON_ID,K_KILDE_T,K_INNTEKT_STATUS,K_PI_MERKE_T,FIL_ID_FK,INNTEKT_AR,BELOP,VERSJON,DATO_OPPRETTET,OPPRETTET_AV,DATO_ENDRET,ENDRET_AV,KONV_FJERNING_KODE,PI_RAPPDATO,RAPPART,FIL_INFO_ID,RAPPORTERT_FNR,KOMMUNE_NR) VALUES ('585545861','INN_LON','22489254','PEN','G',null,null,'2006','298797','0','2020-08-05 15:25:13','TESTDATA','2020-08-05 15:25:13','srvpensjon',null,null,null,null,null,'1337');
INSERT INTO T_INNTEKT (INNTEKT_ID,K_INNTEKT_T,PERSON_ID,K_KILDE_T,K_INNTEKT_STATUS,K_PI_MERKE_T,FIL_ID_FK,INNTEKT_AR,BELOP,VERSJON,DATO_OPPRETTET,OPPRETTET_AV,DATO_ENDRET,ENDRET_AV,KONV_FJERNING_KODE,PI_RAPPDATO,RAPPART,FIL_INFO_ID,RAPPORTERT_FNR,KOMMUNE_NR) VALUES ('585545862','SUM_PI','22489254','POPP','G',null,null,'2006','298797','1','2020-08-05 15:25:13','srvpensjon','2020-08-05 15:25:13','srvpensjon',null,null,null,null,null,null);
INSERT INTO T_INNTEKT (INNTEKT_ID,K_INNTEKT_T,PERSON_ID,K_KILDE_T,K_INNTEKT_STATUS,K_PI_MERKE_T,FIL_ID_FK,INNTEKT_AR,BELOP,VERSJON,DATO_OPPRETTET,OPPRETTET_AV,DATO_ENDRET,ENDRET_AV,KONV_FJERNING_KODE,PI_RAPPDATO,RAPPART,FIL_INFO_ID,RAPPORTERT_FNR,KOMMUNE_NR) VALUES ('585545869','INN_LON','22489254','PEN','G',null,null,'2014','419770','0','2020-08-05 15:25:15','TESTDATA','2020-08-05 15:25:15','srvpensjon',null,null,null,null,null,'1337');
INSERT INTO T_INNTEKT (INNTEKT_ID,K_INNTEKT_T,PERSON_ID,K_KILDE_T,K_INNTEKT_STATUS,K_PI_MERKE_T,FIL_ID_FK,INNTEKT_AR,BELOP,VERSJON,DATO_OPPRETTET,OPPRETTET_AV,DATO_ENDRET,ENDRET_AV,KONV_FJERNING_KODE,PI_RAPPDATO,RAPPART,FIL_INFO_ID,RAPPORTERT_FNR,KOMMUNE_NR) VALUES ('585545873','INN_LON','22489254','PEN','G',null,null,'2018','460494','0','2020-08-05 15:25:16','TESTDATA','2020-08-05 15:25:16','srvpensjon',null,null,null,null,null,'1337');
INSERT INTO T_INNTEKT (INNTEKT_ID,K_INNTEKT_T,PERSON_ID,K_KILDE_T,K_INNTEKT_STATUS,K_PI_MERKE_T,FIL_ID_FK,INNTEKT_AR,BELOP,VERSJON,DATO_OPPRETTET,OPPRETTET_AV,DATO_ENDRET,ENDRET_AV,KONV_FJERNING_KODE,PI_RAPPDATO,RAPPART,FIL_INFO_ID,RAPPORTERT_FNR,KOMMUNE_NR) VALUES ('585545973','INN_LON','22489254','PEN','G',null,null,'1987','140681','0','2020-08-05 15:25:08','TESTDATA','2020-08-05 15:25:08','srvpensjon',null,null,null,null,null,'1337');
INSERT INTO T_INNTEKT (INNTEKT_ID,K_INNTEKT_T,PERSON_ID,K_KILDE_T,K_INNTEKT_STATUS,K_PI_MERKE_T,FIL_ID_FK,INNTEKT_AR,BELOP,VERSJON,DATO_OPPRETTET,OPPRETTET_AV,DATO_ENDRET,ENDRET_AV,KONV_FJERNING_KODE,PI_RAPPDATO,RAPPART,FIL_INFO_ID,RAPPORTERT_FNR,KOMMUNE_NR) VALUES ('585545985','INN_LON','22489254','PEN','G',null,null,'1999','223147','0','2020-08-05 15:25:11','TESTDATA','2020-08-05 15:25:11','srvpensjon',null,null,null,null,null,'1337');
INSERT INTO T_INNTEKT (INNTEKT_ID,K_INNTEKT_T,PERSON_ID,K_KILDE_T,K_INNTEKT_STATUS,K_PI_MERKE_T,FIL_ID_FK,INNTEKT_AR,BELOP,VERSJON,DATO_OPPRETTET,OPPRETTET_AV,DATO_ENDRET,ENDRET_AV,KONV_FJERNING_KODE,PI_RAPPDATO,RAPPART,FIL_INFO_ID,RAPPORTERT_FNR,KOMMUNE_NR) VALUES ('585545992','SUM_PI','22489254','POPP','G',null,null,'2005','288693','1','2020-08-05 15:25:13','srvpensjon','2020-08-05 15:25:13','srvpensjon',null,null,null,null,null,null);
INSERT INTO T_INNTEKT (INNTEKT_ID,K_INNTEKT_T,PERSON_ID,K_KILDE_T,K_INNTEKT_STATUS,K_PI_MERKE_T,FIL_ID_FK,INNTEKT_AR,BELOP,VERSJON,DATO_OPPRETTET,OPPRETTET_AV,DATO_ENDRET,ENDRET_AV,KONV_FJERNING_KODE,PI_RAPPDATO,RAPPART,FIL_INFO_ID,RAPPORTERT_FNR,KOMMUNE_NR) VALUES ('585546006','SUM_PI','22489254','POPP','G',null,null,'2019','475232','1','2020-08-05 15:25:17','srvpensjon','2020-08-05 15:25:17','srvpensjon',null,null,null,null,null,null);
INSERT INTO T_INNTEKT (INNTEKT_ID,K_INNTEKT_T,PERSON_ID,K_KILDE_T,K_INNTEKT_STATUS,K_PI_MERKE_T,FIL_ID_FK,INNTEKT_AR,BELOP,VERSJON,DATO_OPPRETTET,OPPRETTET_AV,DATO_ENDRET,ENDRET_AV,KONV_FJERNING_KODE,PI_RAPPDATO,RAPPART,FIL_INFO_ID,RAPPORTERT_FNR,KOMMUNE_NR) VALUES ('585545837','INN_LON','22489254','PEN','G',null,null,'1982','99343','0','2020-08-05 15:25:06','TESTDATA','2020-08-05 15:25:07','srvpensjon',null,null,null,null,null,'1337');
INSERT INTO T_INNTEKT (INNTEKT_ID,K_INNTEKT_T,PERSON_ID,K_KILDE_T,K_INNTEKT_STATUS,K_PI_MERKE_T,FIL_ID_FK,INNTEKT_AR,BELOP,VERSJON,DATO_OPPRETTET,OPPRETTET_AV,DATO_ENDRET,ENDRET_AV,KONV_FJERNING_KODE,PI_RAPPDATO,RAPPART,FIL_INFO_ID,RAPPORTERT_FNR,KOMMUNE_NR) VALUES ('585545838','SUM_PI','22489254','POPP','G',null,null,'1982','99343','1','2020-08-05 15:25:07','srvpensjon','2020-08-05 15:25:07','srvpensjon',null,null,null,null,null,null);
INSERT INTO T_INNTEKT (INNTEKT_ID,K_INNTEKT_T,PERSON_ID,K_KILDE_T,K_INNTEKT_STATUS,K_PI_MERKE_T,FIL_ID_FK,INNTEKT_AR,BELOP,VERSJON,DATO_OPPRETTET,OPPRETTET_AV,DATO_ENDRET,ENDRET_AV,KONV_FJERNING_KODE,PI_RAPPDATO,RAPPART,FIL_INFO_ID,RAPPORTERT_FNR,KOMMUNE_NR) VALUES ('585545872','SUM_PI','22489254','POPP','G',null,null,'2016','440978','1','2020-08-05 15:25:16','srvpensjon','2020-08-05 15:25:16','srvpensjon',null,null,null,null,null,null);
INSERT INTO T_INNTEKT (INNTEKT_ID,K_INNTEKT_T,PERSON_ID,K_KILDE_T,K_INNTEKT_STATUS,K_PI_MERKE_T,FIL_ID_FK,INNTEKT_AR,BELOP,VERSJON,DATO_OPPRETTET,OPPRETTET_AV,DATO_ENDRET,ENDRET_AV,KONV_FJERNING_KODE,PI_RAPPDATO,RAPPART,FIL_INFO_ID,RAPPORTERT_FNR,KOMMUNE_NR) VALUES ('585545962','SUM_PI','22489254','POPP','G',null,null,'1975','51914','1','2020-08-05 15:25:05','srvpensjon','2020-08-05 15:25:05','srvpensjon',null,null,null,null,null,null);
INSERT INTO T_INNTEKT (INNTEKT_ID,K_INNTEKT_T,PERSON_ID,K_KILDE_T,K_INNTEKT_STATUS,K_PI_MERKE_T,FIL_ID_FK,INNTEKT_AR,BELOP,VERSJON,DATO_OPPRETTET,OPPRETTET_AV,DATO_ENDRET,ENDRET_AV,KONV_FJERNING_KODE,PI_RAPPDATO,RAPPART,FIL_INFO_ID,RAPPORTERT_FNR,KOMMUNE_NR) VALUES ('585545970','SUM_PI','22489254','POPP','G',null,null,'1983','107351','1','2020-08-05 15:25:07','srvpensjon','2020-08-05 15:25:07','srvpensjon',null,null,null,null,null,null);
INSERT INTO T_INNTEKT (INNTEKT_ID,K_INNTEKT_T,PERSON_ID,K_KILDE_T,K_INNTEKT_STATUS,K_PI_MERKE_T,FIL_ID_FK,INNTEKT_AR,BELOP,VERSJON,DATO_OPPRETTET,OPPRETTET_AV,DATO_ENDRET,ENDRET_AV,KONV_FJERNING_KODE,PI_RAPPDATO,RAPPART,FIL_INFO_ID,RAPPORTERT_FNR,KOMMUNE_NR) VALUES ('585545975','INN_LON','22489254','PEN','G',null,null,'1989','155140','0','2020-08-05 15:25:08','TESTDATA','2020-08-05 15:25:09','srvpensjon',null,null,null,null,null,'1337');
INSERT INTO T_INNTEKT (INNTEKT_ID,K_INNTEKT_T,PERSON_ID,K_KILDE_T,K_INNTEKT_STATUS,K_PI_MERKE_T,FIL_ID_FK,INNTEKT_AR,BELOP,VERSJON,DATO_OPPRETTET,OPPRETTET_AV,DATO_ENDRET,ENDRET_AV,KONV_FJERNING_KODE,PI_RAPPDATO,RAPPART,FIL_INFO_ID,RAPPORTERT_FNR,KOMMUNE_NR) VALUES ('585545983','INN_LON','22489254','PEN','G',null,null,'1997','201887','0','2020-08-05 15:25:11','TESTDATA','2020-08-05 15:25:11','srvpensjon',null,null,null,null,null,'1337');
INSERT INTO T_INNTEKT (INNTEKT_ID,K_INNTEKT_T,PERSON_ID,K_KILDE_T,K_INNTEKT_STATUS,K_PI_MERKE_T,FIL_ID_FK,INNTEKT_AR,BELOP,VERSJON,DATO_OPPRETTET,OPPRETTET_AV,DATO_ENDRET,ENDRET_AV,KONV_FJERNING_KODE,PI_RAPPDATO,RAPPART,FIL_INFO_ID,RAPPORTERT_FNR,KOMMUNE_NR) VALUES ('585545990','SUM_PI','22489254','POPP','G',null,null,'2003','269009','1','2020-08-05 15:25:12','srvpensjon','2020-08-05 15:25:12','srvpensjon',null,null,null,null,null,null);
INSERT INTO T_INNTEKT (INNTEKT_ID,K_INNTEKT_T,PERSON_ID,K_KILDE_T,K_INNTEKT_STATUS,K_PI_MERKE_T,FIL_ID_FK,INNTEKT_AR,BELOP,VERSJON,DATO_OPPRETTET,OPPRETTET_AV,DATO_ENDRET,ENDRET_AV,KONV_FJERNING_KODE,PI_RAPPDATO,RAPPART,FIL_INFO_ID,RAPPORTERT_FNR,KOMMUNE_NR) VALUES ('585545831','INN_LON','22489254','PEN','G',null,null,'1976','57682','0','2020-08-05 15:25:05','TESTDATA','2020-08-05 15:25:05','srvpensjon',null,null,null,null,null,'1337');
INSERT INTO T_INNTEKT (INNTEKT_ID,K_INNTEKT_T,PERSON_ID,K_KILDE_T,K_INNTEKT_STATUS,K_PI_MERKE_T,FIL_ID_FK,INNTEKT_AR,BELOP,VERSJON,DATO_OPPRETTET,OPPRETTET_AV,DATO_ENDRET,ENDRET_AV,KONV_FJERNING_KODE,PI_RAPPDATO,RAPPART,FIL_INFO_ID,RAPPORTERT_FNR,KOMMUNE_NR) VALUES ('585545843','INN_LON','22489254','PEN','G',null,null,'1988','148291','0','2020-08-05 15:25:08','TESTDATA','2020-08-05 15:25:08','srvpensjon',null,null,null,null,null,'1337');
INSERT INTO T_INNTEKT (INNTEKT_ID,K_INNTEKT_T,PERSON_ID,K_KILDE_T,K_INNTEKT_STATUS,K_PI_MERKE_T,FIL_ID_FK,INNTEKT_AR,BELOP,VERSJON,DATO_OPPRETTET,OPPRETTET_AV,DATO_ENDRET,ENDRET_AV,KONV_FJERNING_KODE,PI_RAPPDATO,RAPPART,FIL_INFO_ID,RAPPORTERT_FNR,KOMMUNE_NR) VALUES ('585545850','SUM_PI','22489254','POPP','G',null,null,'1994','181794','1','2020-08-05 15:25:10','srvpensjon','2020-08-05 15:25:10','srvpensjon',null,null,null,null,null,null);
INSERT INTO T_INNTEKT (INNTEKT_ID,K_INNTEKT_T,PERSON_ID,K_KILDE_T,K_INNTEKT_STATUS,K_PI_MERKE_T,FIL_ID_FK,INNTEKT_AR,BELOP,VERSJON,DATO_OPPRETTET,OPPRETTET_AV,DATO_ENDRET,ENDRET_AV,KONV_FJERNING_KODE,PI_RAPPDATO,RAPPART,FIL_INFO_ID,RAPPORTERT_FNR,KOMMUNE_NR) VALUES ('585545854','SUM_PI','22489254','POPP','G',null,null,'1998','213486','1','2020-08-05 15:25:11','srvpensjon','2020-08-05 15:25:11','srvpensjon',null,null,null,null,null,null);
INSERT INTO T_INNTEKT (INNTEKT_ID,K_INNTEKT_T,PERSON_ID,K_KILDE_T,K_INNTEKT_STATUS,K_PI_MERKE_T,FIL_ID_FK,INNTEKT_AR,BELOP,VERSJON,DATO_OPPRETTET,OPPRETTET_AV,DATO_ENDRET,ENDRET_AV,KONV_FJERNING_KODE,PI_RAPPDATO,RAPPART,FIL_INFO_ID,RAPPORTERT_FNR,KOMMUNE_NR) VALUES ('585545867','INN_LON','22489254','PEN','G',null,null,'2012','390088','0','2020-08-05 15:25:15','TESTDATA','2020-08-05 15:25:15','srvpensjon',null,null,null,null,null,'1337');
INSERT INTO T_INNTEKT (INNTEKT_ID,K_INNTEKT_T,PERSON_ID,K_KILDE_T,K_INNTEKT_STATUS,K_PI_MERKE_T,FIL_ID_FK,INNTEKT_AR,BELOP,VERSJON,DATO_OPPRETTET,OPPRETTET_AV,DATO_ENDRET,ENDRET_AV,KONV_FJERNING_KODE,PI_RAPPDATO,RAPPART,FIL_INFO_ID,RAPPORTERT_FNR,KOMMUNE_NR) VALUES ('585545959','INN_LON','22489254','PEN','G',null,null,'1973','40858','0','2020-08-05 15:25:04','TESTDATA','2020-08-05 15:25:04','srvpensjon',null,null,null,null,null,'1337');
INSERT INTO T_INNTEKT (INNTEKT_ID,K_INNTEKT_T,PERSON_ID,K_KILDE_T,K_INNTEKT_STATUS,K_PI_MERKE_T,FIL_ID_FK,INNTEKT_AR,BELOP,VERSJON,DATO_OPPRETTET,OPPRETTET_AV,DATO_ENDRET,ENDRET_AV,KONV_FJERNING_KODE,PI_RAPPDATO,RAPPART,FIL_INFO_ID,RAPPORTERT_FNR,KOMMUNE_NR) VALUES ('585545960','SUM_PI','22489254','POPP','G',null,null,'1973','40858','1','2020-08-05 15:25:04','srvpensjon','2020-08-05 15:25:05','srvpensjon',null,null,null,null,null,null);
INSERT INTO T_INNTEKT (INNTEKT_ID,K_INNTEKT_T,PERSON_ID,K_KILDE_T,K_INNTEKT_STATUS,K_PI_MERKE_T,FIL_ID_FK,INNTEKT_AR,BELOP,VERSJON,DATO_OPPRETTET,OPPRETTET_AV,DATO_ENDRET,ENDRET_AV,KONV_FJERNING_KODE,PI_RAPPDATO,RAPPART,FIL_INFO_ID,RAPPORTERT_FNR,KOMMUNE_NR) VALUES ('585545972','SUM_PI','22489254','POPP','G',null,null,'1985','121771','1','2020-08-05 15:25:07','srvpensjon','2020-08-05 15:25:07','srvpensjon',null,null,null,null,null,null);
INSERT INTO T_INNTEKT (INNTEKT_ID,K_INNTEKT_T,PERSON_ID,K_KILDE_T,K_INNTEKT_STATUS,K_PI_MERKE_T,FIL_ID_FK,INNTEKT_AR,BELOP,VERSJON,DATO_OPPRETTET,OPPRETTET_AV,DATO_ENDRET,ENDRET_AV,KONV_FJERNING_KODE,PI_RAPPDATO,RAPPART,FIL_INFO_ID,RAPPORTERT_FNR,KOMMUNE_NR) VALUES ('585545974','SUM_PI','22489254','POPP','G',null,null,'1987','140681','1','2020-08-05 15:25:08','srvpensjon','2020-08-05 15:25:08','srvpensjon',null,null,null,null,null,null);
INSERT INTO T_INNTEKT (INNTEKT_ID,K_INNTEKT_T,PERSON_ID,K_KILDE_T,K_INNTEKT_STATUS,K_PI_MERKE_T,FIL_ID_FK,INNTEKT_AR,BELOP,VERSJON,DATO_OPPRETTET,OPPRETTET_AV,DATO_ENDRET,ENDRET_AV,KONV_FJERNING_KODE,PI_RAPPDATO,RAPPART,FIL_INFO_ID,RAPPORTERT_FNR,KOMMUNE_NR) VALUES ('585545980','SUM_PI','22489254','POPP','G',null,null,'1993','178011','1','2020-08-05 15:25:10','srvpensjon','2020-08-05 15:25:10','srvpensjon',null,null,null,null,null,null);
INSERT INTO T_INNTEKT (INNTEKT_ID,K_INNTEKT_T,PERSON_ID,K_KILDE_T,K_INNTEKT_STATUS,K_PI_MERKE_T,FIL_ID_FK,INNTEKT_AR,BELOP,VERSJON,DATO_OPPRETTET,OPPRETTET_AV,DATO_ENDRET,ENDRET_AV,KONV_FJERNING_KODE,PI_RAPPDATO,RAPPART,FIL_INFO_ID,RAPPORTERT_FNR,KOMMUNE_NR) VALUES ('585545981','INN_LON','22489254','PEN','G',null,null,'1995','186731','0','2020-08-05 15:25:10','TESTDATA','2020-08-05 15:25:10','srvpensjon',null,null,null,null,null,'1337');
INSERT INTO T_INNTEKT (INNTEKT_ID,K_INNTEKT_T,PERSON_ID,K_KILDE_T,K_INNTEKT_STATUS,K_PI_MERKE_T,FIL_ID_FK,INNTEKT_AR,BELOP,VERSJON,DATO_OPPRETTET,OPPRETTET_AV,DATO_ENDRET,ENDRET_AV,KONV_FJERNING_KODE,PI_RAPPDATO,RAPPART,FIL_INFO_ID,RAPPORTERT_FNR,KOMMUNE_NR) VALUES ('585545984','SUM_PI','22489254','POPP','G',null,null,'1997','201887','1','2020-08-05 15:25:11','srvpensjon','2020-08-05 15:25:11','srvpensjon',null,null,null,null,null,null);
INSERT INTO T_INNTEKT (INNTEKT_ID,K_INNTEKT_T,PERSON_ID,K_KILDE_T,K_INNTEKT_STATUS,K_PI_MERKE_T,FIL_ID_FK,INNTEKT_AR,BELOP,VERSJON,DATO_OPPRETTET,OPPRETTET_AV,DATO_ENDRET,ENDRET_AV,KONV_FJERNING_KODE,PI_RAPPDATO,RAPPART,FIL_INFO_ID,RAPPORTERT_FNR,KOMMUNE_NR) VALUES ('585545995','INN_LON','22489254','PEN','G',null,null,'2009','346120','0','2020-08-05 15:25:14','TESTDATA','2020-08-05 15:25:14','srvpensjon',null,null,null,null,null,'1337');
INSERT INTO T_INNTEKT (INNTEKT_ID,K_INNTEKT_T,PERSON_ID,K_KILDE_T,K_INNTEKT_STATUS,K_PI_MERKE_T,FIL_ID_FK,INNTEKT_AR,BELOP,VERSJON,DATO_OPPRETTET,OPPRETTET_AV,DATO_ENDRET,ENDRET_AV,KONV_FJERNING_KODE,PI_RAPPDATO,RAPPART,FIL_INFO_ID,RAPPORTERT_FNR,KOMMUNE_NR) VALUES ('585545999','INN_LON','22489254','PEN','G',null,null,'2013','404754','0','2020-08-05 15:25:15','TESTDATA','2020-08-05 15:25:15','srvpensjon',null,null,null,null,null,'1337');
INSERT INTO T_INNTEKT (INNTEKT_ID,K_INNTEKT_T,PERSON_ID,K_KILDE_T,K_INNTEKT_STATUS,K_PI_MERKE_T,FIL_ID_FK,INNTEKT_AR,BELOP,VERSJON,DATO_OPPRETTET,OPPRETTET_AV,DATO_ENDRET,ENDRET_AV,KONV_FJERNING_KODE,PI_RAPPDATO,RAPPART,FIL_INFO_ID,RAPPORTERT_FNR,KOMMUNE_NR) VALUES ('585546000','SUM_PI','22489254','POPP','G',null,null,'2013','404754','1','2020-08-05 15:25:15','srvpensjon','2020-08-05 15:25:15','srvpensjon',null,null,null,null,null,null);
INSERT INTO T_INNTEKT_REL (INNTEKT_REL_ID,INNTEKT_ID_MESTER,INNTEKT_ID_SLAVE,K_INNTEKT_REL_T,VERSJON,DATO_OPPRETTET,OPPRETTET_AV,DATO_ENDRET,ENDRET_AV) VALUES ('554667122','585545832','585545831','SUMMERER','0','2020-08-05 15:25:05','srvpensjon','2020-08-05 15:25:05','srvpensjon');
INSERT INTO T_INNTEKT_REL (INNTEKT_REL_ID,INNTEKT_ID_MESTER,INNTEKT_ID_SLAVE,K_INNTEKT_REL_T,VERSJON,DATO_OPPRETTET,OPPRETTET_AV,DATO_ENDRET,ENDRET_AV) VALUES ('554667128','585545838','585545837','SUMMERER','0','2020-08-05 15:25:07','srvpensjon','2020-08-05 15:25:07','srvpensjon');
INSERT INTO T_INNTEKT_REL (INNTEKT_REL_ID,INNTEKT_ID_MESTER,INNTEKT_ID_SLAVE,K_INNTEKT_REL_T,VERSJON,DATO_OPPRETTET,OPPRETTET_AV,DATO_ENDRET,ENDRET_AV) VALUES ('554667146','585545856','585545855','SUMMERER','0','2020-08-05 15:25:12','srvpensjon','2020-08-05 15:25:12','srvpensjon');
INSERT INTO T_INNTEKT_REL (INNTEKT_REL_ID,INNTEKT_ID_MESTER,INNTEKT_ID_SLAVE,K_INNTEKT_REL_T,VERSJON,DATO_OPPRETTET,OPPRETTET_AV,DATO_ENDRET,ENDRET_AV) VALUES ('554667354','585545864','585545863','SUMMERER','0','2020-08-05 15:25:14','srvpensjon','2020-08-05 15:25:14','srvpensjon');
INSERT INTO T_INNTEKT_REL (INNTEKT_REL_ID,INNTEKT_ID_MESTER,INNTEKT_ID_SLAVE,K_INNTEKT_REL_T,VERSJON,DATO_OPPRETTET,OPPRETTET_AV,DATO_ENDRET,ENDRET_AV) VALUES ('554667364','585545874','585545873','SUMMERER','0','2020-08-05 15:25:16','srvpensjon','2020-08-05 15:25:16','srvpensjon');
INSERT INTO T_INNTEKT_REL (INNTEKT_REL_ID,INNTEKT_ID_MESTER,INNTEKT_ID_SLAVE,K_INNTEKT_REL_T,VERSJON,DATO_OPPRETTET,OPPRETTET_AV,DATO_ENDRET,ENDRET_AV) VALUES ('554667154','585545960','585545959','SUMMERER','0','2020-08-05 15:25:04','srvpensjon','2020-08-05 15:25:04','srvpensjon');
INSERT INTO T_INNTEKT_REL (INNTEKT_REL_ID,INNTEKT_ID_MESTER,INNTEKT_ID_SLAVE,K_INNTEKT_REL_T,VERSJON,DATO_OPPRETTET,OPPRETTET_AV,DATO_ENDRET,ENDRET_AV) VALUES ('554667158','585545964','585545963','SUMMERER','0','2020-08-05 15:25:05','srvpensjon','2020-08-05 15:25:05','srvpensjon');
INSERT INTO T_INNTEKT_REL (INNTEKT_REL_ID,INNTEKT_ID_MESTER,INNTEKT_ID_SLAVE,K_INNTEKT_REL_T,VERSJON,DATO_OPPRETTET,OPPRETTET_AV,DATO_ENDRET,ENDRET_AV) VALUES ('554667164','585545970','585545969','SUMMERER','0','2020-08-05 15:25:07','srvpensjon','2020-08-05 15:25:07','srvpensjon');
INSERT INTO T_INNTEKT_REL (INNTEKT_REL_ID,INNTEKT_ID_MESTER,INNTEKT_ID_SLAVE,K_INNTEKT_REL_T,VERSJON,DATO_OPPRETTET,OPPRETTET_AV,DATO_ENDRET,ENDRET_AV) VALUES ('554667360','585545870','585545869','SUMMERER','0','2020-08-05 15:25:15','srvpensjon','2020-08-05 15:25:15','srvpensjon');
INSERT INTO T_INNTEKT_REL (INNTEKT_REL_ID,INNTEKT_ID_MESTER,INNTEKT_ID_SLAVE,K_INNTEKT_REL_T,VERSJON,DATO_OPPRETTET,OPPRETTET_AV,DATO_ENDRET,ENDRET_AV) VALUES ('554667160','585545966','585545965','SUMMERER','0','2020-08-05 15:25:06','srvpensjon','2020-08-05 15:25:06','srvpensjon');
INSERT INTO T_INNTEKT_REL (INNTEKT_REL_ID,INNTEKT_ID_MESTER,INNTEKT_ID_SLAVE,K_INNTEKT_REL_T,VERSJON,DATO_OPPRETTET,OPPRETTET_AV,DATO_ENDRET,ENDRET_AV) VALUES ('554667168','585545974','585545973','SUMMERER','0','2020-08-05 15:25:08','srvpensjon','2020-08-05 15:25:08','srvpensjon');
INSERT INTO T_INNTEKT_REL (INNTEKT_REL_ID,INNTEKT_ID_MESTER,INNTEKT_ID_SLAVE,K_INNTEKT_REL_T,VERSJON,DATO_OPPRETTET,OPPRETTET_AV,DATO_ENDRET,ENDRET_AV) VALUES ('554667118','585545828','585545827','SUMMERER','0','2020-08-05 15:25:04','srvpensjon','2020-08-05 15:25:04','srvpensjon');
INSERT INTO T_INNTEKT_REL (INNTEKT_REL_ID,INNTEKT_ID_MESTER,INNTEKT_ID_SLAVE,K_INNTEKT_REL_T,VERSJON,DATO_OPPRETTET,OPPRETTET_AV,DATO_ENDRET,ENDRET_AV) VALUES ('554667120','585545830','585545829','SUMMERER','0','2020-08-05 15:25:05','srvpensjon','2020-08-05 15:25:05','srvpensjon');
INSERT INTO T_INNTEKT_REL (INNTEKT_REL_ID,INNTEKT_ID_MESTER,INNTEKT_ID_SLAVE,K_INNTEKT_REL_T,VERSJON,DATO_OPPRETTET,OPPRETTET_AV,DATO_ENDRET,ENDRET_AV) VALUES ('554667124','585545834','585545833','SUMMERER','0','2020-08-05 15:25:06','srvpensjon','2020-08-05 15:25:06','srvpensjon');
INSERT INTO T_INNTEKT_REL (INNTEKT_REL_ID,INNTEKT_ID_MESTER,INNTEKT_ID_SLAVE,K_INNTEKT_REL_T,VERSJON,DATO_OPPRETTET,OPPRETTET_AV,DATO_ENDRET,ENDRET_AV) VALUES ('554667142','585545852','585545851','SUMMERER','0','2020-08-05 15:25:10','srvpensjon','2020-08-05 15:25:10','srvpensjon');
INSERT INTO T_INNTEKT_REL (INNTEKT_REL_ID,INNTEKT_ID_MESTER,INNTEKT_ID_SLAVE,K_INNTEKT_REL_T,VERSJON,DATO_OPPRETTET,OPPRETTET_AV,DATO_ENDRET,ENDRET_AV) VALUES ('554667176','585545982','585545981','SUMMERER','0','2020-08-05 15:25:10','srvpensjon','2020-08-05 15:25:10','srvpensjon');
INSERT INTO T_INNTEKT_REL (INNTEKT_REL_ID,INNTEKT_ID_MESTER,INNTEKT_ID_SLAVE,K_INNTEKT_REL_T,VERSJON,DATO_OPPRETTET,OPPRETTET_AV,DATO_ENDRET,ENDRET_AV) VALUES ('554667186','585545992','585545991','SUMMERER','0','2020-08-05 15:25:13','srvpensjon','2020-08-05 15:25:13','srvpensjon');
INSERT INTO T_INNTEKT_REL (INNTEKT_REL_ID,INNTEKT_ID_MESTER,INNTEKT_ID_SLAVE,K_INNTEKT_REL_T,VERSJON,DATO_OPPRETTET,OPPRETTET_AV,DATO_ENDRET,ENDRET_AV) VALUES ('554667140','585545850','585545849','SUMMERER','0','2020-08-05 15:25:10','srvpensjon','2020-08-05 15:25:10','srvpensjon');
INSERT INTO T_INNTEKT_REL (INNTEKT_REL_ID,INNTEKT_ID_MESTER,INNTEKT_ID_SLAVE,K_INNTEKT_REL_T,VERSJON,DATO_OPPRETTET,OPPRETTET_AV,DATO_ENDRET,ENDRET_AV) VALUES ('554667144','585545854','585545853','SUMMERER','0','2020-08-05 15:25:11','srvpensjon','2020-08-05 15:25:11','srvpensjon');
INSERT INTO T_INNTEKT_REL (INNTEKT_REL_ID,INNTEKT_ID_MESTER,INNTEKT_ID_SLAVE,K_INNTEKT_REL_T,VERSJON,DATO_OPPRETTET,OPPRETTET_AV,DATO_ENDRET,ENDRET_AV) VALUES ('554667156','585545962','585545961','SUMMERER','0','2020-08-05 15:25:05','srvpensjon','2020-08-05 15:25:05','srvpensjon');
INSERT INTO T_INNTEKT_REL (INNTEKT_REL_ID,INNTEKT_ID_MESTER,INNTEKT_ID_SLAVE,K_INNTEKT_REL_T,VERSJON,DATO_OPPRETTET,OPPRETTET_AV,DATO_ENDRET,ENDRET_AV) VALUES ('554667174','585545980','585545979','SUMMERER','0','2020-08-05 15:25:10','srvpensjon','2020-08-05 15:25:10','srvpensjon');
INSERT INTO T_INNTEKT_REL (INNTEKT_REL_ID,INNTEKT_ID_MESTER,INNTEKT_ID_SLAVE,K_INNTEKT_REL_T,VERSJON,DATO_OPPRETTET,OPPRETTET_AV,DATO_ENDRET,ENDRET_AV) VALUES ('554667188','585545994','585545993','SUMMERER','0','2020-08-05 15:25:13','srvpensjon','2020-08-05 15:25:13','srvpensjon');
INSERT INTO T_INNTEKT_REL (INNTEKT_REL_ID,INNTEKT_ID_MESTER,INNTEKT_ID_SLAVE,K_INNTEKT_REL_T,VERSJON,DATO_OPPRETTET,OPPRETTET_AV,DATO_ENDRET,ENDRET_AV) VALUES ('554667126','585545836','585545835','SUMMERER','0','2020-08-05 15:25:06','srvpensjon','2020-08-05 15:25:06','srvpensjon');
INSERT INTO T_INNTEKT_REL (INNTEKT_REL_ID,INNTEKT_ID_MESTER,INNTEKT_ID_SLAVE,K_INNTEKT_REL_T,VERSJON,DATO_OPPRETTET,OPPRETTET_AV,DATO_ENDRET,ENDRET_AV) VALUES ('554667130','585545840','585545839','SUMMERER','0','2020-08-05 15:25:07','srvpensjon','2020-08-05 15:25:07','srvpensjon');
INSERT INTO T_INNTEKT_REL (INNTEKT_REL_ID,INNTEKT_ID_MESTER,INNTEKT_ID_SLAVE,K_INNTEKT_REL_T,VERSJON,DATO_OPPRETTET,OPPRETTET_AV,DATO_ENDRET,ENDRET_AV) VALUES ('554667148','585545858','585545857','SUMMERER','0','2020-08-05 15:25:12','srvpensjon','2020-08-05 15:25:12','srvpensjon');
INSERT INTO T_INNTEKT_REL (INNTEKT_REL_ID,INNTEKT_ID_MESTER,INNTEKT_ID_SLAVE,K_INNTEKT_REL_T,VERSJON,DATO_OPPRETTET,OPPRETTET_AV,DATO_ENDRET,ENDRET_AV) VALUES ('554667162','585545968','585545967','SUMMERER','0','2020-08-05 15:25:06','srvpensjon','2020-08-05 15:25:06','srvpensjon');
INSERT INTO T_INNTEKT_REL (INNTEKT_REL_ID,INNTEKT_ID_MESTER,INNTEKT_ID_SLAVE,K_INNTEKT_REL_T,VERSJON,DATO_OPPRETTET,OPPRETTET_AV,DATO_ENDRET,ENDRET_AV) VALUES ('554667170','585545976','585545975','SUMMERER','0','2020-08-05 15:25:09','srvpensjon','2020-08-05 15:25:09','srvpensjon');
INSERT INTO T_INNTEKT_REL (INNTEKT_REL_ID,INNTEKT_ID_MESTER,INNTEKT_ID_SLAVE,K_INNTEKT_REL_T,VERSJON,DATO_OPPRETTET,OPPRETTET_AV,DATO_ENDRET,ENDRET_AV) VALUES ('554667180','585545986','585545985','SUMMERER','0','2020-08-05 15:25:11','srvpensjon','2020-08-05 15:25:11','srvpensjon');
INSERT INTO T_INNTEKT_REL (INNTEKT_REL_ID,INNTEKT_ID_MESTER,INNTEKT_ID_SLAVE,K_INNTEKT_REL_T,VERSJON,DATO_OPPRETTET,OPPRETTET_AV,DATO_ENDRET,ENDRET_AV) VALUES ('554667182','585545988','585545987','SUMMERER','0','2020-08-05 15:25:12','srvpensjon','2020-08-05 15:25:12','srvpensjon');
INSERT INTO T_INNTEKT_REL (INNTEKT_REL_ID,INNTEKT_ID_MESTER,INNTEKT_ID_SLAVE,K_INNTEKT_REL_T,VERSJON,DATO_OPPRETTET,OPPRETTET_AV,DATO_ENDRET,ENDRET_AV) VALUES ('554667190','585545996','585545995','SUMMERER','0','2020-08-05 15:25:14','srvpensjon','2020-08-05 15:25:14','srvpensjon');
INSERT INTO T_INNTEKT_REL (INNTEKT_REL_ID,INNTEKT_ID_MESTER,INNTEKT_ID_SLAVE,K_INNTEKT_REL_T,VERSJON,DATO_OPPRETTET,OPPRETTET_AV,DATO_ENDRET,ENDRET_AV) VALUES ('554667198','585546004','585546003','SUMMERER','0','2020-08-05 15:25:16','srvpensjon','2020-08-05 15:25:16','srvpensjon');
INSERT INTO T_INNTEKT_REL (INNTEKT_REL_ID,INNTEKT_ID_MESTER,INNTEKT_ID_SLAVE,K_INNTEKT_REL_T,VERSJON,DATO_OPPRETTET,OPPRETTET_AV,DATO_ENDRET,ENDRET_AV) VALUES ('554667200','585546006','585546005','SUMMERER','0','2020-08-05 15:25:17','srvpensjon','2020-08-05 15:25:17','srvpensjon');
INSERT INTO T_INNTEKT_REL (INNTEKT_REL_ID,INNTEKT_ID_MESTER,INNTEKT_ID_SLAVE,K_INNTEKT_REL_T,VERSJON,DATO_OPPRETTET,OPPRETTET_AV,DATO_ENDRET,ENDRET_AV) VALUES ('554667358','585545868','585545867','SUMMERER','0','2020-08-05 15:25:15','srvpensjon','2020-08-05 15:25:15','srvpensjon');
INSERT INTO T_INNTEKT_REL (INNTEKT_REL_ID,INNTEKT_ID_MESTER,INNTEKT_ID_SLAVE,K_INNTEKT_REL_T,VERSJON,DATO_OPPRETTET,OPPRETTET_AV,DATO_ENDRET,ENDRET_AV) VALUES ('554666952','585545758','585545757','SUMMERER','0','2020-08-05 15:25:04','srvpensjon','2020-08-05 15:25:04','srvpensjon');
INSERT INTO T_INNTEKT_REL (INNTEKT_REL_ID,INNTEKT_ID_MESTER,INNTEKT_ID_SLAVE,K_INNTEKT_REL_T,VERSJON,DATO_OPPRETTET,OPPRETTET_AV,DATO_ENDRET,ENDRET_AV) VALUES ('554667166','585545972','585545971','SUMMERER','0','2020-08-05 15:25:07','srvpensjon','2020-08-05 15:25:07','srvpensjon');
INSERT INTO T_INNTEKT_REL (INNTEKT_REL_ID,INNTEKT_ID_MESTER,INNTEKT_ID_SLAVE,K_INNTEKT_REL_T,VERSJON,DATO_OPPRETTET,OPPRETTET_AV,DATO_ENDRET,ENDRET_AV) VALUES ('554667172','585545978','585545977','SUMMERER','0','2020-08-05 15:25:09','srvpensjon','2020-08-05 15:25:09','srvpensjon');
INSERT INTO T_INNTEKT_REL (INNTEKT_REL_ID,INNTEKT_ID_MESTER,INNTEKT_ID_SLAVE,K_INNTEKT_REL_T,VERSJON,DATO_OPPRETTET,OPPRETTET_AV,DATO_ENDRET,ENDRET_AV) VALUES ('554667194','585546000','585545999','SUMMERER','0','2020-08-05 15:25:15','srvpensjon','2020-08-05 15:25:15','srvpensjon');
INSERT INTO T_INNTEKT_REL (INNTEKT_REL_ID,INNTEKT_ID_MESTER,INNTEKT_ID_SLAVE,K_INNTEKT_REL_T,VERSJON,DATO_OPPRETTET,OPPRETTET_AV,DATO_ENDRET,ENDRET_AV) VALUES ('554667132','585545842','585545841','SUMMERER','0','2020-08-05 15:25:08','srvpensjon','2020-08-05 15:25:08','srvpensjon');
INSERT INTO T_INNTEKT_REL (INNTEKT_REL_ID,INNTEKT_ID_MESTER,INNTEKT_ID_SLAVE,K_INNTEKT_REL_T,VERSJON,DATO_OPPRETTET,OPPRETTET_AV,DATO_ENDRET,ENDRET_AV) VALUES ('554667134','585545844','585545843','SUMMERER','0','2020-08-05 15:25:08','srvpensjon','2020-08-05 15:25:08','srvpensjon');
INSERT INTO T_INNTEKT_REL (INNTEKT_REL_ID,INNTEKT_ID_MESTER,INNTEKT_ID_SLAVE,K_INNTEKT_REL_T,VERSJON,DATO_OPPRETTET,OPPRETTET_AV,DATO_ENDRET,ENDRET_AV) VALUES ('554667136','585545846','585545845','SUMMERER','0','2020-08-05 15:25:09','srvpensjon','2020-08-05 15:25:09','srvpensjon');
INSERT INTO T_INNTEKT_REL (INNTEKT_REL_ID,INNTEKT_ID_MESTER,INNTEKT_ID_SLAVE,K_INNTEKT_REL_T,VERSJON,DATO_OPPRETTET,OPPRETTET_AV,DATO_ENDRET,ENDRET_AV) VALUES ('554667138','585545848','585545847','SUMMERER','0','2020-08-05 15:25:09','srvpensjon','2020-08-05 15:25:09','srvpensjon');
INSERT INTO T_INNTEKT_REL (INNTEKT_REL_ID,INNTEKT_ID_MESTER,INNTEKT_ID_SLAVE,K_INNTEKT_REL_T,VERSJON,DATO_OPPRETTET,OPPRETTET_AV,DATO_ENDRET,ENDRET_AV) VALUES ('554667150','585545860','585545859','SUMMERER','0','2020-08-05 15:25:13','srvpensjon','2020-08-05 15:25:13','srvpensjon');
INSERT INTO T_INNTEKT_REL (INNTEKT_REL_ID,INNTEKT_ID_MESTER,INNTEKT_ID_SLAVE,K_INNTEKT_REL_T,VERSJON,DATO_OPPRETTET,OPPRETTET_AV,DATO_ENDRET,ENDRET_AV) VALUES ('554667152','585545862','585545861','SUMMERER','0','2020-08-05 15:25:13','srvpensjon','2020-08-05 15:25:13','srvpensjon');
INSERT INTO T_INNTEKT_REL (INNTEKT_REL_ID,INNTEKT_ID_MESTER,INNTEKT_ID_SLAVE,K_INNTEKT_REL_T,VERSJON,DATO_OPPRETTET,OPPRETTET_AV,DATO_ENDRET,ENDRET_AV) VALUES ('554667362','585545872','585545871','SUMMERER','0','2020-08-05 15:25:16','srvpensjon','2020-08-05 15:25:16','srvpensjon');
INSERT INTO T_INNTEKT_REL (INNTEKT_REL_ID,INNTEKT_ID_MESTER,INNTEKT_ID_SLAVE,K_INNTEKT_REL_T,VERSJON,DATO_OPPRETTET,OPPRETTET_AV,DATO_ENDRET,ENDRET_AV) VALUES ('554667178','585545984','585545983','SUMMERER','0','2020-08-05 15:25:11','srvpensjon','2020-08-05 15:25:11','srvpensjon');
INSERT INTO T_INNTEKT_REL (INNTEKT_REL_ID,INNTEKT_ID_MESTER,INNTEKT_ID_SLAVE,K_INNTEKT_REL_T,VERSJON,DATO_OPPRETTET,OPPRETTET_AV,DATO_ENDRET,ENDRET_AV) VALUES ('554667192','585545998','585545997','SUMMERER','0','2020-08-05 15:25:14','srvpensjon','2020-08-05 15:25:14','srvpensjon');
INSERT INTO T_INNTEKT_REL (INNTEKT_REL_ID,INNTEKT_ID_MESTER,INNTEKT_ID_SLAVE,K_INNTEKT_REL_T,VERSJON,DATO_OPPRETTET,OPPRETTET_AV,DATO_ENDRET,ENDRET_AV) VALUES ('554667356','585545866','585545865','SUMMERER','0','2020-08-05 15:25:14','srvpensjon','2020-08-05 15:25:14','srvpensjon');
INSERT INTO T_INNTEKT_REL (INNTEKT_REL_ID,INNTEKT_ID_MESTER,INNTEKT_ID_SLAVE,K_INNTEKT_REL_T,VERSJON,DATO_OPPRETTET,OPPRETTET_AV,DATO_ENDRET,ENDRET_AV) VALUES ('554667184','585545990','585545989','SUMMERER','0','2020-08-05 15:25:12','srvpensjon','2020-08-05 15:25:12','srvpensjon');
INSERT INTO T_INNTEKT_REL (INNTEKT_REL_ID,INNTEKT_ID_MESTER,INNTEKT_ID_SLAVE,K_INNTEKT_REL_T,VERSJON,DATO_OPPRETTET,OPPRETTET_AV,DATO_ENDRET,ENDRET_AV) VALUES ('554667196','585546002','585546001','SUMMERER','0','2020-08-05 15:25:15','srvpensjon','2020-08-05 15:25:15','srvpensjon');
INSERT INTO T_RP_KOMP (RP_KOMP_ID,BELOP,VEDTAK_ID_FK,DATO_FOM,DATO_TOM,VERSJON,DATO_OPPRETTET,OPPRETTET_AV,DATO_ENDRET,ENDRET_AV,K_RP_KOMP_S,K_RP_KOMP_T,PERSON_ID,K_RESTP_BEH_ARSAK) VALUES ('226627811','0','42753056','2020-09-01 00:00:00',null,'0','2020-08-07 11:46:54','z992334','2020-08-07 11:46:54','z992334','G','RESP_GP','22489254','VEDTAK');
INSERT INTO T_RP_KOMP (RP_KOMP_ID,BELOP,VEDTAK_ID_FK,DATO_FOM,DATO_TOM,VERSJON,DATO_OPPRETTET,OPPRETTET_AV,DATO_ENDRET,ENDRET_AV,K_RP_KOMP_S,K_RP_KOMP_T,PERSON_ID,K_RESTP_BEH_ARSAK) VALUES ('226627812','0','42753056','2020-09-01 00:00:00',null,'0','2020-08-07 11:46:54','z992334','2020-08-07 11:46:54','z992334','G','RESP_TP','22489254','VEDTAK');
INSERT INTO T_RP_KOMP (RP_KOMP_ID,BELOP,VEDTAK_ID_FK,DATO_FOM,DATO_TOM,VERSJON,DATO_OPPRETTET,OPPRETTET_AV,DATO_ENDRET,ENDRET_AV,K_RP_KOMP_S,K_RP_KOMP_T,PERSON_ID,K_RESTP_BEH_ARSAK) VALUES ('226627813','0','42753056','2020-09-01 00:00:00',null,'0','2020-08-07 11:46:54','z992334','2020-08-07 11:46:54','z992334','G','RESP_PT','22489254','VEDTAK');
INSERT INTO T_OPPTJN (OPPTJN_ID,K_OPPTJN_T,PERSON_ID_OPPTJN,PERSON_ID_OMSORG,K_KILDE_T,K_OPPTJN_STATUS,INNTEKT_ID,FIL_ID_FK,OPPTJN_AR,PGI_ANVENDT,POENG,MAX_UFOREGRAD,VERSJON,DATO_OPPRETTET,OPPRETTET_AV,DATO_ENDRET,ENDRET_AV,KONV_FJERNING_KODE,PI_RAPPDATO,OMSORG_ID) VALUES ('543619671','PPI','22489254',null,'PEN','G','585545994',null,'2007','314871','3,81',null,'0','2020-08-05 15:25:13','srvpensjon','2020-08-05 15:25:13','srvpensjon',null,null,null);
INSERT INTO T_OPPTJN (OPPTJN_ID,K_OPPTJN_T,PERSON_ID_OPPTJN,PERSON_ID_OMSORG,K_KILDE_T,K_OPPTJN_STATUS,INNTEKT_ID,FIL_ID_FK,OPPTJN_AR,PGI_ANVENDT,POENG,MAX_UFOREGRAD,VERSJON,DATO_OPPRETTET,OPPRETTET_AV,DATO_ENDRET,ENDRET_AV,KONV_FJERNING_KODE,PI_RAPPDATO,OMSORG_ID) VALUES ('543619509','PPI','22489254',null,'PEN','G','585545832',null,'1976','57682','3,81',null,'0','2020-08-05 15:25:05','srvpensjon','2020-08-05 15:25:05','srvpensjon',null,null,null);
INSERT INTO T_OPPTJN (OPPTJN_ID,K_OPPTJN_T,PERSON_ID_OPPTJN,PERSON_ID_OMSORG,K_KILDE_T,K_OPPTJN_STATUS,INNTEKT_ID,FIL_ID_FK,OPPTJN_AR,PGI_ANVENDT,POENG,MAX_UFOREGRAD,VERSJON,DATO_OPPRETTET,OPPRETTET_AV,DATO_ENDRET,ENDRET_AV,KONV_FJERNING_KODE,PI_RAPPDATO,OMSORG_ID) VALUES ('543619539','PPI','22489254',null,'PEN','G','585545862',null,'2006','298797','3,81',null,'0','2020-08-05 15:25:13','srvpensjon','2020-08-05 15:25:13','srvpensjon',null,null,null);
INSERT INTO T_OPPTJN (OPPTJN_ID,K_OPPTJN_T,PERSON_ID_OPPTJN,PERSON_ID_OMSORG,K_KILDE_T,K_OPPTJN_STATUS,INNTEKT_ID,FIL_ID_FK,OPPTJN_AR,PGI_ANVENDT,POENG,MAX_UFOREGRAD,VERSJON,DATO_OPPRETTET,OPPRETTET_AV,DATO_ENDRET,ENDRET_AV,KONV_FJERNING_KODE,PI_RAPPDATO,OMSORG_ID) VALUES ('543619543','PPI','22489254',null,'PEN','G','585545866',null,'2010','359171','3,81',null,'0','2020-08-05 15:25:14','srvpensjon','2020-08-05 15:25:14','srvpensjon',null,null,null);
INSERT INTO T_OPPTJN (OPPTJN_ID,K_OPPTJN_T,PERSON_ID_OPPTJN,PERSON_ID_OMSORG,K_KILDE_T,K_OPPTJN_STATUS,INNTEKT_ID,FIL_ID_FK,OPPTJN_AR,PGI_ANVENDT,POENG,MAX_UFOREGRAD,VERSJON,DATO_OPPRETTET,OPPRETTET_AV,DATO_ENDRET,ENDRET_AV,KONV_FJERNING_KODE,PI_RAPPDATO,OMSORG_ID) VALUES ('543619547','PPI','22489254',null,'PEN','G','585545870',null,'2014','419770','3,81',null,'0','2020-08-05 15:25:15','srvpensjon','2020-08-05 15:25:15','srvpensjon',null,null,null);
INSERT INTO T_OPPTJN (OPPTJN_ID,K_OPPTJN_T,PERSON_ID_OPPTJN,PERSON_ID_OMSORG,K_KILDE_T,K_OPPTJN_STATUS,INNTEKT_ID,FIL_ID_FK,OPPTJN_AR,PGI_ANVENDT,POENG,MAX_UFOREGRAD,VERSJON,DATO_OPPRETTET,OPPRETTET_AV,DATO_ENDRET,ENDRET_AV,KONV_FJERNING_KODE,PI_RAPPDATO,OMSORG_ID) VALUES ('543619643','PPI','22489254',null,'PEN','G','585545966',null,'1979','73064','3,81',null,'0','2020-08-05 15:25:06','srvpensjon','2020-08-05 15:25:06','srvpensjon',null,null,null);
INSERT INTO T_OPPTJN (OPPTJN_ID,K_OPPTJN_T,PERSON_ID_OPPTJN,PERSON_ID_OMSORG,K_KILDE_T,K_OPPTJN_STATUS,INNTEKT_ID,FIL_ID_FK,OPPTJN_AR,PGI_ANVENDT,POENG,MAX_UFOREGRAD,VERSJON,DATO_OPPRETTET,OPPRETTET_AV,DATO_ENDRET,ENDRET_AV,KONV_FJERNING_KODE,PI_RAPPDATO,OMSORG_ID) VALUES ('543619651','PPI','22489254',null,'PEN','G','585545974',null,'1987','140681','3,81',null,'0','2020-08-05 15:25:08','srvpensjon','2020-08-05 15:25:08','srvpensjon',null,null,null);
INSERT INTO T_OPPTJN (OPPTJN_ID,K_OPPTJN_T,PERSON_ID_OPPTJN,PERSON_ID_OMSORG,K_KILDE_T,K_OPPTJN_STATUS,INNTEKT_ID,FIL_ID_FK,OPPTJN_AR,PGI_ANVENDT,POENG,MAX_UFOREGRAD,VERSJON,DATO_OPPRETTET,OPPRETTET_AV,DATO_ENDRET,ENDRET_AV,KONV_FJERNING_KODE,PI_RAPPDATO,OMSORG_ID) VALUES ('543619653','PPI','22489254',null,'PEN','G','585545976',null,'1989','155140','3,81',null,'0','2020-08-05 15:25:09','srvpensjon','2020-08-05 15:25:09','srvpensjon',null,null,null);
INSERT INTO T_OPPTJN (OPPTJN_ID,K_OPPTJN_T,PERSON_ID_OPPTJN,PERSON_ID_OMSORG,K_KILDE_T,K_OPPTJN_STATUS,INNTEKT_ID,FIL_ID_FK,OPPTJN_AR,PGI_ANVENDT,POENG,MAX_UFOREGRAD,VERSJON,DATO_OPPRETTET,OPPRETTET_AV,DATO_ENDRET,ENDRET_AV,KONV_FJERNING_KODE,PI_RAPPDATO,OMSORG_ID) VALUES ('543619659','PPI','22489254',null,'PEN','G','585545982',null,'1995','186731','3,81',null,'0','2020-08-05 15:25:10','srvpensjon','2020-08-05 15:25:10','srvpensjon',null,null,null);
INSERT INTO T_OPPTJN (OPPTJN_ID,K_OPPTJN_T,PERSON_ID_OPPTJN,PERSON_ID_OMSORG,K_KILDE_T,K_OPPTJN_STATUS,INNTEKT_ID,FIL_ID_FK,OPPTJN_AR,PGI_ANVENDT,POENG,MAX_UFOREGRAD,VERSJON,DATO_OPPRETTET,OPPRETTET_AV,DATO_ENDRET,ENDRET_AV,KONV_FJERNING_KODE,PI_RAPPDATO,OMSORG_ID) VALUES ('543619681','PPI','22489254',null,'PEN','G','585546004',null,'2017','448386','3,81',null,'0','2020-08-05 15:25:16','srvpensjon','2020-08-05 15:25:16','srvpensjon',null,null,null);
INSERT INTO T_OPPTJN (OPPTJN_ID,K_OPPTJN_T,PERSON_ID_OPPTJN,PERSON_ID_OMSORG,K_KILDE_T,K_OPPTJN_STATUS,INNTEKT_ID,FIL_ID_FK,OPPTJN_AR,PGI_ANVENDT,POENG,MAX_UFOREGRAD,VERSJON,DATO_OPPRETTET,OPPRETTET_AV,DATO_ENDRET,ENDRET_AV,KONV_FJERNING_KODE,PI_RAPPDATO,OMSORG_ID) VALUES ('543619683','PPI','22489254',null,'PEN','G','585546006',null,'2019','475232','3,81',null,'0','2020-08-05 15:25:17','srvpensjon','2020-08-05 15:25:17','srvpensjon',null,null,null);
INSERT INTO T_OPPTJN (OPPTJN_ID,K_OPPTJN_T,PERSON_ID_OPPTJN,PERSON_ID_OMSORG,K_KILDE_T,K_OPPTJN_STATUS,INNTEKT_ID,FIL_ID_FK,OPPTJN_AR,PGI_ANVENDT,POENG,MAX_UFOREGRAD,VERSJON,DATO_OPPRETTET,OPPRETTET_AV,DATO_ENDRET,ENDRET_AV,KONV_FJERNING_KODE,PI_RAPPDATO,OMSORG_ID) VALUES ('543619519','PPI','22489254',null,'PEN','G','585545842',null,'1986','131866','3,81',null,'0','2020-08-05 15:25:08','srvpensjon','2020-08-05 15:25:08','srvpensjon',null,null,null);
INSERT INTO T_OPPTJN (OPPTJN_ID,K_OPPTJN_T,PERSON_ID_OPPTJN,PERSON_ID_OMSORG,K_KILDE_T,K_OPPTJN_STATUS,INNTEKT_ID,FIL_ID_FK,OPPTJN_AR,PGI_ANVENDT,POENG,MAX_UFOREGRAD,VERSJON,DATO_OPPRETTET,OPPRETTET_AV,DATO_ENDRET,ENDRET_AV,KONV_FJERNING_KODE,PI_RAPPDATO,OMSORG_ID) VALUES ('543619549','PPI','22489254',null,'PEN','G','585545872',null,'2016','440978','3,81',null,'0','2020-08-05 15:25:16','srvpensjon','2020-08-05 15:25:16','srvpensjon',null,null,null);
INSERT INTO T_OPPTJN (OPPTJN_ID,K_OPPTJN_T,PERSON_ID_OPPTJN,PERSON_ID_OMSORG,K_KILDE_T,K_OPPTJN_STATUS,INNTEKT_ID,FIL_ID_FK,OPPTJN_AR,PGI_ANVENDT,POENG,MAX_UFOREGRAD,VERSJON,DATO_OPPRETTET,OPPRETTET_AV,DATO_ENDRET,ENDRET_AV,KONV_FJERNING_KODE,PI_RAPPDATO,OMSORG_ID) VALUES ('543619645','PPI','22489254',null,'PEN','G','585545968',null,'1981','89686','3,81',null,'0','2020-08-05 15:25:06','srvpensjon','2020-08-05 15:25:06','srvpensjon',null,null,null);
INSERT INTO T_OPPTJN (OPPTJN_ID,K_OPPTJN_T,PERSON_ID_OPPTJN,PERSON_ID_OMSORG,K_KILDE_T,K_OPPTJN_STATUS,INNTEKT_ID,FIL_ID_FK,OPPTJN_AR,PGI_ANVENDT,POENG,MAX_UFOREGRAD,VERSJON,DATO_OPPRETTET,OPPRETTET_AV,DATO_ENDRET,ENDRET_AV,KONV_FJERNING_KODE,PI_RAPPDATO,OMSORG_ID) VALUES ('543619661','PPI','22489254',null,'PEN','G','585545984',null,'1997','201887','3,81',null,'0','2020-08-05 15:25:11','srvpensjon','2020-08-05 15:25:11','srvpensjon',null,null,null);
INSERT INTO T_OPPTJN (OPPTJN_ID,K_OPPTJN_T,PERSON_ID_OPPTJN,PERSON_ID_OMSORG,K_KILDE_T,K_OPPTJN_STATUS,INNTEKT_ID,FIL_ID_FK,OPPTJN_AR,PGI_ANVENDT,POENG,MAX_UFOREGRAD,VERSJON,DATO_OPPRETTET,OPPRETTET_AV,DATO_ENDRET,ENDRET_AV,KONV_FJERNING_KODE,PI_RAPPDATO,OMSORG_ID) VALUES ('543619667','PPI','22489254',null,'PEN','G','585545990',null,'2003','269009','3,81',null,'0','2020-08-05 15:25:12','srvpensjon','2020-08-05 15:25:12','srvpensjon',null,null,null);
INSERT INTO T_OPPTJN (OPPTJN_ID,K_OPPTJN_T,PERSON_ID_OPPTJN,PERSON_ID_OMSORG,K_KILDE_T,K_OPPTJN_STATUS,INNTEKT_ID,FIL_ID_FK,OPPTJN_AR,PGI_ANVENDT,POENG,MAX_UFOREGRAD,VERSJON,DATO_OPPRETTET,OPPRETTET_AV,DATO_ENDRET,ENDRET_AV,KONV_FJERNING_KODE,PI_RAPPDATO,OMSORG_ID) VALUES ('543619515','PPI','22489254',null,'PEN','G','585545838',null,'1982','99343','3,81',null,'0','2020-08-05 15:25:07','srvpensjon','2020-08-05 15:25:07','srvpensjon',null,null,null);
INSERT INTO T_OPPTJN (OPPTJN_ID,K_OPPTJN_T,PERSON_ID_OPPTJN,PERSON_ID_OMSORG,K_KILDE_T,K_OPPTJN_STATUS,INNTEKT_ID,FIL_ID_FK,OPPTJN_AR,PGI_ANVENDT,POENG,MAX_UFOREGRAD,VERSJON,DATO_OPPRETTET,OPPRETTET_AV,DATO_ENDRET,ENDRET_AV,KONV_FJERNING_KODE,PI_RAPPDATO,OMSORG_ID) VALUES ('543619529','PPI','22489254',null,'PEN','G','585545852',null,'1996','194244','3,81',null,'0','2020-08-05 15:25:11','srvpensjon','2020-08-05 15:25:11','srvpensjon',null,null,null);
INSERT INTO T_OPPTJN (OPPTJN_ID,K_OPPTJN_T,PERSON_ID_OPPTJN,PERSON_ID_OMSORG,K_KILDE_T,K_OPPTJN_STATUS,INNTEKT_ID,FIL_ID_FK,OPPTJN_AR,PGI_ANVENDT,POENG,MAX_UFOREGRAD,VERSJON,DATO_OPPRETTET,OPPRETTET_AV,DATO_ENDRET,ENDRET_AV,KONV_FJERNING_KODE,PI_RAPPDATO,OMSORG_ID) VALUES ('543619531','PPI','22489254',null,'PEN','G','585545854',null,'1998','213486','3,81',null,'0','2020-08-05 15:25:11','srvpensjon','2020-08-05 15:25:11','srvpensjon',null,null,null);
INSERT INTO T_OPPTJN (OPPTJN_ID,K_OPPTJN_T,PERSON_ID_OPPTJN,PERSON_ID_OMSORG,K_KILDE_T,K_OPPTJN_STATUS,INNTEKT_ID,FIL_ID_FK,OPPTJN_AR,PGI_ANVENDT,POENG,MAX_UFOREGRAD,VERSJON,DATO_OPPRETTET,OPPRETTET_AV,DATO_ENDRET,ENDRET_AV,KONV_FJERNING_KODE,PI_RAPPDATO,OMSORG_ID) VALUES ('543619535','PPI','22489254',null,'PEN','G','585545858',null,'2002','255882','3,81',null,'0','2020-08-05 15:25:12','srvpensjon','2020-08-05 15:25:12','srvpensjon',null,null,null);
INSERT INTO T_OPPTJN (OPPTJN_ID,K_OPPTJN_T,PERSON_ID_OPPTJN,PERSON_ID_OMSORG,K_KILDE_T,K_OPPTJN_STATUS,INNTEKT_ID,FIL_ID_FK,OPPTJN_AR,PGI_ANVENDT,POENG,MAX_UFOREGRAD,VERSJON,DATO_OPPRETTET,OPPRETTET_AV,DATO_ENDRET,ENDRET_AV,KONV_FJERNING_KODE,PI_RAPPDATO,OMSORG_ID) VALUES ('543619505','PPI','22489254',null,'PEN','G','585545828',null,'1972','37974','3,81',null,'0','2020-08-05 15:25:04','srvpensjon','2020-08-05 15:25:04','srvpensjon',null,null,null);
INSERT INTO T_OPPTJN (OPPTJN_ID,K_OPPTJN_T,PERSON_ID_OPPTJN,PERSON_ID_OMSORG,K_KILDE_T,K_OPPTJN_STATUS,INNTEKT_ID,FIL_ID_FK,OPPTJN_AR,PGI_ANVENDT,POENG,MAX_UFOREGRAD,VERSJON,DATO_OPPRETTET,OPPRETTET_AV,DATO_ENDRET,ENDRET_AV,KONV_FJERNING_KODE,PI_RAPPDATO,OMSORG_ID) VALUES ('543619527','PPI','22489254',null,'PEN','G','585545850',null,'1994','181794','3,81',null,'0','2020-08-05 15:25:10','srvpensjon','2020-08-05 15:25:10','srvpensjon',null,null,null);
INSERT INTO T_OPPTJN (OPPTJN_ID,K_OPPTJN_T,PERSON_ID_OPPTJN,PERSON_ID_OMSORG,K_KILDE_T,K_OPPTJN_STATUS,INNTEKT_ID,FIL_ID_FK,OPPTJN_AR,PGI_ANVENDT,POENG,MAX_UFOREGRAD,VERSJON,DATO_OPPRETTET,OPPRETTET_AV,DATO_ENDRET,ENDRET_AV,KONV_FJERNING_KODE,PI_RAPPDATO,OMSORG_ID) VALUES ('543619541','PPI','22489254',null,'PEN','G','585545864',null,'2008','332190','3,81',null,'0','2020-08-05 15:25:14','srvpensjon','2020-08-05 15:25:14','srvpensjon',null,null,null);
INSERT INTO T_OPPTJN (OPPTJN_ID,K_OPPTJN_T,PERSON_ID_OPPTJN,PERSON_ID_OMSORG,K_KILDE_T,K_OPPTJN_STATUS,INNTEKT_ID,FIL_ID_FK,OPPTJN_AR,PGI_ANVENDT,POENG,MAX_UFOREGRAD,VERSJON,DATO_OPPRETTET,OPPRETTET_AV,DATO_ENDRET,ENDRET_AV,KONV_FJERNING_KODE,PI_RAPPDATO,OMSORG_ID) VALUES ('543619545','PPI','22489254',null,'PEN','G','585545868',null,'2012','390088','3,81',null,'0','2020-08-05 15:25:15','srvpensjon','2020-08-05 15:25:15','srvpensjon',null,null,null);
INSERT INTO T_OPPTJN (OPPTJN_ID,K_OPPTJN_T,PERSON_ID_OPPTJN,PERSON_ID_OMSORG,K_KILDE_T,K_OPPTJN_STATUS,INNTEKT_ID,FIL_ID_FK,OPPTJN_AR,PGI_ANVENDT,POENG,MAX_UFOREGRAD,VERSJON,DATO_OPPRETTET,OPPRETTET_AV,DATO_ENDRET,ENDRET_AV,KONV_FJERNING_KODE,PI_RAPPDATO,OMSORG_ID) VALUES ('543619639','PPI','22489254',null,'PEN','G','585545962',null,'1975','51914','3,81',null,'0','2020-08-05 15:25:05','srvpensjon','2020-08-05 15:25:05','srvpensjon',null,null,null);
INSERT INTO T_OPPTJN (OPPTJN_ID,K_OPPTJN_T,PERSON_ID_OPPTJN,PERSON_ID_OMSORG,K_KILDE_T,K_OPPTJN_STATUS,INNTEKT_ID,FIL_ID_FK,OPPTJN_AR,PGI_ANVENDT,POENG,MAX_UFOREGRAD,VERSJON,DATO_OPPRETTET,OPPRETTET_AV,DATO_ENDRET,ENDRET_AV,KONV_FJERNING_KODE,PI_RAPPDATO,OMSORG_ID) VALUES ('543619679','PPI','22489254',null,'PEN','G','585546002',null,'2015','430221','3,81',null,'0','2020-08-05 15:25:16','srvpensjon','2020-08-05 15:25:16','srvpensjon',null,null,null);
INSERT INTO T_OPPTJN (OPPTJN_ID,K_OPPTJN_T,PERSON_ID_OPPTJN,PERSON_ID_OMSORG,K_KILDE_T,K_OPPTJN_STATUS,INNTEKT_ID,FIL_ID_FK,OPPTJN_AR,PGI_ANVENDT,POENG,MAX_UFOREGRAD,VERSJON,DATO_OPPRETTET,OPPRETTET_AV,DATO_ENDRET,ENDRET_AV,KONV_FJERNING_KODE,PI_RAPPDATO,OMSORG_ID) VALUES ('543619511','PPI','22489254',null,'PEN','G','585545834',null,'1978','69939','3,81',null,'0','2020-08-05 15:25:06','srvpensjon','2020-08-05 15:25:06','srvpensjon',null,null,null);
INSERT INTO T_OPPTJN (OPPTJN_ID,K_OPPTJN_T,PERSON_ID_OPPTJN,PERSON_ID_OMSORG,K_KILDE_T,K_OPPTJN_STATUS,INNTEKT_ID,FIL_ID_FK,OPPTJN_AR,PGI_ANVENDT,POENG,MAX_UFOREGRAD,VERSJON,DATO_OPPRETTET,OPPRETTET_AV,DATO_ENDRET,ENDRET_AV,KONV_FJERNING_KODE,PI_RAPPDATO,OMSORG_ID) VALUES ('543619525','PPI','22489254',null,'PEN','G','585545848',null,'1992','173848','3,81',null,'0','2020-08-05 15:25:09','srvpensjon','2020-08-05 15:25:09','srvpensjon',null,null,null);
INSERT INTO T_OPPTJN (OPPTJN_ID,K_OPPTJN_T,PERSON_ID_OPPTJN,PERSON_ID_OMSORG,K_KILDE_T,K_OPPTJN_STATUS,INNTEKT_ID,FIL_ID_FK,OPPTJN_AR,PGI_ANVENDT,POENG,MAX_UFOREGRAD,VERSJON,DATO_OPPRETTET,OPPRETTET_AV,DATO_ENDRET,ENDRET_AV,KONV_FJERNING_KODE,PI_RAPPDATO,OMSORG_ID) VALUES ('543619551','PPI','22489254',null,'PEN','G','585545874',null,'2018','460494','3,81',null,'0','2020-08-05 15:25:16','srvpensjon','2020-08-05 15:25:16','srvpensjon',null,null,null);
INSERT INTO T_OPPTJN (OPPTJN_ID,K_OPPTJN_T,PERSON_ID_OPPTJN,PERSON_ID_OMSORG,K_KILDE_T,K_OPPTJN_STATUS,INNTEKT_ID,FIL_ID_FK,OPPTJN_AR,PGI_ANVENDT,POENG,MAX_UFOREGRAD,VERSJON,DATO_OPPRETTET,OPPRETTET_AV,DATO_ENDRET,ENDRET_AV,KONV_FJERNING_KODE,PI_RAPPDATO,OMSORG_ID) VALUES ('543619641','PPI','22489254',null,'PEN','G','585545964',null,'1977','64330','3,81',null,'0','2020-08-05 15:25:06','srvpensjon','2020-08-05 15:25:06','srvpensjon',null,null,null);
INSERT INTO T_OPPTJN (OPPTJN_ID,K_OPPTJN_T,PERSON_ID_OPPTJN,PERSON_ID_OMSORG,K_KILDE_T,K_OPPTJN_STATUS,INNTEKT_ID,FIL_ID_FK,OPPTJN_AR,PGI_ANVENDT,POENG,MAX_UFOREGRAD,VERSJON,DATO_OPPRETTET,OPPRETTET_AV,DATO_ENDRET,ENDRET_AV,KONV_FJERNING_KODE,PI_RAPPDATO,OMSORG_ID) VALUES ('543619647','PPI','22489254',null,'PEN','G','585545970',null,'1983','107351','3,81',null,'0','2020-08-05 15:25:07','srvpensjon','2020-08-05 15:25:07','srvpensjon',null,null,null);
INSERT INTO T_OPPTJN (OPPTJN_ID,K_OPPTJN_T,PERSON_ID_OPPTJN,PERSON_ID_OMSORG,K_KILDE_T,K_OPPTJN_STATUS,INNTEKT_ID,FIL_ID_FK,OPPTJN_AR,PGI_ANVENDT,POENG,MAX_UFOREGRAD,VERSJON,DATO_OPPRETTET,OPPRETTET_AV,DATO_ENDRET,ENDRET_AV,KONV_FJERNING_KODE,PI_RAPPDATO,OMSORG_ID) VALUES ('543619675','PPI','22489254',null,'PEN','G','585545998',null,'2011','375048','3,81',null,'0','2020-08-05 15:25:15','srvpensjon','2020-08-05 15:25:15','srvpensjon',null,null,null);
INSERT INTO T_OPPTJN (OPPTJN_ID,K_OPPTJN_T,PERSON_ID_OPPTJN,PERSON_ID_OMSORG,K_KILDE_T,K_OPPTJN_STATUS,INNTEKT_ID,FIL_ID_FK,OPPTJN_AR,PGI_ANVENDT,POENG,MAX_UFOREGRAD,VERSJON,DATO_OPPRETTET,OPPRETTET_AV,DATO_ENDRET,ENDRET_AV,KONV_FJERNING_KODE,PI_RAPPDATO,OMSORG_ID) VALUES ('543619513','PPI','22489254',null,'PEN','G','585545836',null,'1980','79952','3,81',null,'0','2020-08-05 15:25:06','srvpensjon','2020-08-05 15:25:06','srvpensjon',null,null,null);
INSERT INTO T_OPPTJN (OPPTJN_ID,K_OPPTJN_T,PERSON_ID_OPPTJN,PERSON_ID_OMSORG,K_KILDE_T,K_OPPTJN_STATUS,INNTEKT_ID,FIL_ID_FK,OPPTJN_AR,PGI_ANVENDT,POENG,MAX_UFOREGRAD,VERSJON,DATO_OPPRETTET,OPPRETTET_AV,DATO_ENDRET,ENDRET_AV,KONV_FJERNING_KODE,PI_RAPPDATO,OMSORG_ID) VALUES ('543619663','PPI','22489254',null,'PEN','G','585545986',null,'1999','223147','3,81',null,'0','2020-08-05 15:25:12','srvpensjon','2020-08-05 15:25:12','srvpensjon',null,null,null);
INSERT INTO T_OPPTJN (OPPTJN_ID,K_OPPTJN_T,PERSON_ID_OPPTJN,PERSON_ID_OMSORG,K_KILDE_T,K_OPPTJN_STATUS,INNTEKT_ID,FIL_ID_FK,OPPTJN_AR,PGI_ANVENDT,POENG,MAX_UFOREGRAD,VERSJON,DATO_OPPRETTET,OPPRETTET_AV,DATO_ENDRET,ENDRET_AV,KONV_FJERNING_KODE,PI_RAPPDATO,OMSORG_ID) VALUES ('543619677','PPI','22489254',null,'PEN','G','585546000',null,'2013','404754','3,81',null,'0','2020-08-05 15:25:15','srvpensjon','2020-08-05 15:25:15','srvpensjon',null,null,null);
INSERT INTO T_OPPTJN (OPPTJN_ID,K_OPPTJN_T,PERSON_ID_OPPTJN,PERSON_ID_OMSORG,K_KILDE_T,K_OPPTJN_STATUS,INNTEKT_ID,FIL_ID_FK,OPPTJN_AR,PGI_ANVENDT,POENG,MAX_UFOREGRAD,VERSJON,DATO_OPPRETTET,OPPRETTET_AV,DATO_ENDRET,ENDRET_AV,KONV_FJERNING_KODE,PI_RAPPDATO,OMSORG_ID) VALUES ('543619517','PPI','22489254',null,'PEN','G','585545840',null,'1984','113763','3,81',null,'0','2020-08-05 15:25:07','srvpensjon','2020-08-05 15:25:07','srvpensjon',null,null,null);
INSERT INTO T_OPPTJN (OPPTJN_ID,K_OPPTJN_T,PERSON_ID_OPPTJN,PERSON_ID_OMSORG,K_KILDE_T,K_OPPTJN_STATUS,INNTEKT_ID,FIL_ID_FK,OPPTJN_AR,PGI_ANVENDT,POENG,MAX_UFOREGRAD,VERSJON,DATO_OPPRETTET,OPPRETTET_AV,DATO_ENDRET,ENDRET_AV,KONV_FJERNING_KODE,PI_RAPPDATO,OMSORG_ID) VALUES ('543619533','PPI','22489254',null,'PEN','G','585545856',null,'2000','232540','3,81',null,'0','2020-08-05 15:25:12','srvpensjon','2020-08-05 15:25:12','srvpensjon',null,null,null);
INSERT INTO T_OPPTJN (OPPTJN_ID,K_OPPTJN_T,PERSON_ID_OPPTJN,PERSON_ID_OMSORG,K_KILDE_T,K_OPPTJN_STATUS,INNTEKT_ID,FIL_ID_FK,OPPTJN_AR,PGI_ANVENDT,POENG,MAX_UFOREGRAD,VERSJON,DATO_OPPRETTET,OPPRETTET_AV,DATO_ENDRET,ENDRET_AV,KONV_FJERNING_KODE,PI_RAPPDATO,OMSORG_ID) VALUES ('543619435','PPI','22489254',null,'PEN','G','585545758',null,'1971','35571','3,81',null,'0','2020-08-05 15:25:04','srvpensjon','2020-08-05 15:25:04','srvpensjon',null,null,null);
INSERT INTO T_OPPTJN (OPPTJN_ID,K_OPPTJN_T,PERSON_ID_OPPTJN,PERSON_ID_OMSORG,K_KILDE_T,K_OPPTJN_STATUS,INNTEKT_ID,FIL_ID_FK,OPPTJN_AR,PGI_ANVENDT,POENG,MAX_UFOREGRAD,VERSJON,DATO_OPPRETTET,OPPRETTET_AV,DATO_ENDRET,ENDRET_AV,KONV_FJERNING_KODE,PI_RAPPDATO,OMSORG_ID) VALUES ('543619637','PPI','22489254',null,'PEN','G','585545960',null,'1973','40858','3,81',null,'0','2020-08-05 15:25:05','srvpensjon','2020-08-05 15:25:05','srvpensjon',null,null,null);
INSERT INTO T_OPPTJN (OPPTJN_ID,K_OPPTJN_T,PERSON_ID_OPPTJN,PERSON_ID_OMSORG,K_KILDE_T,K_OPPTJN_STATUS,INNTEKT_ID,FIL_ID_FK,OPPTJN_AR,PGI_ANVENDT,POENG,MAX_UFOREGRAD,VERSJON,DATO_OPPRETTET,OPPRETTET_AV,DATO_ENDRET,ENDRET_AV,KONV_FJERNING_KODE,PI_RAPPDATO,OMSORG_ID) VALUES ('543619649','PPI','22489254',null,'PEN','G','585545972',null,'1985','121771','3,81',null,'0','2020-08-05 15:25:07','srvpensjon','2020-08-05 15:25:07','srvpensjon',null,null,null);
INSERT INTO T_OPPTJN (OPPTJN_ID,K_OPPTJN_T,PERSON_ID_OPPTJN,PERSON_ID_OMSORG,K_KILDE_T,K_OPPTJN_STATUS,INNTEKT_ID,FIL_ID_FK,OPPTJN_AR,PGI_ANVENDT,POENG,MAX_UFOREGRAD,VERSJON,DATO_OPPRETTET,OPPRETTET_AV,DATO_ENDRET,ENDRET_AV,KONV_FJERNING_KODE,PI_RAPPDATO,OMSORG_ID) VALUES ('543619655','PPI','22489254',null,'PEN','G','585545978',null,'1991','168398','3,81',null,'0','2020-08-05 15:25:09','srvpensjon','2020-08-05 15:25:09','srvpensjon',null,null,null);
INSERT INTO T_OPPTJN (OPPTJN_ID,K_OPPTJN_T,PERSON_ID_OPPTJN,PERSON_ID_OMSORG,K_KILDE_T,K_OPPTJN_STATUS,INNTEKT_ID,FIL_ID_FK,OPPTJN_AR,PGI_ANVENDT,POENG,MAX_UFOREGRAD,VERSJON,DATO_OPPRETTET,OPPRETTET_AV,DATO_ENDRET,ENDRET_AV,KONV_FJERNING_KODE,PI_RAPPDATO,OMSORG_ID) VALUES ('543619657','PPI','22489254',null,'PEN','G','585545980',null,'1993','178011','3,81',null,'0','2020-08-05 15:25:10','srvpensjon','2020-08-05 15:25:10','srvpensjon',null,null,null);
INSERT INTO T_OPPTJN (OPPTJN_ID,K_OPPTJN_T,PERSON_ID_OPPTJN,PERSON_ID_OMSORG,K_KILDE_T,K_OPPTJN_STATUS,INNTEKT_ID,FIL_ID_FK,OPPTJN_AR,PGI_ANVENDT,POENG,MAX_UFOREGRAD,VERSJON,DATO_OPPRETTET,OPPRETTET_AV,DATO_ENDRET,ENDRET_AV,KONV_FJERNING_KODE,PI_RAPPDATO,OMSORG_ID) VALUES ('543619665','PPI','22489254',null,'PEN','G','585545988',null,'2001','243240','3,81',null,'0','2020-08-05 15:25:12','srvpensjon','2020-08-05 15:25:12','srvpensjon',null,null,null);
INSERT INTO T_OPPTJN (OPPTJN_ID,K_OPPTJN_T,PERSON_ID_OPPTJN,PERSON_ID_OMSORG,K_KILDE_T,K_OPPTJN_STATUS,INNTEKT_ID,FIL_ID_FK,OPPTJN_AR,PGI_ANVENDT,POENG,MAX_UFOREGRAD,VERSJON,DATO_OPPRETTET,OPPRETTET_AV,DATO_ENDRET,ENDRET_AV,KONV_FJERNING_KODE,PI_RAPPDATO,OMSORG_ID) VALUES ('543619669','PPI','22489254',null,'PEN','G','585545992',null,'2005','288693','3,81',null,'0','2020-08-05 15:25:13','srvpensjon','2020-08-05 15:25:13','srvpensjon',null,null,null);
INSERT INTO T_OPPTJN (OPPTJN_ID,K_OPPTJN_T,PERSON_ID_OPPTJN,PERSON_ID_OMSORG,K_KILDE_T,K_OPPTJN_STATUS,INNTEKT_ID,FIL_ID_FK,OPPTJN_AR,PGI_ANVENDT,POENG,MAX_UFOREGRAD,VERSJON,DATO_OPPRETTET,OPPRETTET_AV,DATO_ENDRET,ENDRET_AV,KONV_FJERNING_KODE,PI_RAPPDATO,OMSORG_ID) VALUES ('543619673','PPI','22489254',null,'PEN','G','585545996',null,'2009','346120','3,81',null,'0','2020-08-05 15:25:14','srvpensjon','2020-08-05 15:25:14','srvpensjon',null,null,null);
INSERT INTO T_OPPTJN (OPPTJN_ID,K_OPPTJN_T,PERSON_ID_OPPTJN,PERSON_ID_OMSORG,K_KILDE_T,K_OPPTJN_STATUS,INNTEKT_ID,FIL_ID_FK,OPPTJN_AR,PGI_ANVENDT,POENG,MAX_UFOREGRAD,VERSJON,DATO_OPPRETTET,OPPRETTET_AV,DATO_ENDRET,ENDRET_AV,KONV_FJERNING_KODE,PI_RAPPDATO,OMSORG_ID) VALUES ('543619507','PPI','22489254',null,'PEN','G','585545830',null,'1974','45823','3,81',null,'0','2020-08-05 15:25:05','srvpensjon','2020-08-05 15:25:05','srvpensjon',null,null,null);
INSERT INTO T_OPPTJN (OPPTJN_ID,K_OPPTJN_T,PERSON_ID_OPPTJN,PERSON_ID_OMSORG,K_KILDE_T,K_OPPTJN_STATUS,INNTEKT_ID,FIL_ID_FK,OPPTJN_AR,PGI_ANVENDT,POENG,MAX_UFOREGRAD,VERSJON,DATO_OPPRETTET,OPPRETTET_AV,DATO_ENDRET,ENDRET_AV,KONV_FJERNING_KODE,PI_RAPPDATO,OMSORG_ID) VALUES ('543619521','PPI','22489254',null,'PEN','G','585545844',null,'1988','148291','3,81',null,'0','2020-08-05 15:25:08','srvpensjon','2020-08-05 15:25:08','srvpensjon',null,null,null);
INSERT INTO T_OPPTJN (OPPTJN_ID,K_OPPTJN_T,PERSON_ID_OPPTJN,PERSON_ID_OMSORG,K_KILDE_T,K_OPPTJN_STATUS,INNTEKT_ID,FIL_ID_FK,OPPTJN_AR,PGI_ANVENDT,POENG,MAX_UFOREGRAD,VERSJON,DATO_OPPRETTET,OPPRETTET_AV,DATO_ENDRET,ENDRET_AV,KONV_FJERNING_KODE,PI_RAPPDATO,OMSORG_ID) VALUES ('543619523','PPI','22489254',null,'PEN','G','585545846',null,'1990','161389','3,81',null,'0','2020-08-05 15:25:09','srvpensjon','2020-08-05 15:25:09','srvpensjon',null,null,null);
INSERT INTO T_OPPTJN (OPPTJN_ID,K_OPPTJN_T,PERSON_ID_OPPTJN,PERSON_ID_OMSORG,K_KILDE_T,K_OPPTJN_STATUS,INNTEKT_ID,FIL_ID_FK,OPPTJN_AR,PGI_ANVENDT,POENG,MAX_UFOREGRAD,VERSJON,DATO_OPPRETTET,OPPRETTET_AV,DATO_ENDRET,ENDRET_AV,KONV_FJERNING_KODE,PI_RAPPDATO,OMSORG_ID) VALUES ('543619537','PPI','22489254',null,'PEN','G','585545860',null,'2004','279464','3,81',null,'0','2020-08-05 15:25:13','srvpensjon','2020-08-05 15:25:13','srvpensjon',null,null,null);
INSERT INTO T_OPPTJN_RP_KOMP (OPPTJN_RP_KOMP_ID,OPPTJN_ID,RP_KOMP_ID,VERSJON,DATO_OPPRETTET,OPPRETTET_AV,DATO_ENDRET,ENDRET_AV) VALUES ('580555129','543619651','226627812','0','2020-08-07 11:46:54','z992334','2020-08-07 11:46:54','z992334');
INSERT INTO T_OPPTJN_RP_KOMP (OPPTJN_RP_KOMP_ID,OPPTJN_ID,RP_KOMP_ID,VERSJON,DATO_OPPRETTET,OPPRETTET_AV,DATO_ENDRET,ENDRET_AV) VALUES ('580555132','543619661','226627812','0','2020-08-07 11:46:54','z992334','2020-08-07 11:46:54','z992334');
INSERT INTO T_OPPTJN_RP_KOMP (OPPTJN_RP_KOMP_ID,OPPTJN_ID,RP_KOMP_ID,VERSJON,DATO_OPPRETTET,OPPRETTET_AV,DATO_ENDRET,ENDRET_AV) VALUES ('580555134','543619513','226627812','0','2020-08-07 11:46:54','z992334','2020-08-07 11:46:54','z992334');
INSERT INTO T_OPPTJN_RP_KOMP (OPPTJN_RP_KOMP_ID,OPPTJN_ID,RP_KOMP_ID,VERSJON,DATO_OPPRETTET,OPPRETTET_AV,DATO_ENDRET,ENDRET_AV) VALUES ('580555113','543619525','226627812','0','2020-08-07 11:46:54','z992334','2020-08-07 11:46:54','z992334');
INSERT INTO T_OPPTJN_RP_KOMP (OPPTJN_RP_KOMP_ID,OPPTJN_ID,RP_KOMP_ID,VERSJON,DATO_OPPRETTET,OPPRETTET_AV,DATO_ENDRET,ENDRET_AV) VALUES ('580555109','543619547','226627812','0','2020-08-07 11:46:54','z992334','2020-08-07 11:46:54','z992334');
INSERT INTO T_OPPTJN_RP_KOMP (OPPTJN_RP_KOMP_ID,OPPTJN_ID,RP_KOMP_ID,VERSJON,DATO_OPPRETTET,OPPRETTET_AV,DATO_ENDRET,ENDRET_AV) VALUES ('580555141','543619549','226627812','0','2020-08-07 11:46:54','z992334','2020-08-07 11:46:54','z992334');
INSERT INTO T_OPPTJN_RP_KOMP (OPPTJN_RP_KOMP_ID,OPPTJN_ID,RP_KOMP_ID,VERSJON,DATO_OPPRETTET,OPPRETTET_AV,DATO_ENDRET,ENDRET_AV) VALUES ('580555145','543619657','226627812','0','2020-08-07 11:46:54','z992334','2020-08-07 11:46:54','z992334');
INSERT INTO T_OPPTJN_RP_KOMP (OPPTJN_RP_KOMP_ID,OPPTJN_ID,RP_KOMP_ID,VERSJON,DATO_OPPRETTET,OPPRETTET_AV,DATO_ENDRET,ENDRET_AV) VALUES ('580555124','543619535','226627812','0','2020-08-07 11:46:54','z992334','2020-08-07 11:46:54','z992334');
INSERT INTO T_OPPTJN_RP_KOMP (OPPTJN_RP_KOMP_ID,OPPTJN_ID,RP_KOMP_ID,VERSJON,DATO_OPPRETTET,OPPRETTET_AV,DATO_ENDRET,ENDRET_AV) VALUES ('580555149','543619541','226627812','0','2020-08-07 11:46:54','z992334','2020-08-07 11:46:54','z992334');
INSERT INTO T_OPPTJN_RP_KOMP (OPPTJN_RP_KOMP_ID,OPPTJN_ID,RP_KOMP_ID,VERSJON,DATO_OPPRETTET,OPPRETTET_AV,DATO_ENDRET,ENDRET_AV) VALUES ('580555146','543619545','226627812','0','2020-08-07 11:46:54','z992334','2020-08-07 11:46:54','z992334');
INSERT INTO T_OPPTJN_RP_KOMP (OPPTJN_RP_KOMP_ID,OPPTJN_ID,RP_KOMP_ID,VERSJON,DATO_OPPRETTET,OPPRETTET_AV,DATO_ENDRET,ENDRET_AV) VALUES ('580555123','543619505','226627812','0','2020-08-07 11:46:54','z992334','2020-08-07 11:46:54','z992334');
INSERT INTO T_OPPTJN_RP_KOMP (OPPTJN_RP_KOMP_ID,OPPTJN_ID,RP_KOMP_ID,VERSJON,DATO_OPPRETTET,OPPRETTET_AV,DATO_ENDRET,ENDRET_AV) VALUES ('580555117','543619507','226627812','0','2020-08-07 11:46:54','z992334','2020-08-07 11:46:54','z992334');
INSERT INTO T_OPPTJN_RP_KOMP (OPPTJN_RP_KOMP_ID,OPPTJN_ID,RP_KOMP_ID,VERSJON,DATO_OPPRETTET,OPPRETTET_AV,DATO_ENDRET,ENDRET_AV) VALUES ('580555128','543619529','226627812','0','2020-08-07 11:46:54','z992334','2020-08-07 11:46:54','z992334');
INSERT INTO T_OPPTJN_RP_KOMP (OPPTJN_RP_KOMP_ID,OPPTJN_ID,RP_KOMP_ID,VERSJON,DATO_OPPRETTET,OPPRETTET_AV,DATO_ENDRET,ENDRET_AV) VALUES ('580555138','543619533','226627812','0','2020-08-07 11:46:54','z992334','2020-08-07 11:46:54','z992334');
INSERT INTO T_OPPTJN_RP_KOMP (OPPTJN_RP_KOMP_ID,OPPTJN_ID,RP_KOMP_ID,VERSJON,DATO_OPPRETTET,OPPRETTET_AV,DATO_ENDRET,ENDRET_AV) VALUES ('580555130','543619551','226627812','0','2020-08-07 11:46:54','z992334','2020-08-07 11:46:54','z992334');
INSERT INTO T_OPPTJN_RP_KOMP (OPPTJN_RP_KOMP_ID,OPPTJN_ID,RP_KOMP_ID,VERSJON,DATO_OPPRETTET,OPPRETTET_AV,DATO_ENDRET,ENDRET_AV) VALUES ('580555114','543619435','226627812','0','2020-08-07 11:46:54','z992334','2020-08-07 11:46:54','z992334');
INSERT INTO T_OPPTJN_RP_KOMP (OPPTJN_RP_KOMP_ID,OPPTJN_ID,RP_KOMP_ID,VERSJON,DATO_OPPRETTET,OPPRETTET_AV,DATO_ENDRET,ENDRET_AV) VALUES ('580555154','543619641','226627812','0','2020-08-07 11:46:54','z992334','2020-08-07 11:46:54','z992334');
INSERT INTO T_OPPTJN_RP_KOMP (OPPTJN_RP_KOMP_ID,OPPTJN_ID,RP_KOMP_ID,VERSJON,DATO_OPPRETTET,OPPRETTET_AV,DATO_ENDRET,ENDRET_AV) VALUES ('580555139','543619655','226627812','0','2020-08-07 11:46:54','z992334','2020-08-07 11:46:54','z992334');
INSERT INTO T_OPPTJN_RP_KOMP (OPPTJN_RP_KOMP_ID,OPPTJN_ID,RP_KOMP_ID,VERSJON,DATO_OPPRETTET,OPPRETTET_AV,DATO_ENDRET,ENDRET_AV) VALUES ('580555133','543619667','226627812','0','2020-08-07 11:46:54','z992334','2020-08-07 11:46:54','z992334');
INSERT INTO T_OPPTJN_RP_KOMP (OPPTJN_RP_KOMP_ID,OPPTJN_ID,RP_KOMP_ID,VERSJON,DATO_OPPRETTET,OPPRETTET_AV,DATO_ENDRET,ENDRET_AV) VALUES ('580555135','543619515','226627812','0','2020-08-07 11:46:54','z992334','2020-08-07 11:46:54','z992334');
INSERT INTO T_OPPTJN_RP_KOMP (OPPTJN_RP_KOMP_ID,OPPTJN_ID,RP_KOMP_ID,VERSJON,DATO_OPPRETTET,OPPRETTET_AV,DATO_ENDRET,ENDRET_AV) VALUES ('580555140','543619517','226627812','0','2020-08-07 11:46:54','z992334','2020-08-07 11:46:54','z992334');
INSERT INTO T_OPPTJN_RP_KOMP (OPPTJN_RP_KOMP_ID,OPPTJN_ID,RP_KOMP_ID,VERSJON,DATO_OPPRETTET,OPPRETTET_AV,DATO_ENDRET,ENDRET_AV) VALUES ('580555137','543619521','226627812','0','2020-08-07 11:46:54','z992334','2020-08-07 11:46:54','z992334');
INSERT INTO T_OPPTJN_RP_KOMP (OPPTJN_RP_KOMP_ID,OPPTJN_ID,RP_KOMP_ID,VERSJON,DATO_OPPRETTET,OPPRETTET_AV,DATO_ENDRET,ENDRET_AV) VALUES ('580555111','543619523','226627812','0','2020-08-07 11:46:54','z992334','2020-08-07 11:46:54','z992334');
INSERT INTO T_OPPTJN_RP_KOMP (OPPTJN_RP_KOMP_ID,OPPTJN_ID,RP_KOMP_ID,VERSJON,DATO_OPPRETTET,OPPRETTET_AV,DATO_ENDRET,ENDRET_AV) VALUES ('580555107','543619539','226627812','0','2020-08-07 11:46:54','z992334','2020-08-07 11:46:54','z992334');
INSERT INTO T_OPPTJN_RP_KOMP (OPPTJN_RP_KOMP_ID,OPPTJN_ID,RP_KOMP_ID,VERSJON,DATO_OPPRETTET,OPPRETTET_AV,DATO_ENDRET,ENDRET_AV) VALUES ('580555152','543619543','226627812','0','2020-08-07 11:46:54','z992334','2020-08-07 11:46:54','z992334');
INSERT INTO T_OPPTJN_RP_KOMP (OPPTJN_RP_KOMP_ID,OPPTJN_ID,RP_KOMP_ID,VERSJON,DATO_OPPRETTET,OPPRETTET_AV,DATO_ENDRET,ENDRET_AV) VALUES ('580555144','543619637','226627812','0','2020-08-07 11:46:54','z992334','2020-08-07 11:46:54','z992334');
INSERT INTO T_OPPTJN_RP_KOMP (OPPTJN_RP_KOMP_ID,OPPTJN_ID,RP_KOMP_ID,VERSJON,DATO_OPPRETTET,OPPRETTET_AV,DATO_ENDRET,ENDRET_AV) VALUES ('580555147','543619665','226627812','0','2020-08-07 11:46:54','z992334','2020-08-07 11:46:54','z992334');
INSERT INTO T_OPPTJN_RP_KOMP (OPPTJN_RP_KOMP_ID,OPPTJN_ID,RP_KOMP_ID,VERSJON,DATO_OPPRETTET,OPPRETTET_AV,DATO_ENDRET,ENDRET_AV) VALUES ('580555115','543619671','226627812','0','2020-08-07 11:46:54','z992334','2020-08-07 11:46:54','z992334');
INSERT INTO T_OPPTJN_RP_KOMP (OPPTJN_RP_KOMP_ID,OPPTJN_ID,RP_KOMP_ID,VERSJON,DATO_OPPRETTET,OPPRETTET_AV,DATO_ENDRET,ENDRET_AV) VALUES ('580555148','543619675','226627812','0','2020-08-07 11:46:54','z992334','2020-08-07 11:46:54','z992334');
INSERT INTO T_OPPTJN_RP_KOMP (OPPTJN_RP_KOMP_ID,OPPTJN_ID,RP_KOMP_ID,VERSJON,DATO_OPPRETTET,OPPRETTET_AV,DATO_ENDRET,ENDRET_AV) VALUES ('580555143','543619679','226627812','0','2020-08-07 11:46:54','z992334','2020-08-07 11:46:54','z992334');
INSERT INTO T_OPPTJN_RP_KOMP (OPPTJN_RP_KOMP_ID,OPPTJN_ID,RP_KOMP_ID,VERSJON,DATO_OPPRETTET,OPPRETTET_AV,DATO_ENDRET,ENDRET_AV) VALUES ('580555122','543619647','226627812','0','2020-08-07 11:46:54','z992334','2020-08-07 11:46:54','z992334');
INSERT INTO T_OPPTJN_RP_KOMP (OPPTJN_RP_KOMP_ID,OPPTJN_ID,RP_KOMP_ID,VERSJON,DATO_OPPRETTET,OPPRETTET_AV,DATO_ENDRET,ENDRET_AV) VALUES ('580555127','543619653','226627812','0','2020-08-07 11:46:54','z992334','2020-08-07 11:46:54','z992334');
INSERT INTO T_OPPTJN_RP_KOMP (OPPTJN_RP_KOMP_ID,OPPTJN_ID,RP_KOMP_ID,VERSJON,DATO_OPPRETTET,OPPRETTET_AV,DATO_ENDRET,ENDRET_AV) VALUES ('580555121','543619659','226627812','0','2020-08-07 11:46:54','z992334','2020-08-07 11:46:54','z992334');
INSERT INTO T_OPPTJN_RP_KOMP (OPPTJN_RP_KOMP_ID,OPPTJN_ID,RP_KOMP_ID,VERSJON,DATO_OPPRETTET,OPPRETTET_AV,DATO_ENDRET,ENDRET_AV) VALUES ('580555125','543619663','226627812','0','2020-08-07 11:46:54','z992334','2020-08-07 11:46:54','z992334');
INSERT INTO T_OPPTJN_RP_KOMP (OPPTJN_RP_KOMP_ID,OPPTJN_ID,RP_KOMP_ID,VERSJON,DATO_OPPRETTET,OPPRETTET_AV,DATO_ENDRET,ENDRET_AV) VALUES ('580555119','543619669','226627812','0','2020-08-07 11:46:54','z992334','2020-08-07 11:46:54','z992334');
INSERT INTO T_OPPTJN_RP_KOMP (OPPTJN_RP_KOMP_ID,OPPTJN_ID,RP_KOMP_ID,VERSJON,DATO_OPPRETTET,OPPRETTET_AV,DATO_ENDRET,ENDRET_AV) VALUES ('580555151','543619681','226627812','0','2020-08-07 11:46:54','z992334','2020-08-07 11:46:54','z992334');
INSERT INTO T_OPPTJN_RP_KOMP (OPPTJN_RP_KOMP_ID,OPPTJN_ID,RP_KOMP_ID,VERSJON,DATO_OPPRETTET,OPPRETTET_AV,DATO_ENDRET,ENDRET_AV) VALUES ('580555108','543619509','226627812','0','2020-08-07 11:46:54','z992334','2020-08-07 11:46:54','z992334');
INSERT INTO T_OPPTJN_RP_KOMP (OPPTJN_RP_KOMP_ID,OPPTJN_ID,RP_KOMP_ID,VERSJON,DATO_OPPRETTET,OPPRETTET_AV,DATO_ENDRET,ENDRET_AV) VALUES ('580555110','543619519','226627812','0','2020-08-07 11:46:54','z992334','2020-08-07 11:46:54','z992334');
INSERT INTO T_OPPTJN_RP_KOMP (OPPTJN_RP_KOMP_ID,OPPTJN_ID,RP_KOMP_ID,VERSJON,DATO_OPPRETTET,OPPRETTET_AV,DATO_ENDRET,ENDRET_AV) VALUES ('580555131','543619537','226627812','0','2020-08-07 11:46:54','z992334','2020-08-07 11:46:54','z992334');
INSERT INTO T_OPPTJN_RP_KOMP (OPPTJN_RP_KOMP_ID,OPPTJN_ID,RP_KOMP_ID,VERSJON,DATO_OPPRETTET,OPPRETTET_AV,DATO_ENDRET,ENDRET_AV) VALUES ('580555120','543619639','226627812','0','2020-08-07 11:46:54','z992334','2020-08-07 11:46:54','z992334');
INSERT INTO T_OPPTJN_RP_KOMP (OPPTJN_RP_KOMP_ID,OPPTJN_ID,RP_KOMP_ID,VERSJON,DATO_OPPRETTET,OPPRETTET_AV,DATO_ENDRET,ENDRET_AV) VALUES ('580555150','543619645','226627812','0','2020-08-07 11:46:54','z992334','2020-08-07 11:46:54','z992334');
INSERT INTO T_OPPTJN_RP_KOMP (OPPTJN_RP_KOMP_ID,OPPTJN_ID,RP_KOMP_ID,VERSJON,DATO_OPPRETTET,OPPRETTET_AV,DATO_ENDRET,ENDRET_AV) VALUES ('580555112','543619527','226627812','0','2020-08-07 11:46:54','z992334','2020-08-07 11:46:54','z992334');
INSERT INTO T_OPPTJN_RP_KOMP (OPPTJN_RP_KOMP_ID,OPPTJN_ID,RP_KOMP_ID,VERSJON,DATO_OPPRETTET,OPPRETTET_AV,DATO_ENDRET,ENDRET_AV) VALUES ('580555126','543619643','226627812','0','2020-08-07 11:46:54','z992334','2020-08-07 11:46:54','z992334');
INSERT INTO T_OPPTJN_RP_KOMP (OPPTJN_RP_KOMP_ID,OPPTJN_ID,RP_KOMP_ID,VERSJON,DATO_OPPRETTET,OPPRETTET_AV,DATO_ENDRET,ENDRET_AV) VALUES ('580555118','543619649','226627812','0','2020-08-07 11:46:54','z992334','2020-08-07 11:46:54','z992334');
INSERT INTO T_OPPTJN_RP_KOMP (OPPTJN_RP_KOMP_ID,OPPTJN_ID,RP_KOMP_ID,VERSJON,DATO_OPPRETTET,OPPRETTET_AV,DATO_ENDRET,ENDRET_AV) VALUES ('580555116','543619673','226627812','0','2020-08-07 11:46:54','z992334','2020-08-07 11:46:54','z992334');
INSERT INTO T_OPPTJN_RP_KOMP (OPPTJN_RP_KOMP_ID,OPPTJN_ID,RP_KOMP_ID,VERSJON,DATO_OPPRETTET,OPPRETTET_AV,DATO_ENDRET,ENDRET_AV) VALUES ('580555153','543619677','226627812','0','2020-08-07 11:46:54','z992334','2020-08-07 11:46:54','z992334');
INSERT INTO T_OPPTJN_RP_KOMP (OPPTJN_RP_KOMP_ID,OPPTJN_ID,RP_KOMP_ID,VERSJON,DATO_OPPRETTET,OPPRETTET_AV,DATO_ENDRET,ENDRET_AV) VALUES ('580555142','543619511','226627812','0','2020-08-07 11:46:54','z992334','2020-08-07 11:46:54','z992334');
INSERT INTO T_OPPTJN_RP_KOMP (OPPTJN_RP_KOMP_ID,OPPTJN_ID,RP_KOMP_ID,VERSJON,DATO_OPPRETTET,OPPRETTET_AV,DATO_ENDRET,ENDRET_AV) VALUES ('580555136','543619531','226627812','0','2020-08-07 11:46:54','z992334','2020-08-07 11:46:54','z992334');
INSERT INTO T_ENDR_OPPTJN_GRL (ENDR_OPPTJN_GRL_ID,OPPTJN_AR,NY_GRL_ID,UGYLDIG_GRL_ID,STATUS,K_GRUNNLAG_T,PERSON_ID,VERSJON,DATO_OPPRETTET,OPPRETTET_AV,DATO_ENDRET,ENDRET_AV) VALUES ('232604766','2008','585545864',null,null,'INNTEKT','22489254','0','2020-08-05 15:25:14','srvpensjon','2020-08-05 15:25:14','srvpensjon');
INSERT INTO T_ENDR_OPPTJN_GRL (ENDR_OPPTJN_GRL_ID,OPPTJN_AR,NY_GRL_ID,UGYLDIG_GRL_ID,STATUS,K_GRUNNLAG_T,PERSON_ID,VERSJON,DATO_OPPRETTET,OPPRETTET_AV,DATO_ENDRET,ENDRET_AV) VALUES ('232604768','2010','585545866',null,null,'INNTEKT','22489254','0','2020-08-05 15:25:14','srvpensjon','2020-08-05 15:25:14','srvpensjon');
INSERT INTO T_ENDR_OPPTJN_GRL (ENDR_OPPTJN_GRL_ID,OPPTJN_AR,NY_GRL_ID,UGYLDIG_GRL_ID,STATUS,K_GRUNNLAG_T,PERSON_ID,VERSJON,DATO_OPPRETTET,OPPRETTET_AV,DATO_ENDRET,ENDRET_AV) VALUES ('232604776','2018','585545874',null,null,'INNTEKT','22489254','0','2020-08-05 15:25:17','srvpensjon','2020-08-05 15:25:17','srvpensjon');
INSERT INTO T_ENDR_OPPTJN_GRL (ENDR_OPPTJN_GRL_ID,OPPTJN_AR,NY_GRL_ID,UGYLDIG_GRL_ID,STATUS,K_GRUNNLAG_T,PERSON_ID,VERSJON,DATO_OPPRETTET,OPPRETTET_AV,DATO_ENDRET,ENDRET_AV) VALUES ('232604558','1973','585545960',null,null,'INNTEKT','22489254','0','2020-08-05 15:25:05','srvpensjon','2020-08-05 15:25:05','srvpensjon');
INSERT INTO T_ENDR_OPPTJN_GRL (ENDR_OPPTJN_GRL_ID,OPPTJN_AR,NY_GRL_ID,UGYLDIG_GRL_ID,STATUS,K_GRUNNLAG_T,PERSON_ID,VERSJON,DATO_OPPRETTET,OPPRETTET_AV,DATO_ENDRET,ENDRET_AV) VALUES ('232604576','1991','585545978',null,null,'INNTEKT','22489254','0','2020-08-05 15:25:09','srvpensjon','2020-08-05 15:25:09','srvpensjon');
INSERT INTO T_ENDR_OPPTJN_GRL (ENDR_OPPTJN_GRL_ID,OPPTJN_AR,NY_GRL_ID,UGYLDIG_GRL_ID,STATUS,K_GRUNNLAG_T,PERSON_ID,VERSJON,DATO_OPPRETTET,OPPRETTET_AV,DATO_ENDRET,ENDRET_AV) VALUES ('232604578','1993','585545980',null,null,'INNTEKT','22489254','0','2020-08-05 15:25:10','srvpensjon','2020-08-05 15:25:10','srvpensjon');
INSERT INTO T_ENDR_OPPTJN_GRL (ENDR_OPPTJN_GRL_ID,OPPTJN_AR,NY_GRL_ID,UGYLDIG_GRL_ID,STATUS,K_GRUNNLAG_T,PERSON_ID,VERSJON,DATO_OPPRETTET,OPPRETTET_AV,DATO_ENDRET,ENDRET_AV) VALUES ('232604600','2015','585546002',null,null,'INNTEKT','22489254','0','2020-08-05 15:25:16','srvpensjon','2020-08-05 15:25:16','srvpensjon');
INSERT INTO T_ENDR_OPPTJN_GRL (ENDR_OPPTJN_GRL_ID,OPPTJN_AR,NY_GRL_ID,UGYLDIG_GRL_ID,STATUS,K_GRUNNLAG_T,PERSON_ID,VERSJON,DATO_OPPRETTET,OPPRETTET_AV,DATO_ENDRET,ENDRET_AV) VALUES ('232604550','1992','585545848',null,null,'INNTEKT','22489254','0','2020-08-05 15:25:09','srvpensjon','2020-08-05 15:25:09','srvpensjon');
INSERT INTO T_ENDR_OPPTJN_GRL (ENDR_OPPTJN_GRL_ID,OPPTJN_AR,NY_GRL_ID,UGYLDIG_GRL_ID,STATUS,K_GRUNNLAG_T,PERSON_ID,VERSJON,DATO_OPPRETTET,OPPRETTET_AV,DATO_ENDRET,ENDRET_AV) VALUES ('232604772','2014','585545870',null,null,'INNTEKT','22489254','0','2020-08-05 15:25:15','srvpensjon','2020-08-05 15:25:15','srvpensjon');
INSERT INTO T_ENDR_OPPTJN_GRL (ENDR_OPPTJN_GRL_ID,OPPTJN_AR,NY_GRL_ID,UGYLDIG_GRL_ID,STATUS,K_GRUNNLAG_T,PERSON_ID,VERSJON,DATO_OPPRETTET,OPPRETTET_AV,DATO_ENDRET,ENDRET_AV) VALUES ('232604774','2016','585545872',null,null,'INNTEKT','22489254','0','2020-08-05 15:25:16','srvpensjon','2020-08-05 15:25:16','srvpensjon');
INSERT INTO T_ENDR_OPPTJN_GRL (ENDR_OPPTJN_GRL_ID,OPPTJN_AR,NY_GRL_ID,UGYLDIG_GRL_ID,STATUS,K_GRUNNLAG_T,PERSON_ID,VERSJON,DATO_OPPRETTET,OPPRETTET_AV,DATO_ENDRET,ENDRET_AV) VALUES ('232604570','1985','585545972',null,null,'INNTEKT','22489254','0','2020-08-05 15:25:07','srvpensjon','2020-08-05 15:25:07','srvpensjon');
INSERT INTO T_ENDR_OPPTJN_GRL (ENDR_OPPTJN_GRL_ID,OPPTJN_AR,NY_GRL_ID,UGYLDIG_GRL_ID,STATUS,K_GRUNNLAG_T,PERSON_ID,VERSJON,DATO_OPPRETTET,OPPRETTET_AV,DATO_ENDRET,ENDRET_AV) VALUES ('232604356','1971','585545758',null,null,'INNTEKT','22489254','0','2020-08-05 15:25:04','srvpensjon','2020-08-05 15:25:04','srvpensjon');
INSERT INTO T_ENDR_OPPTJN_GRL (ENDR_OPPTJN_GRL_ID,OPPTJN_AR,NY_GRL_ID,UGYLDIG_GRL_ID,STATUS,K_GRUNNLAG_T,PERSON_ID,VERSJON,DATO_OPPRETTET,OPPRETTET_AV,DATO_ENDRET,ENDRET_AV) VALUES ('232604566','1981','585545968',null,null,'INNTEKT','22489254','0','2020-08-05 15:25:06','srvpensjon','2020-08-05 15:25:06','srvpensjon');
INSERT INTO T_ENDR_OPPTJN_GRL (ENDR_OPPTJN_GRL_ID,OPPTJN_AR,NY_GRL_ID,UGYLDIG_GRL_ID,STATUS,K_GRUNNLAG_T,PERSON_ID,VERSJON,DATO_OPPRETTET,OPPRETTET_AV,DATO_ENDRET,ENDRET_AV) VALUES ('232604588','2003','585545990',null,null,'INNTEKT','22489254','0','2020-08-05 15:25:12','srvpensjon','2020-08-05 15:25:12','srvpensjon');
INSERT INTO T_ENDR_OPPTJN_GRL (ENDR_OPPTJN_GRL_ID,OPPTJN_AR,NY_GRL_ID,UGYLDIG_GRL_ID,STATUS,K_GRUNNLAG_T,PERSON_ID,VERSJON,DATO_OPPRETTET,OPPRETTET_AV,DATO_ENDRET,ENDRET_AV) VALUES ('232604598','2013','585546000',null,null,'INNTEKT','22489254','0','2020-08-05 15:25:15','srvpensjon','2020-08-05 15:25:15','srvpensjon');
INSERT INTO T_ENDR_OPPTJN_GRL (ENDR_OPPTJN_GRL_ID,OPPTJN_AR,NY_GRL_ID,UGYLDIG_GRL_ID,STATUS,K_GRUNNLAG_T,PERSON_ID,VERSJON,DATO_OPPRETTET,OPPRETTET_AV,DATO_ENDRET,ENDRET_AV) VALUES ('232604538','1980','585545836',null,null,'INNTEKT','22489254','0','2020-08-05 15:25:06','srvpensjon','2020-08-05 15:25:06','srvpensjon');
INSERT INTO T_ENDR_OPPTJN_GRL (ENDR_OPPTJN_GRL_ID,OPPTJN_AR,NY_GRL_ID,UGYLDIG_GRL_ID,STATUS,K_GRUNNLAG_T,PERSON_ID,VERSJON,DATO_OPPRETTET,OPPRETTET_AV,DATO_ENDRET,ENDRET_AV) VALUES ('232604770','2012','585545868',null,null,'INNTEKT','22489254','0','2020-08-05 15:25:15','srvpensjon','2020-08-05 15:25:15','srvpensjon');
INSERT INTO T_ENDR_OPPTJN_GRL (ENDR_OPPTJN_GRL_ID,OPPTJN_AR,NY_GRL_ID,UGYLDIG_GRL_ID,STATUS,K_GRUNNLAG_T,PERSON_ID,VERSJON,DATO_OPPRETTET,OPPRETTET_AV,DATO_ENDRET,ENDRET_AV) VALUES ('232604560','1975','585545962',null,null,'INNTEKT','22489254','0','2020-08-05 15:25:05','srvpensjon','2020-08-05 15:25:05','srvpensjon');
INSERT INTO T_ENDR_OPPTJN_GRL (ENDR_OPPTJN_GRL_ID,OPPTJN_AR,NY_GRL_ID,UGYLDIG_GRL_ID,STATUS,K_GRUNNLAG_T,PERSON_ID,VERSJON,DATO_OPPRETTET,OPPRETTET_AV,DATO_ENDRET,ENDRET_AV) VALUES ('232604574','1989','585545976',null,null,'INNTEKT','22489254','0','2020-08-05 15:25:09','srvpensjon','2020-08-05 15:25:09','srvpensjon');
INSERT INTO T_ENDR_OPPTJN_GRL (ENDR_OPPTJN_GRL_ID,OPPTJN_AR,NY_GRL_ID,UGYLDIG_GRL_ID,STATUS,K_GRUNNLAG_T,PERSON_ID,VERSJON,DATO_OPPRETTET,OPPRETTET_AV,DATO_ENDRET,ENDRET_AV) VALUES ('232604584','1999','585545986',null,null,'INNTEKT','22489254','0','2020-08-05 15:25:12','srvpensjon','2020-08-05 15:25:12','srvpensjon');
INSERT INTO T_ENDR_OPPTJN_GRL (ENDR_OPPTJN_GRL_ID,OPPTJN_AR,NY_GRL_ID,UGYLDIG_GRL_ID,STATUS,K_GRUNNLAG_T,PERSON_ID,VERSJON,DATO_OPPRETTET,OPPRETTET_AV,DATO_ENDRET,ENDRET_AV) VALUES ('232604590','2005','585545992',null,null,'INNTEKT','22489254','0','2020-08-05 15:25:13','srvpensjon','2020-08-05 15:25:13','srvpensjon');
INSERT INTO T_ENDR_OPPTJN_GRL (ENDR_OPPTJN_GRL_ID,OPPTJN_AR,NY_GRL_ID,UGYLDIG_GRL_ID,STATUS,K_GRUNNLAG_T,PERSON_ID,VERSJON,DATO_OPPRETTET,OPPRETTET_AV,DATO_ENDRET,ENDRET_AV) VALUES ('232604604','2019','585546006',null,null,'INNTEKT','22489254','0','2020-08-05 15:25:17','srvpensjon','2020-08-05 15:25:17','srvpensjon');
INSERT INTO T_ENDR_OPPTJN_GRL (ENDR_OPPTJN_GRL_ID,OPPTJN_AR,NY_GRL_ID,UGYLDIG_GRL_ID,STATUS,K_GRUNNLAG_T,PERSON_ID,VERSJON,DATO_OPPRETTET,OPPRETTET_AV,DATO_ENDRET,ENDRET_AV) VALUES ('232604552','1994','585545850',null,null,'INNTEKT','22489254','0','2020-08-05 15:25:10','srvpensjon','2020-08-05 15:25:10','srvpensjon');
INSERT INTO T_ENDR_OPPTJN_GRL (ENDR_OPPTJN_GRL_ID,OPPTJN_AR,NY_GRL_ID,UGYLDIG_GRL_ID,STATUS,K_GRUNNLAG_T,PERSON_ID,VERSJON,DATO_OPPRETTET,OPPRETTET_AV,DATO_ENDRET,ENDRET_AV) VALUES ('232604556','1998','585545854',null,null,'INNTEKT','22489254','0','2020-08-05 15:25:11','srvpensjon','2020-08-05 15:25:11','srvpensjon');
INSERT INTO T_ENDR_OPPTJN_GRL (ENDR_OPPTJN_GRL_ID,OPPTJN_AR,NY_GRL_ID,UGYLDIG_GRL_ID,STATUS,K_GRUNNLAG_T,PERSON_ID,VERSJON,DATO_OPPRETTET,OPPRETTET_AV,DATO_ENDRET,ENDRET_AV) VALUES ('232604760','2002','585545858',null,null,'INNTEKT','22489254','0','2020-08-05 15:25:12','srvpensjon','2020-08-05 15:25:12','srvpensjon');
INSERT INTO T_ENDR_OPPTJN_GRL (ENDR_OPPTJN_GRL_ID,OPPTJN_AR,NY_GRL_ID,UGYLDIG_GRL_ID,STATUS,K_GRUNNLAG_T,PERSON_ID,VERSJON,DATO_OPPRETTET,OPPRETTET_AV,DATO_ENDRET,ENDRET_AV) VALUES ('232604764','2006','585545862',null,null,'INNTEKT','22489254','0','2020-08-05 15:25:13','srvpensjon','2020-08-05 15:25:13','srvpensjon');
INSERT INTO T_ENDR_OPPTJN_GRL (ENDR_OPPTJN_GRL_ID,OPPTJN_AR,NY_GRL_ID,UGYLDIG_GRL_ID,STATUS,K_GRUNNLAG_T,PERSON_ID,VERSJON,DATO_OPPRETTET,OPPRETTET_AV,DATO_ENDRET,ENDRET_AV) VALUES ('232604562','1977','585545964',null,null,'INNTEKT','22489254','0','2020-08-05 15:25:06','srvpensjon','2020-08-05 15:25:06','srvpensjon');
INSERT INTO T_ENDR_OPPTJN_GRL (ENDR_OPPTJN_GRL_ID,OPPTJN_AR,NY_GRL_ID,UGYLDIG_GRL_ID,STATUS,K_GRUNNLAG_T,PERSON_ID,VERSJON,DATO_OPPRETTET,OPPRETTET_AV,DATO_ENDRET,ENDRET_AV) VALUES ('232604568','1983','585545970',null,null,'INNTEKT','22489254','0','2020-08-05 15:25:07','srvpensjon','2020-08-05 15:25:07','srvpensjon');
INSERT INTO T_ENDR_OPPTJN_GRL (ENDR_OPPTJN_GRL_ID,OPPTJN_AR,NY_GRL_ID,UGYLDIG_GRL_ID,STATUS,K_GRUNNLAG_T,PERSON_ID,VERSJON,DATO_OPPRETTET,OPPRETTET_AV,DATO_ENDRET,ENDRET_AV) VALUES ('232604580','1995','585545982',null,null,'INNTEKT','22489254','0','2020-08-05 15:25:10','srvpensjon','2020-08-05 15:25:10','srvpensjon');
INSERT INTO T_ENDR_OPPTJN_GRL (ENDR_OPPTJN_GRL_ID,OPPTJN_AR,NY_GRL_ID,UGYLDIG_GRL_ID,STATUS,K_GRUNNLAG_T,PERSON_ID,VERSJON,DATO_OPPRETTET,OPPRETTET_AV,DATO_ENDRET,ENDRET_AV) VALUES ('232604586','2001','585545988',null,null,'INNTEKT','22489254','0','2020-08-05 15:25:12','srvpensjon','2020-08-05 15:25:12','srvpensjon');
INSERT INTO T_ENDR_OPPTJN_GRL (ENDR_OPPTJN_GRL_ID,OPPTJN_AR,NY_GRL_ID,UGYLDIG_GRL_ID,STATUS,K_GRUNNLAG_T,PERSON_ID,VERSJON,DATO_OPPRETTET,OPPRETTET_AV,DATO_ENDRET,ENDRET_AV) VALUES ('232604592','2007','585545994',null,null,'INNTEKT','22489254','0','2020-08-05 15:25:13','srvpensjon','2020-08-05 15:25:13','srvpensjon');
INSERT INTO T_ENDR_OPPTJN_GRL (ENDR_OPPTJN_GRL_ID,OPPTJN_AR,NY_GRL_ID,UGYLDIG_GRL_ID,STATUS,K_GRUNNLAG_T,PERSON_ID,VERSJON,DATO_OPPRETTET,OPPRETTET_AV,DATO_ENDRET,ENDRET_AV) VALUES ('232604530','1972','585545828',null,null,'INNTEKT','22489254','0','2020-08-05 15:25:04','srvpensjon','2020-08-05 15:25:04','srvpensjon');
INSERT INTO T_ENDR_OPPTJN_GRL (ENDR_OPPTJN_GRL_ID,OPPTJN_AR,NY_GRL_ID,UGYLDIG_GRL_ID,STATUS,K_GRUNNLAG_T,PERSON_ID,VERSJON,DATO_OPPRETTET,OPPRETTET_AV,DATO_ENDRET,ENDRET_AV) VALUES ('232604532','1974','585545830',null,null,'INNTEKT','22489254','0','2020-08-05 15:25:05','srvpensjon','2020-08-05 15:25:05','srvpensjon');
INSERT INTO T_ENDR_OPPTJN_GRL (ENDR_OPPTJN_GRL_ID,OPPTJN_AR,NY_GRL_ID,UGYLDIG_GRL_ID,STATUS,K_GRUNNLAG_T,PERSON_ID,VERSJON,DATO_OPPRETTET,OPPRETTET_AV,DATO_ENDRET,ENDRET_AV) VALUES ('232604534','1976','585545832',null,null,'INNTEKT','22489254','0','2020-08-05 15:25:05','srvpensjon','2020-08-05 15:25:05','srvpensjon');
INSERT INTO T_ENDR_OPPTJN_GRL (ENDR_OPPTJN_GRL_ID,OPPTJN_AR,NY_GRL_ID,UGYLDIG_GRL_ID,STATUS,K_GRUNNLAG_T,PERSON_ID,VERSJON,DATO_OPPRETTET,OPPRETTET_AV,DATO_ENDRET,ENDRET_AV) VALUES ('232604536','1978','585545834',null,null,'INNTEKT','22489254','0','2020-08-05 15:25:06','srvpensjon','2020-08-05 15:25:06','srvpensjon');
INSERT INTO T_ENDR_OPPTJN_GRL (ENDR_OPPTJN_GRL_ID,OPPTJN_AR,NY_GRL_ID,UGYLDIG_GRL_ID,STATUS,K_GRUNNLAG_T,PERSON_ID,VERSJON,DATO_OPPRETTET,OPPRETTET_AV,DATO_ENDRET,ENDRET_AV) VALUES ('232604540','1982','585545838',null,null,'INNTEKT','22489254','0','2020-08-05 15:25:07','srvpensjon','2020-08-05 15:25:07','srvpensjon');
INSERT INTO T_ENDR_OPPTJN_GRL (ENDR_OPPTJN_GRL_ID,OPPTJN_AR,NY_GRL_ID,UGYLDIG_GRL_ID,STATUS,K_GRUNNLAG_T,PERSON_ID,VERSJON,DATO_OPPRETTET,OPPRETTET_AV,DATO_ENDRET,ENDRET_AV) VALUES ('232604564','1979','585545966',null,null,'INNTEKT','22489254','0','2020-08-05 15:25:06','srvpensjon','2020-08-05 15:25:06','srvpensjon');
INSERT INTO T_ENDR_OPPTJN_GRL (ENDR_OPPTJN_GRL_ID,OPPTJN_AR,NY_GRL_ID,UGYLDIG_GRL_ID,STATUS,K_GRUNNLAG_T,PERSON_ID,VERSJON,DATO_OPPRETTET,OPPRETTET_AV,DATO_ENDRET,ENDRET_AV) VALUES ('232604594','2009','585545996',null,null,'INNTEKT','22489254','0','2020-08-05 15:25:14','srvpensjon','2020-08-05 15:25:14','srvpensjon');
INSERT INTO T_ENDR_OPPTJN_GRL (ENDR_OPPTJN_GRL_ID,OPPTJN_AR,NY_GRL_ID,UGYLDIG_GRL_ID,STATUS,K_GRUNNLAG_T,PERSON_ID,VERSJON,DATO_OPPRETTET,OPPRETTET_AV,DATO_ENDRET,ENDRET_AV) VALUES ('232604602','2017','585546004',null,null,'INNTEKT','22489254','0','2020-08-05 15:25:16','srvpensjon','2020-08-05 15:25:16','srvpensjon');
INSERT INTO T_ENDR_OPPTJN_GRL (ENDR_OPPTJN_GRL_ID,OPPTJN_AR,NY_GRL_ID,UGYLDIG_GRL_ID,STATUS,K_GRUNNLAG_T,PERSON_ID,VERSJON,DATO_OPPRETTET,OPPRETTET_AV,DATO_ENDRET,ENDRET_AV) VALUES ('232604542','1984','585545840',null,null,'INNTEKT','22489254','0','2020-08-05 15:25:07','srvpensjon','2020-08-05 15:25:07','srvpensjon');
INSERT INTO T_ENDR_OPPTJN_GRL (ENDR_OPPTJN_GRL_ID,OPPTJN_AR,NY_GRL_ID,UGYLDIG_GRL_ID,STATUS,K_GRUNNLAG_T,PERSON_ID,VERSJON,DATO_OPPRETTET,OPPRETTET_AV,DATO_ENDRET,ENDRET_AV) VALUES ('232604554','1996','585545852',null,null,'INNTEKT','22489254','0','2020-08-05 15:25:11','srvpensjon','2020-08-05 15:25:11','srvpensjon');
INSERT INTO T_ENDR_OPPTJN_GRL (ENDR_OPPTJN_GRL_ID,OPPTJN_AR,NY_GRL_ID,UGYLDIG_GRL_ID,STATUS,K_GRUNNLAG_T,PERSON_ID,VERSJON,DATO_OPPRETTET,OPPRETTET_AV,DATO_ENDRET,ENDRET_AV) VALUES ('232604762','2004','585545860',null,null,'INNTEKT','22489254','0','2020-08-05 15:25:13','srvpensjon','2020-08-05 15:25:13','srvpensjon');
INSERT INTO T_ENDR_OPPTJN_GRL (ENDR_OPPTJN_GRL_ID,OPPTJN_AR,NY_GRL_ID,UGYLDIG_GRL_ID,STATUS,K_GRUNNLAG_T,PERSON_ID,VERSJON,DATO_OPPRETTET,OPPRETTET_AV,DATO_ENDRET,ENDRET_AV) VALUES ('232604582','1997','585545984',null,null,'INNTEKT','22489254','0','2020-08-05 15:25:11','srvpensjon','2020-08-05 15:25:11','srvpensjon');
INSERT INTO T_ENDR_OPPTJN_GRL (ENDR_OPPTJN_GRL_ID,OPPTJN_AR,NY_GRL_ID,UGYLDIG_GRL_ID,STATUS,K_GRUNNLAG_T,PERSON_ID,VERSJON,DATO_OPPRETTET,OPPRETTET_AV,DATO_ENDRET,ENDRET_AV) VALUES ('232604596','2011','585545998',null,null,'INNTEKT','22489254','0','2020-08-05 15:25:15','srvpensjon','2020-08-05 15:25:15','srvpensjon');
INSERT INTO T_ENDR_OPPTJN_GRL (ENDR_OPPTJN_GRL_ID,OPPTJN_AR,NY_GRL_ID,UGYLDIG_GRL_ID,STATUS,K_GRUNNLAG_T,PERSON_ID,VERSJON,DATO_OPPRETTET,OPPRETTET_AV,DATO_ENDRET,ENDRET_AV) VALUES ('232604544','1986','585545842',null,null,'INNTEKT','22489254','0','2020-08-05 15:25:08','srvpensjon','2020-08-05 15:25:08','srvpensjon');
INSERT INTO T_ENDR_OPPTJN_GRL (ENDR_OPPTJN_GRL_ID,OPPTJN_AR,NY_GRL_ID,UGYLDIG_GRL_ID,STATUS,K_GRUNNLAG_T,PERSON_ID,VERSJON,DATO_OPPRETTET,OPPRETTET_AV,DATO_ENDRET,ENDRET_AV) VALUES ('232604546','1988','585545844',null,null,'INNTEKT','22489254','0','2020-08-05 15:25:08','srvpensjon','2020-08-05 15:25:08','srvpensjon');
INSERT INTO T_ENDR_OPPTJN_GRL (ENDR_OPPTJN_GRL_ID,OPPTJN_AR,NY_GRL_ID,UGYLDIG_GRL_ID,STATUS,K_GRUNNLAG_T,PERSON_ID,VERSJON,DATO_OPPRETTET,OPPRETTET_AV,DATO_ENDRET,ENDRET_AV) VALUES ('232604548','1990','585545846',null,null,'INNTEKT','22489254','0','2020-08-05 15:25:09','srvpensjon','2020-08-05 15:25:09','srvpensjon');
INSERT INTO T_ENDR_OPPTJN_GRL (ENDR_OPPTJN_GRL_ID,OPPTJN_AR,NY_GRL_ID,UGYLDIG_GRL_ID,STATUS,K_GRUNNLAG_T,PERSON_ID,VERSJON,DATO_OPPRETTET,OPPRETTET_AV,DATO_ENDRET,ENDRET_AV) VALUES ('232604758','2000','585545856',null,null,'INNTEKT','22489254','0','2020-08-05 15:25:12','srvpensjon','2020-08-05 15:25:12','srvpensjon');
INSERT INTO T_ENDR_OPPTJN_GRL (ENDR_OPPTJN_GRL_ID,OPPTJN_AR,NY_GRL_ID,UGYLDIG_GRL_ID,STATUS,K_GRUNNLAG_T,PERSON_ID,VERSJON,DATO_OPPRETTET,OPPRETTET_AV,DATO_ENDRET,ENDRET_AV) VALUES ('232604572','1987','585545974',null,null,'INNTEKT','22489254','0','2020-08-05 15:25:08','srvpensjon','2020-08-05 15:25:08','srvpensjon');
